iteration,instance_id,instance_name,instance_selection,transitions,reward,mean_return,fulfillment_rate_mean,fulfillment_rate_std,fulfillment_rate_min,fulfillment_rate_max,loss,policy_loss,value_loss,entropy,approx_kl,clip_fraction,learning_rate,discard_count,completion_count,steps_per_second,elapsed_seconds,rollout_seconds,update_seconds,fluid_solve_count,fluid_solve_seconds,policy_forward_count,policy_forward_seconds,avg_action_tokens,max_action_tokens,padding_ratio,actor_batch_size_mean,episode_count,episode_transition_mean,episode_transition_std,episode_seconds_mean,episode_seconds_std,policy_act_seconds,simulator_step_seconds,obs_build_seconds,rollout_device,update_device,cpu_memory_mb,gpu_memory_mb,gpu_temperature,fluid_cache_hit_count,fluid_fallback_count,sparse_attention_enabled,sparse_attention_scope
0,1,DDT500_num50.txt,fixed,512,-106.0,-3.8402504758426677,0.18000000715255737,0.03162277862429619,0.14000000059604645,0.2199999988079071,6.98498026902477,0.30839130903283757,13.371776342391968,0.9299238622188568,-1.9507947687791294e-10,0.0,0.0003,142,36,4.2429234526701505,120.67151474952698,,,,,,,,,,,,,,,,,,,,,,,,,,,
1,1,DDT500_num50.txt,fixed,506,-120.0,-7.201103168297572,0.1550000011920929,0.016583126038312912,0.14000000059604645,0.18000000715255737,9.258885338192893,0.2448135174456097,18.04612476485116,0.8990502868379865,1.3113957280705545e-06,0.0,0.0003,151,31,2.165660608260822,233.64695191383362,,,,,,,,,,,,,,,,,,,,,,,,,,,
2,1,DDT500_num50.txt,fixed,505,-112.0,-8.84428460937669,0.18000000715255737,0.03999999910593033,0.14000000059604645,0.2199999988079071,10.095013209751674,0.21961254819429346,19.76910098393758,0.9149827446256366,8.162958800081047e-06,0.0,0.0003,148,36,2.220809808040725,227.3945288658142,,,,,,,,,,,,,,,,,,,,,,,,,,,
0,1,DDT500_num50.txt,fixed,512,-127.0,-4.64787694341767,0.14500001072883606,0.03570714220404625,0.10000000149011612,0.20000000298023224,10.099685614307722,0.10727358009252283,20.003077745437622,0.9126840002006955,6.229026615499499e-10,0.0,0.0003,156,29,8.437641076910518,60.68046689033508,,,,,,,,,,,,,,,,,,,,,,,,,,,
1,1,DDT500_num50.txt,fixed,512,-118.0,-6.306086962179991,0.17000000178813934,0.022360682487487793,0.14000000059604645,0.20000000298023224,5.183391626392092,-0.024961920898585094,10.433247895467849,0.8270423383939833,2.0001266991848912e-09,0.0,0.0003,152,34,1.94835434805171,262.7858738899231,,,,,,,,,,,,,,,,,,,,,,,,,,,
0,1,DDT500_num50.txt,fixed,512,-100.0,-3.535017379868674,0.18571428954601288,0.0284999068826437,0.1428571492433548,0.2199999988079071,6.4639241377512615,0.002194417764743169,12.938626194000244,0.7583397587140401,0.00023189091067858195,0.0,0.0003,137,37,7.958521036187836,64.3335611820221,63.02533745765686,1.3082044124603271,448,1.5942074980121106,389,27.525913600809872,2.869140633381903,13.0,0.9982884374999997,1.3161953727506426,,,,,,,,,,,,,,,,,
1,1,DDT500_num50.txt,fixed,511,-111.0,-5.568699824576542,0.1733333319425583,0.02828427031636238,0.13333334028720856,0.20000000298023224,5.16000015437603,-0.14522969524065654,10.625600401560465,0.7570336103439331,0.00011815537888348142,0.0,0.0003,145,34,9.59651224483977,53.248512268066406,52.18583679199219,1.0626494884490967,140,0.4521539999404922,373,24.554640399524942,3.0469667384302546,17.0,0.9984666927592966,1.3699731903485255,,,,,,,,,,,,,,,,,
2,1,DDT500_num50.txt,fixed,512,-78.0,-6.236378756622244,0.21000000834465027,0.033166248351335526,0.1599999964237213,0.23999999463558197,3.7637158075968427,-0.015425540258487065,7.573210461934408,0.7463860472043355,0.00015611624821758595,0.0,0.0003,120,42,11.171427645454527,45.83120584487915,44.557130336761475,1.2740635871887207,176,0.385404400061816,365,20.415613500983454,2.9023437588475645,11.0,0.9985010416666671,1.4027397260273973,,,,,,,,,,,,,,,,,
3,1,DDT500_num50.txt,fixed,512,-121.0,-9.122126484598692,0.17499998211860657,0.01658312790095806,0.1599999964237213,0.20000000298023224,7.625426228841146,-0.12042180001735688,15.508048280080159,0.8176052053769429,0.0005688788058857123,0.0005649717524647713,0.0003,156,35,10.675978464356659,47.95813345909119,46.463481187820435,1.4946238994598389,168,0.37155269912909716,369,20.321879799710587,3.199218763038516,14.0,0.9982464062500003,1.3875338753387534,,,,,,,,,,,,,,,,,
4,1,DDT500_num50.txt,fixed,499,-113.0,-9.592135497441197,0.18112245202064514,0.04351523518562317,0.11999999731779099,0.22448979318141937,7.211114660898844,-0.06146686337888241,14.561599699656169,0.8218317230542501,0.0012784999642462935,0.01179633221278588,0.0003,149,36,10.391676024784326,48.01920294761658,46.993613958358765,1.0255746841430664,114,0.2408221991499886,354,21.990829398971982,3.0721442990885945,13.0,0.9983196793587199,1.4096045197740112,,,,,,,,,,,,,,,,,
5,1,DDT500_num50.txt,fixed,512,-108.0,-9.973292023129263,0.16499999165534973,0.01658312790095806,0.14000000059604645,0.18000000715255737,8.830501254399618,0.01301746666431427,17.650431569417318,0.7732021450996399,0.0002734625835122036,0.0,0.0003,141,33,9.439084901727433,54.24254631996155,52.879480600357056,1.3630504608154297,159,0.4377382983220741,367,25.950084798620082,2.8242187574505806,14.0,0.9983318750000016,1.3950953678474114,,,,,,,,,,,,,,,,,
6,1,DDT500_num50.txt,fixed,511,-85.0,-9.430718728678864,0.2150000035762787,0.016583120450377464,0.20000000298023224,0.23999999463558197,4.473723824818929,-0.02332890878121058,9.009891668955484,0.7893195231755574,0.002210688105272614,0.035145921446383,0.0003,128,43,10.215951473660352,50.01981472969055,48.80055284500122,1.2192447185516357,198,0.5161870995070785,356,24.38354049914051,2.9315068539807942,15.0,0.9983645662100465,1.4353932584269662,,,,,,,,,,,,,,,,,
7,1,DDT500_num50.txt,fixed,498,-126.0,-11.480899362304276,0.1550000011920929,0.04555216804146767,0.10000000149011612,0.20000000298023224,8.938500928878785,-0.10674344366416336,18.10771754582723,0.8614593227704366,0.0024728758461302885,0.04151334296911955,0.0003,157,31,9.729729083131083,51.18333673477173,49.954784870147705,1.2285356521606445,140,0.32762929960153997,347,25.296122899628244,3.2028112619756217,15.0,0.9982595983935755,1.4351585014409223,,,,,,,,,,,,,,,,,
8,1,DDT500_num50.txt,fixed,509,-87.0,-10.199018223139403,0.19499999284744263,0.047696955502033234,0.14000000059604645,0.25999999046325684,6.270376745859782,-0.022531133393446603,12.600488599141439,0.7336366812388102,0.000613395616805216,0.0023420646786689757,0.0003,126,39,7.911575293265808,64.33611273765564,63.19840383529663,1.1376948356628418,137,0.3077471012948081,370,31.79142350004986,2.7465618947165886,10.0,0.9984611918795022,1.3756756756756756,,,,,,,,,,,,,,,,,
9,1,DDT500_num50.txt,fixed,509,-105.0,-11.281412403057631,0.18000000715255737,0.06324554979801178,0.10000000149011612,0.25999999046325684,7.024368413289388,-0.1479714423418045,14.360212135314942,0.7766196211179097,0.00016986366334397946,0.0,0.0003,141,36,11.332911078275343,44.91343808174133,43.810391664505005,1.1030266284942627,152,0.362234199536033,354,21.59979499853216,3.104125744701603,17.0,0.9983841781270474,1.4378531073446328,,,,,,,,,,,,,,,,,
10,1,DDT500_num50.txt,fixed,496,-126.0,-12.597003514784117,0.1550000011920929,0.021794497966766357,0.11999999731779099,0.18000000715255737,9.72117150624593,-0.08516471094141403,19.628842035929363,0.80847088098526,6.384864239710926e-05,0.0,0.0003,157,31,13.267439100670497,37.38475799560547,36.47490382194519,0.9098422527313232,159,0.32033459993544966,331,20.111674199579284,3.133064523819954,13.0,0.9982046774193561,1.498489425981873,,,,,,,,,,,,,,,,,
11,1,DDT500_num50.txt,fixed,509,-128.0,-12.902164682381516,0.14000000059604645,0.03741657733917236,0.07999999821186066,0.18000000715255737,9.935307598114013,-0.14918943047523497,20.185070737202963,0.803831152121226,0.0006955751860308131,0.0,0.0003,156,28,13.167931180932955,38.654515504837036,37.56601095199585,1.088491678237915,170,0.34646280051674694,342,21.157051401096396,3.0923379261507735,13.0,0.9984173935821882,1.4883040935672514,,,,,,,,,,,,,,,,,
12,1,DDT500_num50.txt,fixed,512,-128.0,-13.14903600962914,0.1550000011920929,0.016583126038312912,0.14000000059604645,0.18000000715255737,8.356004174550375,-0.06277478833993276,16.853369649251302,0.790576962629954,0.0010862741253276909,0.013124973761538665,0.0003,159,31,13.116888756575444,39.03364658355713,37.651572465896606,1.3820602893829346,125,0.24745529936626554,352,20.275959300226532,3.0195312593132257,16.0,0.9982527604166674,1.4545454545454546,,,,,,,,,,,,,,,,,
13,1,DDT500_num50.txt,fixed,493,-126.0,-13.554176713810671,0.13236111402511597,0.057276640087366104,0.04444444552063942,0.20000000298023224,11.242704725265503,-0.12682628234227497,22.754917240142824,0.7927544871966045,0.0005196360906362922,0.0072536913057168325,0.0003,151,25,12.919276608634949,38.16003131866455,36.762924909591675,1.3970718383789062,120,0.22915410005953163,344,20.34704200120177,3.1602434207653176,26.0,0.9983405003380664,1.433139534883721,,,,,,,,,,,,,,,,,
14,1,DDT500_num50.txt,fixed,503,-113.0,-13.254933661197917,0.16499999165534973,0.038405731320381165,0.11999999731779099,0.2199999988079071,10.122384198506673,-0.13194394409656524,20.524490610758463,0.7917266885439554,0.00014123112965004717,0.0,0.0003,146,33,12.630270063895464,39.82495999336243,38.54107069969177,1.2838685512542725,151,0.30637850193306804,340,20.921796999755315,2.998011939331267,13.0,0.9984426242544729,1.4794117647058824,,,,,,,,,,,,,,,,,
15,1,DDT500_num50.txt,fixed,504,-138.0,-14.540766459614229,0.12999999523162842,0.033166248351335526,0.10000000149011612,0.18000000715255737,11.198117891947428,-0.07002179337044558,22.55264727274577,0.8183785200119018,0.0016790294260620915,0.02346183036764463,0.0003,164,26,8.74848610634914,57.60996747016907,56.20981311798096,1.4001376628875732,143,0.3495819019153714,361,27.654459900106303,3.0932539824455505,16.0,0.9981989417989436,1.3961218836565097,,,,,,,,,,,,,,,,,
16,1,DDT500_num50.txt,fixed,512,-111.0,-13.727427398019245,0.16555555164813995,0.03920506685972214,0.11999999731779099,0.2222222238779068,8.203584353129068,-0.14176189651091894,16.706041208902995,0.7674496253331502,0.0012601176630899621,0.01417967677116394,0.0003,143,32,8.063764658571333,63.493916511535645,62.25066781044006,1.2432355880737305,164,0.3812566000269726,383,32.327278500655666,3.017578133381903,13.0,0.9983768229166683,1.3368146214099217,,,,,,,,,,,,,,,,,
17,1,DDT500_num50.txt,fixed,503,-127.0,-14.607374795225201,0.1550000011920929,0.03278719633817673,0.10000000149011612,0.18000000715255737,10.81757574081421,-0.06860617796579997,21.790273221333823,0.8954642335573832,9.477495973442274e-06,0.0,0.0003,158,31,7.991273160487901,62.94366240501404,61.72314500808716,1.220491886138916,149,0.36782010027673095,361,29.786583801032975,3.3280318209949593,13.0,0.9981563949635527,1.3933518005540166,,,,,,,,,,,,,,,,,
18,1,DDT500_num50.txt,fixed,507,-124.0,-14.867743292572959,0.16500000655651093,0.02958040125668049,0.11999999731779099,0.20000000298023224,8.733448441823324,-0.10637552340825399,17.69640693664551,0.8379585782686869,6.282496036646989e-06,0.0,0.0003,157,33,8.169488399165973,62.060189723968506,60.7742874622345,1.2858872413635254,125,0.29692850017454475,367,30.448013500194065,3.3491124410836184,15.0,0.9982230637738339,1.3814713896457766,,,,,,,,,,,,,,,,,
19,1,DDT500_num50.txt,fixed,506,-135.0,-15.526029472438516,0.1550000011920929,0.021794497966766357,0.11999999731779099,0.18000000715255737,10.820042737325032,-0.023611118892828624,21.704138819376627,0.8415578842163086,3.2909549503301605e-06,0.0,0.0003,166,31,8.277924234964045,61.12643527984619,59.93855094909668,1.1878671646118164,172,0.43067990138661116,361,29.882141698384658,3.2272727345760632,17.0,0.9981649538866941,1.4016620498614958,,,,,,,,,,,,,,,,,
20,1,DDT500_num50.txt,fixed,502,-130.0,-15.728772125975949,0.13500000536441803,0.02958040125668049,0.10000000149011612,0.18000000715255737,11.24278990427653,-0.0883931724044184,22.677837785085043,0.7735557794570923,4.69231129234989e-06,0.0,0.0003,157,27,12.720957704401698,39.46243762969971,38.01898908615112,1.4434359073638916,131,0.36393509991467,343,20.300958500127308,3.0776892541889174,11.0,0.9983458698539188,1.4635568513119535,,,,,,,,,,,,,,,,,
21,1,DDT500_num50.txt,fixed,512,-114.0,-15.329509794637747,0.17499999701976776,0.04092676192522049,0.14000000059604645,0.23999999463558197,9.932651774088542,-0.07690359503030778,20.03551330566406,0.820117978254954,1.2626962811642292e-05,0.0,0.0003,149,35,13.421922706099224,38.146546602249146,37.18573808670044,0.9607961177825928,152,0.2853367003845051,343,18.754633701057173,3.1171875132713467,16.0,0.9983021354166673,1.4927113702623906,,,,,,,,,,,,,,,,,
22,1,DDT500_num50.txt,fixed,509,-121.0,-15.973613110772028,0.158005952835083,0.0420178584754467,0.11999999731779099,0.2291666716337204,10.340367698669434,0.032732636729876204,20.630550829569497,0.7640456040700276,4.263890681273826e-07,0.0,0.0003,151,30,13.403611974902978,37.97483849525452,36.743290185928345,1.2315354347229004,133,0.25874039938207716,339,20.007004398969002,2.8349705400541865,12.0,0.998292861820564,1.5014749262536873,,,,,,,,,,,,,,,,,
23,1,DDT500_num50.txt,fixed,508,-121.0,-16.262062841807147,0.1584782600402832,0.018603160977363586,0.14000000059604645,0.18000000715255737,9.470941352844239,0.017947433392206828,18.921736208597817,0.7874016086260478,1.3329833562873242e-07,0.0,0.0003,152,31,13.388248120693257,37.943724632263184,36.89842963218689,1.0452816486358643,174,0.37014549993909895,333,19.478668499854393,2.98622048816343,18.0,0.9983258267716543,1.5255255255255256,,,,,,,,,,,,,,,,,
24,1,DDT500_num50.txt,fixed,500,-120.0,-16.5599777451956,0.16499999165534973,0.03278719261288643,0.14000000059604645,0.2199999988079071,11.335619417826335,-0.05298218528429667,22.79357884724935,0.8188029090563457,1.4429558537661553e-06,0.0,0.0003,153,33,13.479472187526863,37.093440532684326,36.11295938491821,0.9804685115814209,191,0.3944522001547739,336,18.996012599323876,3.094000018358231,13.0,0.9983055466666673,1.4880952380952381,,,,,,,,,,,,,,,,,
25,1,DDT500_num50.txt,fixed,511,-108.0,-16.323338092714003,0.18000000715255737,0.024494897574186325,0.1599999964237213,0.2199999988079071,10.473469797770182,0.08102748245000839,20.800912030537923,0.8013403375943502,1.0663411555829801e-06,0.0,0.0003,144,36,13.562174288366403,37.6783242225647,36.676849603652954,1.0014610290527344,189,0.3849038996268064,342,19.11986379965674,2.855185923511035,15.0,0.9982842009132424,1.4941520467836258,,,,,,,,,,,,,,,,,
26,1,DDT500_num50.txt,fixed,483,-126.0,-17.34291047522956,0.1550000011920929,0.055452682077884674,0.10000000149011612,0.2199999988079071,13.838347625732421,-0.15637062216798464,28.006001790364582,0.8282583793004353,1.4278063495964943e-07,0.0,0.0003,157,31,11.713970132143096,41.23281812667847,39.83569288253784,1.3971123695373535,162,0.31830299959983677,339,20.021393901319243,3.3105590229942683,21.0,0.9983270117322297,1.424778761061947,,,,,,,,,,,,,,,,,
27,1,DDT500_num50.txt,fixed,503,-126.0,-17.6050265702918,0.15145832300186157,0.0296177938580513,0.11999999731779099,0.20000000298023224,13.141844177246094,-0.07041026502847672,26.440326245625815,0.790855610370636,3.080454751132796e-07,0.0,0.0003,156,30,11.968374311227826,42.02742886543274,40.66486167907715,1.3625547885894775,141,0.3514850994106382,344,19.2749889009865,3.057654092373478,14.0,0.9984336646785954,1.4622093023255813,,,,,,,,,,,,,,,,,
28,1,DDT500_num50.txt,fixed,506,-115.0,-17.469668791534705,0.17083333432674408,0.06286559253931046,0.0833333358168602,0.25999999046325684,12.240111287434896,-0.08176199694474538,24.658734703063963,0.7493818004926046,2.312056174010498e-06,0.0,0.0003,149,34,13.431777084876973,37.671858072280884,36.2596595287323,1.412186622619629,156,0.32069299987051636,338,20.172326600993983,3.059288547208658,14.0,0.9984260342555995,1.4970414201183433,,,,,,,,,,,,,,,,,
29,1,DDT500_num50.txt,fixed,510,-129.0,-18.270901057789743,0.15581633150577545,0.009228347800672054,0.14000000059604645,0.16326530277729034,12.361508878072103,-0.06125929554303487,24.862766393025716,0.8615351359049479,3.3913770963067693e-06,0.0,0.0003,160,31,11.850210094225261,43.037211656570435,41.97419452667236,1.0630052089691162,126,0.2508994999807328,350,20.90755910007283,3.2254902054281795,15.0,0.9981065620915046,1.457142857142857,,,,,,,,,,,,,,,,,
30,1,DDT500_num50.txt,fixed,512,-94.0,-17.302214182784475,0.1899999976158142,0.017320509999990463,0.1599999964237213,0.20000000298023224,12.74023078282674,-0.08316728721062343,25.662313588460286,0.7758698383967082,4.810438723801269e-05,0.0,0.0003,132,38,10.326222335545195,49.582507848739624,48.41191792488098,1.1705706119537354,184,0.46966030076146126,348,23.683026300859638,3.039062514901161,20.0,0.9983644791666669,1.471264367816092,,,,,,,,,,,,,,,,,
31,1,DDT500_num50.txt,fixed,512,-102.0,-17.718474881459436,0.1899999976158142,0.009999997913837433,0.18000000715255737,0.20000000298023224,12.169026374816895,0.06665259450674058,24.220720036824545,0.7986279129981995,0.00012315175368703043,0.0,0.0003,140,38,10.14029835492274,50.49161100387573,49.3586905002594,1.1329047679901123,159,0.39588240010198206,352,24.417614699807018,2.8027343824505806,11.0,0.998261979166668,1.4545454545454546,,,,,,,,,,,,,,,,,
32,1,DDT500_num50.txt,fixed,492,-129.0,-18.99084327034997,0.14999999105930328,0.030000001192092896,0.11999999731779099,0.20000000298023224,14.374474334716798,-0.13288303713003793,29.03127161661784,0.8278606335322062,0.0002703955949679463,0.0,0.0003,159,30,10.25234790023311,47.98900747299194,46.92013597488403,1.0688557624816895,145,0.3534546991577372,336,22.170393500477076,3.239837409034977,14.0,0.9983675338753398,1.4642857142857142,,,,,,,,,,,,,,,,,
33,1,DDT500_num50.txt,fixed,508,-106.0,-18.2332565261009,0.1899999976158142,0.029999997466802597,0.1599999964237213,0.23999999463558197,12.851176945368449,-0.13279176553090413,25.98241399129232,0.7238395929336547,0.00014951166813261806,0.0,0.0003,144,38,10.357380422576249,49.04715085029602,47.85807681083679,1.1890590190887451,177,0.5469617992639542,323,20.134142798837274,2.907480325520508,13.0,0.9985283464566933,1.5727554179566563,,,,,,,,,,,,,,,,,
34,1,DDT500_num50.txt,fixed,503,-115.0,-18.7666232009378,0.16500000655651093,0.02958040125668049,0.11999999731779099,0.20000000298023224,13.889562320709228,-0.04459336722890536,27.884199142456055,0.7943848927815755,4.489759885473177e-05,0.0,0.0003,148,33,8.357513298543724,60.18536639213562,58.631781578063965,1.55357027053833,141,0.33716620062477887,362,28.745433000964113,3.133200803049516,16.0,0.9983303909874103,1.3895027624309393,,,,,,,,,,,,,,,,,
0,1,DDT500_num50.txt,fixed,1101,-5.16,-0.04125496192825668,0.17750000953674316,0.015612497925758362,0.1599999964237213,0.20000000298023224,0.016474661231040955,0.022391374905904135,0.003878207178786397,0.7855814973513285,0.0005434497493297386,0.0032534392861028514,0.0003,329,71,9.20805038496446,119.56928491592407,117.3599443435669,2.20932674407959,1262,3.7728025964461267,442,78.38220859959256,2.8891916817475405,13.0,0.9982426884650312,2.490950226244344,8,137.625,2.912795066833496,116.6785888671875,0.4620897173881531,,,,,,,,,,,,
1,1,DDT500_num50.txt,fixed,1055,-5.32,-0.13235192517497932,0.16749998927116394,0.06703543663024902,0.10000000149011612,0.3199999928474426,-0.1417602946360906,-0.13583520477016767,0.0044876295995588105,0.8168904463450114,0.000323895609350681,0.0011801899100343386,0.0003,333,67,8.983242196509114,117.44089460372925,115.7590401172638,1.6818315982818604,821,2.4290665016742423,445,76.0626335988054,3.2009479053777543,18.0,0.9983884992101091,2.3707865168539324,8,131.875,12.761636734008789,111.59662628173828,3.3632466793060303,,,,,,,,,,,,
2,1,DDT500_num50.txt,fixed,1058,-4.76,-0.16531655570506953,0.20250001549720764,0.033819373697042465,0.1599999964237213,0.2800000011920929,0.00135462482770284,0.007224440574645996,0.004356405224340657,0.8048021038373311,0.0002967713077547766,0.0014684287210305531,0.0003,319,81,10.472530486776781,101.02620387077332,99.04838490486145,1.9778087139129639,817,2.3306555984308943,422,64.81824719929136,3.1049149716959556,17.0,0.9982512917454304,2.5071090047393363,8,132.25,4.656983852386475,97.20868682861328,1.5313316583633423,,,,,,,,,,,,
3,1,DDT500_num50.txt,fixed,1089,-4.92,-0.21938520583244303,0.1925000101327896,0.039921797811985016,0.10000000149011612,0.23999999463558197,-0.061880332231521604,-0.05614255368709564,0.004488138284068554,0.7981855034828186,0.0003316383434063634,0.002021116204559803,0.0003,323,77,8.069047845822436,134.96016144752502,133.11910152435303,1.84104323387146,1430,4.664685599273071,462,83.53229370049667,3.134986256327073,18.0,0.9983157392102837,2.357142857142857,8,136.125,6.253748893737793,130.33815002441406,3.819960117340088,,,,,,,,,,,,
4,1,DDT500_num50.txt,fixed,1107,-4.88,-0.2549692973764116,0.19500000774860382,0.05454355850815773,0.10000000149011612,0.2800000011920929,0.018851014226675032,0.02431826516985893,0.00496068726060912,0.7947594443957011,0.002497410045180004,0.03602650798857212,0.0003,322,78,7.859114175483731,140.8555691242218,139.16535186767578,1.6902005672454834,392,1.1364700000267476,482,89.13632150006015,2.976513125601392,18.0,0.9983383559168915,2.296680497925311,8,138.375,9.40661334991455,135.1265411376953,4.890998840332031,,,,,,,,,,,,
5,1,DDT500_num50.txt,fixed,1040,-5.48,-0.30558764094725155,0.1574999988079071,0.027271782979369164,0.11999999731779099,0.20000000298023224,-0.141641017049551,-0.13700087840358416,0.00691223309841007,0.8096249222755432,0.001567548150918204,0.014251055878897507,0.0003,337,63,7.618282706985319,136.51370525360107,134.7834005355835,1.7302930355072021,420,1.3358921989565715,446,86.58067399961874,3.2596154139592097,22.0,0.9984212564102564,2.3318385650224216,8,130.0,7.449832439422607,131.74432373046875,2.7604641914367676,,,,,,,,,,,,
6,1,DDT500_num50.txt,fixed,1079,-4.96,-0.33308384304673155,0.1899999976158142,0.04690415412187576,0.10000000149011612,0.25999999046325684,-0.05787199983994166,-0.05362864111860593,0.006922883074730634,0.7704793572425842,0.004613763606660844,0.06203044665356477,0.0003,324,76,8.417309026717984,128.18823647499084,126.3662760257721,1.8219468593597412,476,1.378952600993216,443,78.12505990196951,3.158480113695019,22.0,0.9983701699104105,2.435665914221219,8,134.875,7.253232002258301,123.36825561523438,2.8465490341186523,,,,,,,,,,,,
7,1,DDT500_num50.txt,fixed,1081,-4.92,-0.3844637698055385,0.1925000101327896,0.04235268384218216,0.14000000059604645,0.25999999046325684,-0.07011668110887209,-0.06647553692261378,0.00793036010582,0.7606333216031392,0.003399174583561641,0.048646876495331524,0.0003,323,77,7.747979509476576,139.52024507522583,137.61112427711487,1.9091084003448486,463,1.423369198688306,462,91.08937589835841,3.0573543279287883,14.0,0.9984245698427375,2.33982683982684,8,135.125,6.112231731414795,135.44911193847656,2.50658917427063,,,,,,,,,,,,
8,1,DDT500_num50.txt,fixed,1080,-5.04,-0.3766944543678942,0.1850000023841858,0.048733968287706375,0.11999999731779099,0.25999999046325684,-0.046115551392237344,-0.04278778831164042,0.00775820774336656,0.7206865906715393,0.0022086755066993645,0.023693883853654066,0.0003,326,74,7.914869813845306,136.45202326774597,134.73052501678467,1.7214868068695068,961,2.919432997237891,443,87.1909406001214,3.102777815527386,15.0,0.9983845925925927,2.4379232505643342,8,135.0,7.745966911315918,131.61740112304688,2.923579692840576,,,,,,,,,,,,
9,1,DDT500_num50.txt,fixed,1084,-5.16,-0.3682335890456082,0.17750000953674316,0.04841228947043419,0.10000000149011612,0.25999999046325684,-0.05759358045955499,-0.05308413052310546,0.005536810386305054,0.7277858932813008,0.004911212029401213,0.049530955993880826,0.0003,329,71,7.85468155757768,138.0068678855896,136.29255414009094,1.7143032550811768,548,1.5974560994654894,465,86.60247960116249,3.1374539147883764,17.0,0.9984296678966776,2.3311827956989246,8,135.5,9.32737922668457,132.154296875,4.09417200088501,,,,,,,,,,,,
10,1,DDT500_num50.txt,fixed,1037,-5.48,-0.3860655999040464,0.1574999988079071,0.03665719926357269,0.11999999731779099,0.2199999988079071,-0.05319831569989522,-0.04939824243386586,0.00699806612295409,0.7299106160799662,0.005166526057291776,0.055615693175544344,0.0003,337,63,7.823226653698143,132.5540018081665,130.78434658050537,1.7696423530578613,980,2.9771892983699217,434,81.34911030181684,3.329797528863758,14.0,0.9983481838637088,2.389400921658986,8,129.625,9.191537857055664,126.39474487304688,3.5011346340179443,,,,,,,,,,,,
11,1,DDT500_num50.txt,fixed,1070,-5.16,-0.4174716295117935,0.17750000953674316,0.023318449035286903,0.14000000059604645,0.2199999988079071,-0.05671021981785695,-0.05280232386042674,0.006567540904507041,0.7191666722297668,0.004906116139318328,0.04769114274531603,0.0003,329,71,9.028539378764355,118.51307892799377,116.61941647529602,1.893648624420166,346,1.0498143008444458,431,75.13166969979648,3.1775701340113844,13.0,0.9983653084112161,2.4825986078886313,8,133.75,6.514407157897949,114.44886016845703,2.990579605102539,,,,,,,,,,,,
12,1,DDT500_num50.txt,fixed,1079,-4.68,-0.45831727927375365,0.20750001072883606,0.034550685435533524,0.14000000059604645,0.25999999046325684,0.004631697138150533,0.007057589292526245,0.008949918330957492,0.6900849103927612,0.007857227868710955,0.04607561646650235,0.0003,317,83,9.524641531568996,113.28510332107544,111.56372928619385,1.7213621139526367,369,1.1138807993847877,426,73.54454080015421,3.100092712323681,15.0,0.998336978683966,2.532863849765258,8,134.875,5.666513442993164,109.44145965576172,2.7638890743255615,,,,,,,,,,,,
13,1,DDT500_num50.txt,fixed,1094,-4.48,-0.47152363316098245,0.2200000137090683,0.019999995827674866,0.18000000715255737,0.23999999463558197,-0.06407818322380383,-0.06030215478191773,0.006716738579173883,0.713439961274465,0.006479868074287272,0.06138854796687762,0.0003,312,88,9.324348170643267,117.32723617553711,115.8203694820404,1.5068514347076416,482,1.4502205015160143,446,74.18881450034678,3.279707529536113,14.0,0.998370188909202,2.4529147982062782,8,136.75,6.456585884094238,113.41569519042969,1.8574738502502441,,,,,,,,,,,,
14,1,DDT500_num50.txt,fixed,1075,-4.92,-0.44645813086031294,0.1925000101327896,0.034550685435533524,0.11999999731779099,0.23999999463558197,0.004901157071193059,0.008072133858998616,0.006637720080713431,0.6489836593468984,0.005190982219452659,0.050519015484799944,0.0003,323,77,9.727330702563219,110.51336002349854,108.46088242530823,2.0524649620056152,462,1.4328541978029534,427,71.68930849793833,3.179534918319347,19.0,0.9983854139534878,2.5175644028103044,8,134.375,5.633327007293701,105.82981872558594,2.6617798805236816,,,,,,,,,,,,
15,1,DDT500_num50.txt,fixed,1052,-5.12,-0.4907009235222293,0.18000000715255737,0.026457512751221657,0.14000000059604645,0.2199999988079071,-0.008781449797634896,-0.006584470643876837,0.008505346343064537,0.644965240588555,0.007589612345887313,0.057188885716291576,0.0003,328,72,7.814970421104838,134.61343336105347,132.98997449874878,1.6234469413757324,669,2.0238290008855984,438,84.05477319983765,3.215779502355554,18.0,0.9982994930291507,2.401826484018265,8,131.5,5.894913196563721,130.66514587402344,2.181056499481201,,,,,,,,,,,,
16,1,DDT500_num50.txt,fixed,1067,-5.08,-0.49934331057353604,0.18250000476837158,0.023318449035286903,0.1599999964237213,0.2199999988079071,-0.012603201096256574,-0.010371791198849678,0.00859289662912488,0.6527857601642608,0.008907962955224018,0.08352276819447677,0.0003,327,73,7.674128392713482,139.03859114646912,137.20421624183655,1.8343636989593506,514,1.5751707016024739,450,87.71181830088608,3.2567947902965457,17.0,0.99825651983755,2.371111111111111,8,133.375,6.688375949859619,134.5670928955078,2.6037330627441406,,,,,,,,,,,,
17,1,DDT500_num50.txt,fixed,1091,-4.76,-0.5433367760294451,0.20250000059604645,0.030720513314008713,0.1599999964237213,0.23999999463558197,-0.019974778914316135,-0.01896910953589461,0.010362415786155245,0.6186879493973472,0.010144572390179912,0.08122987414456227,0.0003,319,81,7.767351082659764,140.45972537994385,138.97531652450562,1.4843964576721191,482,1.3871682016178966,468,88.98514539957978,3.2548121312252434,18.0,0.998408750381913,2.3311965811965814,8,136.375,5.543859004974365,136.70729064941406,2.1739871501922607,,,,,,,,,,,,
18,1,DDT500_num50.txt,fixed,1075,-5.08,-0.5674835685102759,0.18250000476837158,0.04293891042470932,0.11999999731779099,0.25999999046325684,0.012535906831423442,0.012667552630106608,0.011551724405338366,0.590750765800476,0.010426616656089512,0.06922085819145044,0.0003,327,73,7.900706312480246,136.06378436088562,134.23720002174377,1.8265719413757324,402,1.1004138994030654,463,84.84068990009837,3.2893023568530415,17.0,0.9983915162790697,2.321814254859611,8,134.375,6.518003940582275,131.21153259277344,2.405864953994751,,,,,,,,,,,,
19,1,DDT500_num50.txt,fixed,1062,-5.12,-0.6014492888035389,0.18000000715255737,0.024494897574186325,0.1599999964237213,0.2199999988079071,-0.025631814946730933,-0.025500650703907012,0.011151296086609364,0.5706812779108683,0.006523594692892706,0.04519875884676973,0.0003,328,72,7.766207284845932,136.74628567695618,135.01867818832397,1.7275934219360352,579,1.75328109995462,446,85.25211969774682,3.1657250736841824,15.0,0.9984022096672942,2.381165919282511,8,132.75,4.465142726898193,133.4649200439453,1.1994118690490723,,,,,,,,,,,,
20,1,DDT500_num50.txt,fixed,1119,-4.5600000000000005,-0.5595727584918815,0.21500001847743988,0.013228753581643105,0.20000000298023224,0.23999999463558197,-0.002969800161996058,-0.003421647141554526,0.011801473896152206,0.5448890051671437,0.01286115839112816,0.06659115072605866,0.0003,314,86,7.790614986263038,143.63436031341553,141.9680516719818,1.6662981510162354,605,1.7559254002990201,466,91.13936460018158,2.9901698278038493,23.0,0.9983527435209997,2.4012875536480687,8,139.875,4.675401210784912,140.37046813964844,1.593139410018921,,,,,,,,,,,,
21,1,DDT500_num50.txt,fixed,1099,-4.48,-0.4902842794346158,0.2199999988079071,0.03605550900101662,0.14000000059604645,0.25999999046325684,-0.022700130691130957,-0.020426962027947106,0.006702137878164649,0.5624237775802612,0.011650882137958736,0.07669258527457715,0.0003,312,88,7.601832050820293,144.57041311264038,142.55951476097107,2.0108823776245117,541,1.6204822999425232,468,92.46010239934549,3.238398577865413,13.0,0.998301170761298,2.3482905982905984,8,137.375,4.3571062088012695,140.930908203125,1.346147060394287,,,,,,,,,,,,
22,1,DDT500_num50.txt,fixed,1077,-4.84,-0.4878570506622016,0.19750000536441803,0.029047371819615364,0.14000000059604645,0.23999999463558197,-0.025902356176326673,-0.023270272874894242,0.006885925556222598,0.6075047234694163,0.007350652723107487,0.06048198413724701,0.0003,321,79,7.649804576927369,140.7879102230072,138.81626677513123,1.9716315269470215,625,1.8096039012307301,463,88.86240520165302,3.2497679124635575,14.0,0.9982747632311978,2.326133909287257,8,134.625,6.223694801330566,136.03382873535156,3.017519235610962,,,,,,,,,,,,
23,1,DDT500_num50.txt,fixed,1122,-4.76,-0.47490939351423495,0.20250000059604645,0.03526683896780014,0.11999999731779099,0.23999999463558197,0.00686517699311177,0.008907700516283512,0.007264178153127432,0.5674612025419871,0.011096735322886768,0.06337211169302463,0.0003,319,81,7.784586206661259,144.13097500801086,141.9799783229828,2.150984764099121,502,1.3660809003049508,480,92.47515750071034,3.1844920097400373,23.0,0.9983392038027329,2.3375,8,140.25,7.628073215484619,138.51161193847656,3.5873007774353027,,,,,,,,,,,,
24,1,DDT500_num50.txt,fixed,1120,-4.5200000000000005,-0.46798521926511705,0.2175000160932541,0.011989576742053032,0.20000000298023224,0.23999999463558197,-0.004024942591786385,-0.002238195575773716,0.0071144278161227705,0.5343961417675018,0.005124904453987255,0.04861912848427892,0.0003,313,87,7.731474767494265,144.86240124702454,142.78576517105103,2.076624631881714,425,1.3037857002345845,462,92.51893790031318,2.91875003225037,14.0,0.9983668095238085,2.4242424242424243,8,140.0,4.092676162719727,140.90206909179688,1.8938124179840088,,,,,,,,,,,,
25,1,DDT500_num50.txt,fixed,1095,-4.5200000000000005,-0.4594392239083786,0.2175000011920929,0.04054318740963936,0.1599999964237213,0.30000001192092896,0.008954060698548953,0.010845265785853068,0.007556074345484376,0.5669241786003113,0.00923210924374871,0.06543239485472441,0.0003,313,87,7.8321425943465455,139.80848622322083,137.7779722213745,2.030503273010254,1217,3.66778699925635,470,87.12800120085012,3.238356194321968,16.0,0.9983297656012164,2.3297872340425534,8,136.875,6.584783554077148,135.2287139892578,1.7771873474121094,,,,,,,,,,,,
26,1,DDT500_num50.txt,fixed,1085,-4.68,-0.4323546146848315,0.20749999582767487,0.0386490561068058,0.14000000059604645,0.25999999046325684,0.006509440143903097,0.009084623555342357,0.0059453949332237245,0.5547879298528036,0.0033719607124415535,0.03872060130039851,0.0003,317,83,7.764098971063806,139.74577140808105,138.0286886692047,1.7170710563659668,1100,3.182374700321816,469,89.06528389779851,3.2239631717655515,13.0,0.9982919569892463,2.3134328358208953,8,135.625,7.398268222808838,134.30772399902344,4.344903469085693,,,,,,,,,,,,
27,1,DDT500_num50.txt,fixed,1099,-4.48,-0.4506553516029974,0.2199999988079071,0.014142132364213467,0.20000000298023224,0.23999999463558197,0.014646737277507782,0.018046540766954423,0.003944642709878584,0.5372126003106436,0.004170471616089344,0.04371747287611167,0.0003,312,88,7.682526198907285,143.051903963089,140.98755550384521,2.064337968826294,540,1.6989254028303549,458,89.88358609960414,3.2984531746873866,15.0,0.9982701122232331,2.3995633187772927,8,137.375,5.998697757720947,138.38681030273438,2.361605644226074,,,,,,,,,,,,
28,1,DDT500_num50.txt,fixed,1136,-4.68,-0.470830127073093,0.20750001072883606,0.034550685435533524,0.14000000059604645,0.25999999046325684,-0.000845097005367279,0.0010927170515060425,0.005967218172736466,0.4921423137187958,0.008929843774967593,0.050248489653070764,0.0003,317,83,7.856333973409473,144.59670424461365,142.60259342193604,1.9940972328186035,403,1.1191645003855228,472,92.09902660083026,2.870598615684979,19.0,0.9982787089201877,2.406779661016949,8,142.0,6.72681188583374,139.67901611328125,2.8125338554382324,,,,,,,,,,,,
0,1,DDT500_num50.txt,fixed,1109,-4.8,-0.03376152711507242,0.20000000298023224,0.05916079878807068,0.10000000149011612,0.30000001192092896,0.036299860725800194,0.04196077672143777,0.004404043375204007,0.7862940430641174,0.0007357705882289641,0.006020254300286372,0.0003,320,80,11.171475195801918,99.27068543434143,96.89092779159546,2.3797426223754883,1044,2.754832399310544,440,64.5710078991251,2.888187584520139,13.0,0.9982950405770954,2.5204545454545455,8,138.625,6.725650310516357,94.30887603759766,2.8057448863983154,,,,,,,,,,,,
1,1,DDT500_num50.txt,fixed,1058,-5.32,-0.12772476518568923,0.1677550971508026,0.05059413984417915,0.10204081982374191,0.2800000011920929,-0.12381055727601051,-0.11754786483943462,0.00351168824514995,0.8018531163533529,0.0004271174500900088,0.0017152867279946805,0.0003,333,67,11.100390372301266,95.31196331977844,92.98903346061707,2.322909355163574,745,1.9968675017589703,414,60.21865729929414,3.1597353817159153,13.0,0.9984383112791425,2.5555555555555554,8,132.25,9.0657320022583,89.61093139648438,3.504115104675293,,,,,,,,,,,,
2,1,DDT500_num50.txt,fixed,1052,-5.48,-0.18620894364850463,0.1574999988079071,0.036657195538282394,0.10000000149011612,0.2199999988079071,-0.07533054500818252,-0.06960788269837698,0.004824642441235483,0.8134978135426839,0.0006571727610814075,0.004788567762201031,0.0003,337,63,7.096664971912816,148.2386450767517,146.2821867465973,1.9564454555511475,862,2.7724368021590635,627,84.30777120077983,3.182509527233617,19.0,0.9982185551330777,1.6778309409888357,8,131.5,8.817596435546875,142.27432250976562,4.6607346534729,,,,,,,,,,,,
3,1,DDT500_num50.txt,fixed,1092,-5.12,-0.24647458326425617,0.18000000715255737,0.05477225407958031,0.07999999821186066,0.25999999046325684,-0.01917973980307579,-0.01409420520067215,0.005434967988791565,0.7803017536799113,0.0009037104668095708,0.009669375574837128,0.0003,328,72,7.136868169177257,153.00829076766968,151.12217926979065,1.886098861694336,664,1.875543000176549,672,83.65062820049934,3.058608075310459,18.0,0.9982451526251495,1.625,8,136.5,7.9843597412109375,147.68141174316406,4.477147102355957,,,,,,,,,,,,
4,1,DDT500_num50.txt,fixed,1087,-4.88,-0.28969063598351824,0.19499999284744263,0.03968627005815506,0.14000000059604645,0.2800000011920929,-0.032085396349430084,-0.0273598109682401,0.006905968766659498,0.8178571065266927,0.001252950867637992,0.011015912828346094,0.0003,322,78,7.194094556837464,151.0961513519287,149.21867966651917,1.8774592876434326,1144,3.279638300300576,675,82.52208149852231,3.2833486821745774,19.0,0.9981512174179686,1.6103703703703705,8,135.875,6.899954795837402,145.78834533691406,3.129251718521118,,,,,,,,,,,,
0,1,DDT500_num50.txt,fixed,983,-6.16,-0.06746288274944673,0.11499999463558197,0.04092676565051079,0.05999999865889549,0.20000000298023224,0.010708207388718922,0.024394725263118745,0.003983520879410207,1.5678283294041953,0.0010995898979369182,0.003819777661313613,0.0003,354,46,45.73891537910758,21.491545915603638,4.004377841949463,17.487154722213745,0,0.0,136,1.252809899996464,6.158697863925146,45.0,0.0,7.227941176470588,8,122.875,9.439776420593262,3.9892778396606445,8.155169780366123e-06,1.252809899996464,0.1824726000040755,2.4589483999834556,cpu,cuda:0,0.0,369.783203125,55.0,,,,
1,1,DDT500_num50.txt,fixed,969,-5.92,-0.16342579608962135,0.12999999523162842,0.03872983530163765,0.07999999821186066,0.20000000298023224,-0.015151335236926874,-0.0020924175158143045,0.005400654312688857,1.5759247620900472,0.0010954223265192316,0.001981992864360412,0.0003,348,52,48.92144773799905,19.807263374328613,5.036617994308472,14.770629405975342,0,0.0,139,1.451240799999141,6.384932922012911,60.0,0.0,6.971223021582734,8,121.125,10.373494148254395,5.012502193450928,8.810203325992916e-06,1.451240799999141,0.23599260000173672,3.2052771999924516,cpu,cuda:0,0.0,367.123046875,57.0,,,,
2,1,DDT500_num50.txt,fixed,990,-5.64,-0.21726331989191117,0.14750000834465027,0.04351723939180374,0.07999999821186066,0.2199999988079071,0.023602491617202757,0.0363369087378184,0.005711020754339794,1.558993355433146,0.0008148590199804555,0.0007707128922144572,0.0003,341,59,42.40009503657517,23.34900426864624,5.57219672203064,17.77679681777954,0,0.0,139,1.7023863000058554,6.295959596682077,50.0,0.0,7.122302158273381,8,123.75,9.85837173461914,5.548925876617432,6.766636943211779e-06,1.7023863000058554,0.2635858000085136,3.450878699988607,cpu,cuda:0,0.0,308.3662109375,58.0,,,,
3,1,DDT500_num50.txt,fixed,1002,-5.76,-0.28251799599125477,0.13999998569488525,0.04690415784716606,0.05999999865889549,0.2199999988079071,0.01694574343661467,0.028731477384765943,0.007335898113281777,1.5453687270482381,0.003270382132177474,0.04526429899657766,0.0003,344,56,46.09219701502516,21.73903751373291,4.308389902114868,17.43063521385193,0,0.0,134,1.3042840999969485,6.269461076178713,72.0,0.0,7.477611940298507,8,125.25,7.822243690490723,4.287234306335449,6.066804417059757e-06,1.3042840999969485,0.19182809998710582,2.6908146999912788,cpu,cuda:0,0.0,389.2275390625,58.0,,,,
4,1,DDT500_num50.txt,fixed,1014,-5.6000000000000005,-0.359733745275906,0.15000000596046448,0.033166252076625824,0.10000000149011612,0.20000000298023224,-0.008267620205879211,0.0022062251965204874,0.010241164336912334,1.5594422181447347,0.001214045633484299,0.01280589917053779,0.0003,340,60,48.13695436612193,21.064897298812866,4.331388473510742,16.73349618911743,0,0.0,136,1.321951299999455,6.30276133605009,50.0,0.0,7.455882352941177,8,126.75,6.832825183868408,4.303059101104736,6.579229648195906e-06,1.321951299999455,0.194792299994333,2.683898599983877,cpu,cuda:0,0.0,368.08056640625,59.0,,,,
5,1,DDT500_num50.txt,fixed,969,-5.92,-0.3961093926790148,0.12999999523162842,0.05000000074505806,0.03999999910593033,0.20000000298023224,0.0352233628431956,0.045387292901674904,0.01172890462912619,1.602838675181071,0.002975397909176536,0.04167220443487167,0.0003,348,52,48.75567791991351,19.874608278274536,4.16046142578125,15.714133501052856,0,0.0,132,1.280462600007013,6.398348810256942,45.0,0.0,7.340909090909091,8,121.125,11.32957935333252,4.1398515701293945,7.209945124486694e-06,1.280462600007013,0.1903719000010824,2.570010300008107,cpu,cuda:0,0.0,320.251953125,60.0,,,,
6,1,DDT500_num50.txt,fixed,969,-5.84,-0.4677401180436009,0.13499999046325684,0.025980759412050247,0.10000000149011612,0.1599999964237213,0.01679918865362803,0.025896878043810526,0.01413025806347529,1.6162818272908528,0.0024672875659841036,0.030084212434788545,0.0003,346,54,48.993303244151384,19.778213262557983,5.103188991546631,14.675012350082397,0,0.0,135,1.3445539000022109,6.818369447631364,72.0,0.0,7.177777777777778,8,121.125,7.97554874420166,5.079681396484375,7.954038665047847e-06,1.3445539000022109,0.25463930000842083,3.3531508999885773,cpu,cuda:0,0.0,316.6884765625,59.0,,,,
7,1,DDT500_num50.txt,fixed,1029,-5.0,-0.5012838448884945,0.1875,0.03596873581409454,0.14000000059604645,0.23999999463558197,0.00803185800711314,0.016497297585010527,0.012118726316839457,1.452480435371399,0.003173764603949773,0.03765844767913222,0.0003,325,75,49.77641143153868,20.67244243621826,4.399080276489258,16.273348331451416,0,0.0,139,1.354033999998137,5.402332360357539,36.0,0.0,7.402877697841727,8,128.625,5.45292329788208,4.378292083740234,5.654593223880511e-06,1.354033999998137,0.19257120001384465,2.7273440000008122,cpu,cuda:0,0.0,373.4248046875,59.0,,,,
8,1,DDT500_num50.txt,fixed,1021,-5.36,-0.5107289513431381,0.16500000655651093,0.03570714220404625,0.10000000149011612,0.2199999988079071,-0.00953710675239563,-0.0024945701162020365,0.015184192134377857,1.463462479909261,0.004050493006555674,0.06015537865459919,0.0003,334,66,48.25742912612186,21.15736413002014,4.326521873474121,16.830831050872803,0,0.0,137,1.2910040000033405,5.679725759993804,40.0,0.0,7.452554744525547,8,127.625,5.146296977996826,4.305196285247803,5.974752639303915e-06,1.2910040000033405,0.18350250001185486,2.732789499991668,cpu,cuda:0,0.0,395.1123046875,59.0,,,,
9,1,DDT500_num50.txt,fixed,990,-5.04,-0.4931117607973867,0.18500001728534698,0.027838822454214096,0.11999999731779099,0.2199999988079071,-0.05276247014602025,-0.04550117999315262,0.015235267269114653,1.4878923972447713,0.0007729098292960164,0.0021890169009566307,0.0003,326,74,47.45158253784086,20.86337161064148,4.250851154327393,16.61250877380371,0,0.0,135,1.2918105999970066,5.9010100911362,65.0,0.0,7.333333333333333,8,123.75,8.828221321105957,4.230969429016113,4.986882231605705e-06,1.2918105999970066,0.19214410000404314,2.640740500002721,cpu,cuda:0,0.0,384.00830078125,59.0,,,,
10,1,DDT500_num50.txt,fixed,1021,-5.36,-0.4790044751188301,0.16499999165534973,0.031224988400936127,0.14000000059604645,0.23999999463558197,0.010591744879881541,0.01981684615214666,0.011877355274433891,1.5163777033487955,0.003280374867608771,0.04944126605987549,0.0003,334,66,50.40972867050589,20.254026889801025,4.455438137054443,15.798576354980469,0,0.0,137,1.3509408999998413,6.0117531847883745,65.0,0.0,7.452554744525547,8,127.625,7.761080741882324,4.434433937072754,6.055081030353904e-06,1.3509408999998413,0.20297579999351,2.772164299984979,cpu,cuda:0,0.0,373.4228515625,59.0,,,,
11,1,DDT500_num50.txt,fixed,1046,-5.08,-0.5220279761864592,0.18250000476837158,0.023318447172641754,0.14000000059604645,0.2199999988079071,0.09547325273354848,0.10471500058968862,0.01192268393933773,1.5203081369400024,0.0029903917922638355,0.030877932130048674,0.0003,327,73,45.84337506665052,22.816819190979004,4.344732761383057,18.472074508666992,0,0.0,143,1.3313846000037302,6.018164436858197,50.0,0.0,7.314685314685315,8,130.75,7.628073215484619,4.323593616485596,5.542911367228953e-06,1.3313846000037302,0.19207689999984723,2.6945549999754803,cpu,cuda:0,0.0,408.529296875,59.0,,,,
12,1,DDT500_num50.txt,fixed,974,-4.92,-0.5257549465919378,0.19249999523162842,0.04351723566651344,0.11999999731779099,0.23999999463558197,-0.001384200155735016,0.004184136788050334,0.017994052777066828,1.4565363725026448,0.004365721098535383,0.04814034191270669,0.0003,323,77,48.52974975186019,20.070163249969482,4.171116352081299,15.899032831192017,0,0.0,137,1.2814775999959238,6.08213552336918,50.0,0.0,7.109489051094891,8,121.75,7.964766025543213,4.141292572021484,6.814768767071655e-06,1.2814775999959238,0.19332160001431475,2.5674872000072355,cpu,cuda:0,0.0,333.458984375,59.0,,,,
13,1,DDT500_num50.txt,fixed,1015,-4.88,-0.498099887647879,0.19500002264976501,0.019364915788173676,0.1599999964237213,0.2199999988079071,-0.01005530556042989,-0.0014726738135019937,0.012502734603670736,1.4834002176920573,0.003786345811871191,0.04499609690780441,0.0003,322,78,50.710877229670615,20.015429735183716,4.949996709823608,15.06541633605957,0,0.0,137,1.5071184000053108,6.016748769647382,65.0,0.0,7.408759124087592,8,126.875,6.918046951293945,4.924830436706543,6.346145255520241e-06,1.5071184000053108,0.2156725999984701,3.0848339000012857,cpu,cuda:0,0.0,402.90185546875,59.0,,,,
14,1,DDT500_num50.txt,fixed,1005,-5.2,-0.51265508931356,0.17500001192092896,0.02958040125668049,0.11999999731779099,0.20000000298023224,-0.07739600837230683,-0.07141221289833387,0.015908944428277512,1.3938267628351848,0.008191834124348436,0.1019876055729886,0.0003,330,70,48.913455079687694,20.546493768692017,5.308617115020752,15.23785924911499,0,0.0,139,1.4109196000053998,6.065671645112299,60.0,0.0,7.23021582733813,8,125.625,8.702549934387207,5.266523361206055,7.580811143270694e-06,1.4109196000053998,0.2579939999950511,3.4645725000009406,cpu,cuda:0,0.0,422.396484375,59.0,,,,
15,1,DDT500_num50.txt,fixed,1025,-4.96,-0.4930276097759295,0.1899999976158142,0.022360680624842644,0.1599999964237213,0.2199999988079071,-0.008717948198318481,0.0002975006898244222,0.010381245388028522,1.4206082582473756,0.0074849208991508934,0.10331030587355296,0.0003,324,76,43.01834114443598,23.827046155929565,5.344476699829102,18.482553005218506,0,0.0,136,1.6387768000031429,5.8604878027846175,40.0,0.0,7.536764705882353,8,128.125,5.109733581542969,5.314652442932129,4.5079400479153264e-06,1.6387768000031429,0.24017530000855913,3.3071266000088144,cpu,cuda:0,0.0,419.9580078125,60.0,,,,
16,1,DDT500_num50.txt,fixed,1060,-4.64,-0.4860521682715862,0.21000000834465027,0.019999995827674866,0.18000000715255737,0.23999999463558197,0.08779349525769552,0.09858135382334392,0.007168504607398063,1.4372116088867188,0.003454413301854705,0.03580009502669176,0.0003,316,84,42.8651213302454,24.728729724884033,4.654306888580322,20.074408769607544,0,0.0,141,1.4054921999968428,5.448113205073015,45.0,0.0,7.5177304964539005,8,132.5,6.383572578430176,4.632183074951172,7.317547442653449e-06,1.4054921999968428,0.20014499999069812,2.913781000007475,cpu,cuda:0,0.0,431.6357421875,59.0,,,,
17,1,DDT500_num50.txt,fixed,1053,-4.76,-0.5247728793884942,0.20250000059604645,0.03799670934677124,0.14000000059604645,0.25999999046325684,0.05588593085606893,0.06484035352865855,0.009963788790628314,1.3936323881149293,0.004491394507931545,0.05217816367124518,0.0003,319,81,46.679066625843554,22.55829167366028,4.67216420173645,17.886115312576294,0,0.0,140,1.427276899993558,5.598290600328364,45.0,0.0,7.521428571428571,8,131.625,5.266343593597412,4.638987064361572,5.87642534810584e-06,1.427276899993558,0.21014960000684368,2.88429620000079,cpu,cuda:0,0.0,368.8369140625,59.0,,,,
18,1,DDT500_num50.txt,fixed,1000,-5.04,-0.4970452229228143,0.1850000023841858,0.044440969824790955,0.10000000149011612,0.23999999463558197,0.0009938729306062063,0.01075303852558136,0.009657434079175194,1.4587881167729695,0.003353282460011542,0.03962046715120474,0.0003,326,74,41.024971696386196,24.37539768218994,4.307697296142578,20.067675828933716,0,0.0,139,1.3037268000025506,5.906999996423721,55.0,0.0,7.194244604316546,8,125.0,10.049875259399414,4.285784721374512,7.621940312674269e-06,1.3037268000025506,0.19580289998066291,2.680872099980661,cpu,cuda:0,0.0,379.76513671875,59.0,,,,
19,1,DDT500_num50.txt,fixed,940,-5.36,-0.5265023004565149,0.16499999165534973,0.04092676565051079,0.10000000149011612,0.23999999463558197,-0.022278714179992675,-0.015128404895464579,0.014836112208043536,1.4568360884984335,0.008428091439418495,0.10612929506848255,0.0003,334,66,47.28857696067204,19.87795066833496,4.124475002288818,15.75346302986145,0,0.0,134,1.2756923999995706,6.442553190474815,50.0,0.0,7.014925373134329,8,117.5,10.25914192199707,4.093840599060059,6.217195732460823e-06,1.2756923999995706,0.19213010001567454,2.5225704999911613,cpu,cuda:0,0.0,340.8095703125,60.0,,,,
20,1,DDT500_num50.txt,fixed,1034,-4.76,-0.5031169049861104,0.20250001549720764,0.023318445309996605,0.1599999964237213,0.23999999463558197,0.043410520007212954,0.054034056266148885,0.007036773720756173,1.414191762606303,0.005376600835006684,0.06629706014258166,0.0003,319,81,48.5731538300354,21.287479162216187,4.616772413253784,16.67069101333618,0,0.0,148,1.3944008999997095,5.845261125776708,42.0,0.0,6.986486486486487,8,129.25,7.933315753936768,4.592583179473877,7.148582426452776e-06,1.3944008999997095,0.20372119999592542,2.8790033999921434,cpu,cuda:0,0.0,383.013671875,60.0,,,,
21,1,DDT500_num50.txt,fixed,1037,-4.64,-0.4992592277966644,0.21000000834465027,0.036055512726306915,0.1599999964237213,0.2800000011920929,-0.031824034576614695,-0.02244513457020124,0.008662530096868674,1.3710161685943603,0.005077065119985491,0.051940556180973846,0.0003,316,84,49.104951200249026,21.118033409118652,4.365319490432739,16.752699375152588,0,0.0,148,1.3273446000011973,5.584378010051805,40.0,0.0,7.006756756756757,8,129.625,10.024189949035645,4.339353084564209,7.094705779309152e-06,1.3273446000011973,0.19485180002538982,2.711755300008008,cpu,cuda:0,0.0,400.619140625,60.0,,,,
22,1,DDT500_num50.txt,fixed,1032,-4.8,-0.4823291084413612,0.20000001788139343,0.03999999910593033,0.11999999731779099,0.25999999046325684,0.012713717545072238,0.023072445672005414,0.0068194990822424495,1.376847775777181,0.005733947222082255,0.06758899297565221,0.0003,320,80,46.391289469025445,22.24555540084839,5.436774492263794,16.80876874923706,0,0.0,137,1.4484558000021934,5.690891471482063,35.0,0.0,7.532846715328467,8,129.0,5.338539123535156,5.408144950866699,8.167358828359284e-06,1.4484558000021934,0.26208879998830525,3.5644162999851687,cpu,cuda:0,0.0,343.45361328125,60.0,,,,
23,1,DDT500_num50.txt,fixed,1022,-4.6,-0.42830470023834616,0.21250000596046448,0.02222048118710518,0.18000000715255737,0.23999999463558197,0.11187765300273896,0.12064496576786041,0.008570940257050097,1.305278366804123,0.01065086222370155,0.09758240375667811,0.0003,315,85,70.16876711851587,14.564884662628174,4.359588146209717,10.205284118652344,0,0.0,138,1.32400399999824,6.002935420043781,55.0,0.0,7.405797101449275,8,127.75,5.539629936218262,4.333805084228516,5.929388862568885e-06,1.32400399999824,0.20047210000393534,2.7039789000245946,cpu,cuda:0,0.0,383.01171875,60.0,,,,
24,1,DDT500_num50.txt,fixed,1030,-4.8,-0.37566715887018626,0.20000000298023224,0.03162277489900589,0.14000000059604645,0.25999999046325684,-0.0034286025911569595,0.006950384937226772,0.005176622755243443,1.2967297434806824,0.015139290277147666,0.12458524666726589,0.0003,320,80,82.78686811540372,12.44158673286438,4.502447843551636,7.93912672996521,0,0.0,141,1.3702811999974074,5.887378639850802,40.0,0.0,7.304964539007092,8,128.75,6.959705352783203,4.4766645431518555,5.7369275054952595e-06,1.3702811999974074,0.20576560001245525,2.7910406000110015,cpu,cuda:0,0.0,367.80078125,60.0,,,,
25,1,DDT500_num50.txt,fixed,1029,-4.8,-0.40490041042690517,0.20000000298023224,0.024494897574186325,0.1599999964237213,0.2199999988079071,-0.006841441492239634,0.003107745697100957,0.0044245723324517405,1.2161470135052999,0.006520308763720095,0.08888000256071488,0.0003,320,80,49.114153665048306,20.95119071006775,4.445198059082031,16.505977869033813,0,0.0,134,1.3564996999948562,5.659863942334441,44.0,0.0,7.67910447761194,8,128.625,5.383713722229004,4.42176628112793,7.5073462539876346e-06,1.3564996999948562,0.20022210002571228,2.7586231999930533,cpu,cuda:0,0.0,368.08251953125,60.0,,,,
26,1,DDT500_num50.txt,fixed,1015,-4.76,-0.4221531173657283,0.20250001549720764,0.01854049228131771,0.18000000715255737,0.23999999463558197,-0.006715107709169388,0.0034544256826241813,0.003854609265302618,1.2096835414568583,0.01101273785267646,0.1411075468795995,0.0003,319,81,52.984535346182646,19.156533002853394,4.381223201751709,14.775296926498413,0,0.0,132,1.3177375000013853,5.717241380719716,36.0,0.0,7.6893939393939394,8,126.875,3.9823830127716064,4.3571553230285645,5.312509529176168e-06,1.3177375000013853,0.20456259999355098,2.7268533000042225,cpu,cuda:0,0.0,338.1630859375,59.0,,,,
27,1,DDT500_num50.txt,fixed,1029,-4.88,-0.4257585770486551,0.19500002264976501,0.034278273582458496,0.11999999731779099,0.23999999463558197,0.03959627995888392,0.04889580582578977,0.0045841346339633065,1.159159235159556,0.011081746455359583,0.10413393427928289,0.0003,322,78,45.399062374052235,22.665666341781616,4.380306720733643,18.28533911705017,0,0.0,134,1.3425777000029484,5.577259470352973,45.0,0.0,7.67910447761194,8,128.625,7.244609832763672,4.358908653259277,6.210334959177999e-06,1.3425777000029484,0.19436010000117676,2.714039800014689,cpu,cuda:0,0.0,428.16357421875,59.0,,,,
28,1,DDT500_num50.txt,fixed,1035,-4.5200000000000005,-0.42673686200041056,0.2175000160932541,0.01854049228131771,0.18000000715255737,0.23999999463558197,0.0339478962123394,0.0430660034929003,0.00404099197060402,1.1138597003051214,0.012737932571326382,0.12085021686341081,0.0003,313,87,51.946372532597806,19.924394130706787,5.472522974014282,14.451853275299072,0,0.0,136,1.5539822999880926,5.291787441456376,36.0,0.0,7.610294117647059,8,129.375,6.537153244018555,5.445874214172363,7.764177098579239e-06,1.5539822999880926,0.24803729998893687,3.5145535999854474,cpu,cuda:0,0.0,507.560546875,60.0,,,,
29,1,DDT500_num50.txt,fixed,1034,-4.76,-0.43293418322071614,0.20250000059604645,0.025372227653861046,0.1599999964237213,0.23999999463558197,-0.017569950471321743,-0.008060752103726069,0.004211575801794727,1.1614986260732014,0.012422403576783836,0.11763320701817671,0.0003,319,81,48.06487538017421,21.512590885162354,4.8460187911987305,16.666557550430298,0,0.0,135,1.6305105999981606,5.652804641935766,45.0,0.0,7.659259259259259,8,129.25,4.235268592834473,4.82399320602417,5.822980256198207e-06,1.6305105999981606,0.21080299998720875,2.867741499980184,cpu,cuda:0,0.0,441.05078125,60.0,,,,
30,1,DDT500_num50.txt,fixed,1048,-4.4,-0.41506944438808235,0.22500000894069672,0.016583120450377464,0.20000000298023224,0.23999999463558197,0.0355977068344752,0.044397426893313725,0.0035636919861038526,1.0581571340560914,0.008752631458143393,0.08185419732083878,0.0003,310,90,47.558094936553346,22.036206483840942,5.596703052520752,16.43948745727539,0,0.0,138,1.531680600006439,5.235687024948251,45.0,0.0,7.594202898550725,8,131.0,4.41588020324707,5.5599365234375,6.214909717527917e-06,1.531680600006439,0.2613661999894248,3.6304978000280244,cpu,cuda:0,0.0,417.31640625,60.0,,,,
31,1,DDT500_num50.txt,fixed,1063,-4.5600000000000005,-0.4209145781294733,0.2150000035762787,0.019364912062883377,0.18000000715255737,0.23999999463558197,-0.10772474482655525,-0.09907075656311852,0.003940420042324279,1.0624197210584367,0.011260557262825646,0.12167885267574872,0.0003,314,86,54.97907119567793,19.334630012512207,4.493412017822266,14.841207265853882,0,0.0,138,1.370710599996528,4.985888996106325,24.0,0.0,7.702898550724638,8,132.875,5.325352191925049,4.467568874359131,5.288379725243431e-06,1.370710599996528,0.19576769996820076,2.7925371999790514,cpu,cuda:0,0.0,513.18017578125,60.0,,,,
32,1,DDT500_num50.txt,fixed,1044,-4.6000000000000005,-0.42541635225992014,0.21250000596046448,0.031523801386356354,0.1599999964237213,0.23999999463558197,-0.0021243239442507427,0.0061853249867757166,0.004696618501717846,1.065796192487081,0.01040711566650619,0.09296527529756228,0.0003,315,85,44.50214931033028,23.459541082382202,5.359862327575684,18.099663019180298,0,0.0,141,1.5560693000061292,5.352490421912679,40.0,0.0,7.404255319148936,8,130.5,5.612485885620117,5.331955909729004,1.3641001714859158e-05,1.5560693000061292,0.23998739998205565,3.4081989999594953,cpu,cuda:0,0.0,477.33154296875,59.0,,,,
33,1,DDT500_num50.txt,fixed,1027,-4.5600000000000005,-0.43141535198047515,0.21500001847743988,0.013228753581643105,0.20000000298023224,0.23999999463558197,-0.026822027564048768,-0.017901484419902167,0.004135268360065917,1.0988179564476013,0.01261597037470589,0.11574227986857295,0.0003,314,86,43.31587399323317,23.709552764892578,4.3766655921936035,19.332874536514282,0,0.0,133,1.320519199987757,5.762414799460882,36.0,0.0,7.7218045112781954,8,128.375,2.5464437007904053,4.350559711456299,4.308059487811988e-06,1.320519199987757,0.20163220000540605,2.721191800015731,cpu,cuda:0,0.0,389.1708984375,59.0,,,,
34,1,DDT500_num50.txt,fixed,1019,-4.8,-0.4351784245692484,0.20000001788139343,0.017320504412055016,0.18000000715255737,0.23999999463558197,-0.02117593154932062,-0.012983293024202187,0.00458224529090027,1.0483762264251708,0.010467474422572802,0.1143586139815549,0.0003,320,80,42.241145171425636,24.123399019241333,4.337717771530151,19.785669803619385,0,0.0,135,1.3122182000061002,5.36211972334902,33.0,0.0,7.548148148148148,8,127.375,4.7942023277282715,4.305890083312988,5.781343134003691e-06,1.3122182000061002,0.19732409996140632,2.6944635000054404,cpu,cuda:0,0.0,384.00830078125,59.0,,,,
35,1,DDT500_num50.txt,fixed,1078,-4.32,-0.40561941145660274,0.23000000417232513,0.022360678762197495,0.20000000298023224,0.2800000011920929,0.019434545934200288,0.027293510362505914,0.0038349567990129192,0.9776441971460978,0.008330825452382366,0.08860912757615248,0.0003,308,92,42.07334481763343,25.621922969818115,5.5638933181762695,20.058013200759888,0,0.0,146,1.5066677999984677,4.807977736327998,30.0,0.0,7.383561643835616,8,134.75,5.425633430480957,5.519186973571777,6.166704679344548e-06,1.5066677999984677,0.2535506000313035,3.629451099990547,cpu,cuda:0,0.0,428.16357421875,59.0,,,,
36,1,DDT500_num50.txt,fixed,1032,-4.44,-0.4219717270546563,0.2225000113248825,0.01561249140650034,0.20000000298023224,0.23999999463558197,0.010304919133583704,0.018630408309400083,0.003685954911634326,1.0168461481730142,0.008588902551370363,0.09112256318330765,0.0003,311,89,50.9273511481651,20.26416015625,4.677560329437256,15.586580753326416,0,0.0,138,1.4409343999977864,5.375968990399856,40.0,0.0,7.478260869565218,8,129.0,6.78233003616333,4.653557777404785,7.698004083067644e-06,1.4409343999977864,0.20522679998794047,2.8978664000205754,cpu,cuda:0,0.0,378.771484375,60.0,,,,
37,1,DDT500_num50.txt,fixed,1042,-4.32,-0.4174685045741015,0.23000000417232513,0.014142132364213467,0.20000000298023224,0.23999999463558197,0.1835097991861403,0.19266070751473308,0.0017269602976739407,1.0014391094446182,0.01229618169600144,0.08982708910480142,0.0003,308,92,103.06631097713759,10.10999608039856,5.423521041870117,4.686460971832275,0,0.0,138,1.4477390999982163,5.256238003152346,40.0,0.0,7.550724637681159,8,130.25,5.910795211791992,5.40025520324707,6.564092473126948e-06,1.4477390999982163,0.26130350004677894,3.561310599974604,cpu,cuda:0,0.0,491.8515625,60.0,,,,
38,1,DDT500_num50.txt,fixed,1053,-4.4,-0.42444329851742285,0.22500000894069672,0.02179449051618576,0.20000000298023224,0.25999999046325684,0.11530977589162913,0.12337228892879053,0.0031895122744820333,0.9657271937890486,0.013801447951912203,0.12232515757734125,0.0003,310,90,65.3378554299377,16.116231441497803,5.531799077987671,10.584419012069702,0,0.0,137,1.4272524000043632,5.037037034093598,25.0,0.0,7.686131386861314,8,131.625,5.097486972808838,5.509364604949951,6.764536465198034e-06,1.4272524000043632,0.2585475000050792,3.693840000025375,cpu,cuda:0,0.0,486.169921875,60.0,,,,
39,1,DDT500_num50.txt,fixed,1030,-4.28,-0.4223059025703981,0.23250001668930054,0.01984313502907753,0.2199999988079071,0.2800000011920929,0.05957656974593798,0.06705878550807635,0.0026299996146311364,0.8797217806180319,0.012616590169879297,0.09271245822310448,0.0003,307,93,94.46540362587719,10.903462648391724,4.553154468536377,6.350295543670654,0,0.0,135,1.3984121999947092,5.049514559403207,25.0,0.0,7.62962962962963,8,128.75,6.015604496002197,4.527823448181152,6.92645971867023e-06,1.3984121999947092,0.20319130000098085,2.817228799989607,cpu,cuda:0,0.0,453.90869140625,60.0,,,,
40,1,DDT500_num50.txt,fixed,1039,-4.6000000000000005,-0.4154967599968182,0.21250002086162567,0.026339132338762283,0.1599999964237213,0.25999999046325684,-0.035462013844932826,-0.02818604132958821,0.003912001349298018,0.9231974482536316,0.014934841177559324,0.0990005836023816,0.0003,315,85,85.6595964002731,12.129405736923218,4.560626983642578,7.568766117095947,0,0.0,138,1.3932375999920623,5.214629450018757,27.0,0.0,7.528985507246377,8,129.875,4.884605884552002,4.528467178344727,5.8521927712718025e-06,1.3932375999920623,0.20400300004439487,2.8217737000231864,cpu,cuda:0,0.0,401.830078125,60.0,,,,
41,1,DDT500_num50.txt,fixed,1078,-4.36,-0.40101667355407666,0.22750000655651093,0.009682456031441689,0.2199999988079071,0.23999999463558197,0.0044766852099980626,0.012371254020503588,0.002319802696417485,0.905446972165789,0.015748142896752273,0.08155220055154391,0.0003,309,91,99.23628122181965,10.862962484359741,4.625202655792236,6.237746953964233,0,0.0,140,1.414495299992268,4.839517628107089,32.0,0.0,7.7,8,134.75,3.9921798706054688,4.604072570800781,5.3338662837632e-06,1.414495299992268,0.19958679995397688,2.8820105000249896,cpu,cuda:0,0.0,569.11669921875,60.0,,,,
42,1,DDT500_num50.txt,fixed,1031,-4.36,-0.41113337208936707,0.22750000655651093,0.013919408433139324,0.20000000298023224,0.23999999463558197,0.02072858189543088,0.02837962135672569,0.002831209039626022,0.9066647291183472,0.010625385551247746,0.1105604737997055,0.0003,309,91,47.598318048594706,21.66042923927307,4.570753335952759,17.089661836624146,0,0.0,144,1.3965785999953368,5.268671192785239,30.0,0.0,7.159722222222222,8,128.875,7.912608623504639,4.548701286315918,6.559761459357105e-06,1.3965785999953368,0.20081209997806582,2.845800799990684,cpu,cuda:0,0.0,511.06298828125,60.0,,,,
43,1,DDT500_num50.txt,fixed,1058,-4.36,-0.4157910332995527,0.22750000655651093,0.013919408433139324,0.20000000298023224,0.23999999463558197,0.015334973732630411,0.023147737400399312,0.002866958992348777,0.9246244562996758,0.012131379648861993,0.09623352293339041,0.0003,309,91,69.26561886863111,15.27453327178955,5.4418299198150635,9.832685947418213,0,0.0,140,1.602089199997863,5.237240078318547,36.0,0.0,7.557142857142857,8,132.25,5.651327133178711,5.416592121124268,7.122692750272108e-06,1.602089199997863,0.24184249996687868,3.446761499997592,cpu,cuda:0,0.0,470.16650390625,60.0,,,,
44,1,DDT500_num50.txt,fixed,1046,-4.28,-0.40137926005558394,0.23250000178813934,0.02222048118710518,0.20000000298023224,0.25999999046325684,0.031114851435025532,0.03787919133901596,0.00324232658992211,0.8385503093401591,0.01882581043173559,0.11354108775655429,0.0003,307,93,86.70638505227215,12.06370210647583,5.49651026725769,6.567166090011597,0,0.0,142,1.5901814999888302,4.99904397021744,30.0,0.0,7.366197183098592,8,130.75,6.437196731567383,5.470585823059082,6.600793767574942e-06,1.5901814999888302,0.2519307000111439,3.4994975000299746,cpu,cuda:0,0.0,460.724609375,60.0,,,,
45,1,DDT500_num50.txt,fixed,1059,-4.5200000000000005,-0.41679452777209414,0.2175000011920929,0.025372223928570747,0.18000000715255737,0.25999999046325684,0.07203019534548123,0.08015699995060761,0.002895220590289682,0.9574415385723114,0.01353443821426481,0.10755660540113847,0.0003,313,87,99.95754926300185,10.594497442245483,4.491665601730347,6.102818250656128,0,0.0,137,1.3909749999966152,5.398489142049586,32.0,0.0,7.7299270072992705,8,132.375,3.0796711444854736,4.470017910003662,5.0716512305371e-06,1.3909749999966152,0.19469730002674623,2.7795732999948086,cpu,cuda:0,0.0,478.42724609375,60.0,,,,
46,1,DDT500_num50.txt,fixed,1069,-4.24,-0.3958309487127249,0.23500001430511475,0.016583120450377464,0.2199999988079071,0.25999999046325684,0.03440813248356183,0.041542097181081775,0.0025686716893687845,0.841829800605774,0.013304469967260956,0.10649403979380925,0.0003,306,94,47.212646653075694,22.64223837852478,5.727899551391602,16.91432023048401,0,0.0,141,1.5747268999984954,4.964452760703548,30.0,0.0,7.581560283687943,8,133.625,3.497767210006714,5.692296981811523,7.018178166617872e-06,1.5747268999984954,0.26847039999847766,3.711533199992118,cpu,cuda:0,0.0,480.50341796875,60.0,,,,
47,1,DDT500_num50.txt,fixed,1042,-4.36,-0.4007870096333098,0.22750000655651093,0.02436698041856289,0.18000000715255737,0.25999999046325684,-0.0017241242458112538,0.005461597902467474,0.0025171186862280592,0.8444282039999962,0.011853579024318606,0.07739139278419316,0.0003,309,91,73.8292719670672,14.113643169403076,5.528241157531738,8.585386991500854,0,0.0,141,1.5087204000010388,5.190978888357899,32.0,0.0,7.390070921985815,8,130.25,5.847007751464844,5.490660667419434,7.718283995927777e-06,1.5087204000010388,0.26414910002131364,3.586095299982844,cpu,cuda:0,0.0,458.37841796875,60.0,,,,
48,1,DDT500_num50.txt,fixed,1054,-4.5200000000000005,-0.3986508889711492,0.2175000011920929,0.027271773666143417,0.18000000715255737,0.25999999046325684,0.03069043755531311,0.037247970203558606,0.002533815832187732,0.7824443340301513,0.010687997471541167,0.08926528574277957,0.0003,313,87,47.03792569899917,22.407450675964355,5.544097661972046,16.863338232040405,0,0.0,141,1.4727210000000923,4.8908918374403605,24.0,0.0,7.475177304964539,8,131.75,7.5124897956848145,5.5098676681518555,6.639433195232414e-06,1.4727210000000923,0.24977729994861875,3.6589872000367905,cpu,cuda:0,0.0,515.3291015625,60.0,,,,
49,1,DDT500_num50.txt,fixed,1032,-4.32,-0.4027208010411435,0.22999998927116394,0.02645750716328621,0.18000000715255737,0.25999999046325684,-0.02703487326701482,-0.020172552764415742,0.0029275212436914444,0.832608143488566,0.010976350858497123,0.09010045460114877,0.0003,308,92,44.570190582661006,23.154489278793335,5.475876569747925,17.678595304489136,0,0.0,135,1.454942200000005,5.2102713155192,32.0,0.0,7.644444444444445,8,129.0,6.144103050231934,5.452455043792725,9.515858437225688e-06,1.454942200000005,0.2594179999850894,3.6080152000013186,cpu,cuda:0,0.0,406.93359375,60.0,,,,
50,1,DDT500_num50.txt,fixed,1049,-4.44,-0.4140967191889202,0.2225000113248825,0.011989576742053032,0.20000000298023224,0.23999999463558197,0.03757996891032566,0.044470370493151924,0.002401722362264991,0.8091262687336315,0.012606954138556664,0.10481689125299454,0.0003,311,89,60.29473205064707,17.397871494293213,5.57185435295105,11.826003313064575,0,0.0,141,1.6389564000073733,5.065776928364378,32.0,0.0,7.439716312056738,8,131.125,7.007808208465576,5.541302680969238,8.761679964663927e-06,1.6389564000073733,0.25794450005560066,3.5062698000147066,cpu,cuda:0,0.0,449.26416015625,60.0,,,,
51,1,DDT500_num50.txt,fixed,1034,-4.4,-0.4228643897910432,0.22500000894069672,0.019364912062883377,0.20000000298023224,0.25999999046325684,-0.05359717980027199,-0.04729476273059845,0.002599605021532625,0.7602219164371491,0.014004934317199513,0.10921014742925764,0.0003,310,90,63.6751024438619,16.238686084747314,4.920683860778809,11.317989587783813,0,0.0,142,1.431239800003823,5.212765956293914,40.0,0.0,7.28169014084507,8,129.25,6.609652042388916,4.89408540725708,7.3272512963740155e-06,1.431239800003823,0.22639229995729693,3.1208781999812345,cpu,cuda:0,0.0,476.35791015625,60.0,,,,
52,1,DDT500_num50.txt,fixed,1049,-4.32,-0.4215000804389189,0.23000001907348633,0.022360678762197495,0.20000000298023224,0.2800000011920929,0.04807243732592234,0.05400181919909441,0.0032052962790028406,0.7532031215154208,0.013759350986219943,0.10952129838271783,0.0003,308,92,58.55567915140288,17.914573192596436,5.368967771530151,12.545588493347168,0,0.0,141,1.4473394000051485,4.773117254982686,32.0,0.0,7.439716312056738,8,131.125,6.392133712768555,5.345484733581543,5.946142209722893e-06,1.4473394000051485,0.2473317000294628,3.52551150004183,cpu,cuda:0,0.0,537.650390625,60.0,,,,
53,1,DDT500_num50.txt,fixed,1059,-4.4,-0.41405998388377313,0.22500000894069672,0.016583120450377464,0.20000000298023224,0.23999999463558197,0.047401569535334906,0.05360201547543208,0.0030620528385043146,0.7731472452481588,0.010992141572448115,0.09536566147580743,0.0003,310,90,48.22054070686864,21.96159529685974,5.53408145904541,16.427501440048218,0,0.0,139,1.5526327000025049,4.974504243663395,60.0,0.0,7.618705035971223,8,132.375,6.142831325531006,5.505126476287842,6.92645971867023e-06,1.5526327000025049,0.2539802000283089,3.569797699985429,cpu,cuda:0,0.0,448.06787109375,60.0,,,,
54,1,DDT500_num50.txt,fixed,1047,-4.36,-0.4081720096807755,0.22750000655651093,0.013919408433139324,0.20000000298023224,0.23999999463558197,0.051725191064178944,0.05802313407713717,0.0025400232142684135,0.7567954442717812,0.013039866123687138,0.11139359257437965,0.0003,309,91,65.332289965319,16.025766134262085,4.422116756439209,11.603631019592285,0,0.0,138,1.3721249000154785,5.044890164418116,30.0,0.0,7.586956521739131,8,130.875,3.4072532653808594,4.400050163269043,5.344512828742154e-06,1.3721249000154785,0.19599489997017372,2.726657899962447,cpu,cuda:0,0.0,525.119140625,59.0,,,,
55,1,DDT500_num50.txt,fixed,1043,-4.64,-0.42322111222463377,0.21000000834465027,0.019999995827674866,0.18000000715255737,0.23999999463558197,0.03040286637842655,0.036625164560973644,0.0026298607932403683,0.753722357749939,0.01485849479213357,0.07141213491559029,0.0003,316,84,103.09255270172083,10.117122650146484,4.440471887588501,5.676636457443237,0,0.0,137,1.356996699994852,5.0488974113135185,32.0,0.0,7.613138686131387,8,130.375,4.270172595977783,4.417985439300537,4.812867246073438e-06,1.356996699994852,0.1982160999923508,2.75707049999437,cpu,cuda:0,0.0,495.748046875,60.0,,,,
56,1,DDT500_num50.txt,fixed,1044,-4.28,-0.39977485215501024,0.23250000178813934,0.02222048118710518,0.18000000715255737,0.25999999046325684,0.021341750646630922,0.027574170380830765,0.0026089978559563558,0.7536917765935262,0.009676832236194362,0.08486009413997332,0.0003,307,93,48.60854276400093,21.47770619392395,4.541435480117798,16.93625569343567,0,0.0,140,1.472144000001208,4.875478932227211,32.0,0.0,7.457142857142857,8,130.5,6.982120037078857,4.515634536743164,5.80097457714146e-06,1.472144000001208,0.19072279996726138,2.7514144999950076,cpu,cuda:0,0.0,440.56298828125,60.0,,,,
57,1,DDT500_num50.txt,fixed,1044,-4.5200000000000005,-0.41335657562721695,0.2175000160932541,0.01854049228131771,0.20000000298023224,0.25999999046325684,0.010640107095241547,0.0171520309522748,0.0024520254228264093,0.773793488740921,0.0125023098080419,0.07739762170240283,0.0003,313,87,74.12993823663908,14.083378791809082,4.377117156982422,9.70624566078186,0,0.0,140,1.3586080000040965,4.8065134097333155,28.0,0.0,7.457142857142857,8,130.5,6.082762718200684,4.354364395141602,4.9611694521445315e-06,1.3586080000040965,0.1882372000181931,2.7067317999844818,cpu,cuda:0,0.0,513.236328125,60.0,,,,
58,1,DDT500_num50.txt,fixed,1072,-4.08,-0.38850017528332553,0.24500000476837158,0.02179449237883091,0.2199999988079071,0.2800000011920929,-0.05608880566433072,-0.049966725365569196,0.002355386532144621,0.7299775431553522,0.01312815898078649,0.07760350293635081,0.0003,302,98,58.383336656568495,18.361403465270996,5.691086292266846,12.670303583145142,0,0.0,142,1.5758511999974871,4.5998134315013885,18.0,0.0,7.549295774647887,8,134.0,5.172039985656738,5.665720462799072,6.073827535146847e-06,1.5758511999974871,0.25996619999386894,3.698826200012263,cpu,cuda:0,0.0,457.2734375,60.0,,,,
59,1,DDT500_num50.txt,fixed,1063,-4.4,-0.3859302592570521,0.22499999403953552,0.025980757549405098,0.18000000715255737,0.25999999046325684,0.03168063809474309,0.0376401295264562,0.002248690828370551,0.7083838582038879,0.010351508576422929,0.08392323516309261,0.0003,310,90,51.217983736866685,20.75442886352539,5.447926998138428,15.306489706039429,0,0.0,140,1.495344799997838,4.825964253462382,45.0,0.0,7.5928571428571425,8,132.875,5.158427715301514,5.420977592468262,6.253660558286356e-06,1.495344799997838,0.24719950000326207,3.5511900999954378,cpu,cuda:0,0.0,510.01416015625,59.0,,,,
60,1,DDT500_num50.txt,fixed,1062,-4.36,-0.38510917104177045,0.22750002145767212,0.026339128613471985,0.18000000715255737,0.25999999046325684,0.06558711617253721,0.07124901749193668,0.0022915981680853292,0.6807701960206032,0.012150171205576044,0.08034753263927996,0.0003,309,91,71.55958790257552,14.840778589248657,5.5829291343688965,9.25783371925354,0,0.0,139,1.5062596000134363,4.727871936817851,24.0,0.0,7.640287769784172,8,132.75,6.036348342895508,5.554302215576172,6.912083335919306e-06,1.5062596000134363,0.25584870000784576,3.6624673000042094,cpu,cuda:0,0.0,590.8291015625,60.0,,,,
61,1,DDT500_num50.txt,fixed,1058,-4.12,-0.36251085419903023,0.24250000715255737,0.011989576742053032,0.2199999988079071,0.25999999046325684,0.12605132721364498,0.131897563735644,0.002175230241846293,0.6933851639429728,0.012236634696212908,0.07781802498114605,0.0003,303,97,86.45797260499657,12.237159490585327,6.3390491008758545,5.898097038269043,0,0.0,143,1.7921585000021878,4.878071832070955,32.0,0.0,7.398601398601398,8,132.25,6.740734577178955,6.311643123626709,7.653570719412528e-06,1.7921585000021878,0.28859349997401296,4.080679600010626,cpu,cuda:0,0.0,532.87646484375,60.0,,,,
62,1,DDT500_num50.txt,fixed,1063,-4.24,-0.36960429934295963,0.23500001430511475,0.019364912062883377,0.20000000298023224,0.25999999046325684,-0.048476581927388906,-0.042494752211496234,0.001962442765943706,0.6963050961494446,0.011220814194530249,0.0671234019100666,0.0003,306,94,97.82948772733441,10.865844488143921,5.791653156280518,5.074174404144287,0,0.0,145,1.5901841999966564,5.104421449178586,24.0,0.0,7.3310344827586205,8,132.875,7.523920059204102,5.761556625366211,9.691942068457138e-06,1.5901841999966564,0.2739580999568716,3.76004139998804,cpu,cuda:0,0.0,444.37890625,60.0,,,,
63,1,DDT500_num50.txt,fixed,1056,-3.96,-0.36551919088824075,0.2524999976158142,0.028173567727208138,0.2199999988079071,0.3199999928474426,-0.017470236013953883,-0.011608192578326756,0.0021368409312951067,0.6930464108784994,0.011817018540265659,0.06972413758436839,0.0003,299,101,91.77887366766896,11.505915880203247,5.532034158706665,5.973865985870361,0,0.0,141,1.4904556999936176,4.857954548615398,28.0,0.0,7.48936170212766,8,132.0,5.123475551605225,5.498089790344238,7.072637799865333e-06,1.4904556999936176,0.2590765000277315,3.6184878000221943,cpu,cuda:0,0.0,491.29736328125,59.0,,,,
64,1,DDT500_num50.txt,fixed,1058,-4.16,-0.36451507335240574,0.23999999463558197,0.009999997913837433,0.2199999988079071,0.25999999046325684,0.06397083401679993,0.06988688558340073,0.002574990503489971,0.7203545272350311,0.02199979338911362,0.0336284046061337,0.0003,304,96,137.4649185900568,7.696509122848511,5.507277011871338,2.1892201900482178,0,0.0,144,1.494265200009977,4.903591678814085,18.0,0.0,7.347222222222222,8,132.25,5.238081932067871,5.474246501922607,8.064048415690195e-06,1.494265200009977,0.25355919997309684,3.598178700012795,cpu,cuda:0,0.0,351.38232421875,59.0,,,,
65,1,DDT500_num50.txt,fixed,1086,-3.96,-0.3771704861223928,0.2524999976158142,0.013919411227107048,0.23999999463558197,0.2800000011920929,-0.009282120104346956,-0.003303707909903356,0.002107157638030393,0.7031992205551693,0.010699345854975815,0.07567872855413173,0.0003,299,101,54.313517828288305,19.995022296905518,5.6116766929626465,14.383333444595337,0,0.0,141,1.5195483000134118,4.828729281767956,28.0,0.0,7.702127659574468,8,135.75,3.41869854927063,5.587465286254883,5.998489996272838e-06,1.5195483000134118,0.25839299999825016,3.6783141000341857,cpu,cuda:0,0.0,448.06787109375,60.0,,,,
66,1,DDT500_num50.txt,fixed,1105,-4.08,-0.38029982931184064,0.24500000476837158,0.025980761274695396,0.20000000298023224,0.2800000011920929,0.03801519201638607,0.043429624916125946,0.0025986986360154473,0.6713784978939936,0.011558077898091422,0.06013378930779604,0.0003,302,98,57.18840601098033,19.32209825515747,4.925885915756226,14.39619755744934,0,0.0,146,1.4621492999958718,4.658823525528023,21.0,0.0,7.568493150684931,8,138.125,6.00910758972168,4.894550800323486,4.771351086674258e-06,1.4621492999958718,0.21624609995342325,3.102366199984317,cpu,cuda:0,0.0,472.29443359375,60.0,,,,
67,1,DDT500_num50.txt,fixed,1042,-4.32,-0.38673842189320856,0.23000001907348633,0.033166248351335526,0.20000000298023224,0.30000001192092896,0.01743193662592343,0.02332075365952083,0.0027910902530753185,0.7284365211214338,0.012550718209240586,0.05575057125783393,0.0003,308,92,87.3735368663021,11.92580771446228,4.384016275405884,7.541780471801758,0,0.0,136,1.319625799982532,5.120921307470428,24.0,0.0,7.661764705882353,8,130.25,3.455068826675415,4.362984657287598,7.653570719412528e-06,1.319625799982532,0.19735370000489638,2.7436694000371062,cpu,cuda:0,0.0,409.12109375,60.0,,,,
68,1,DDT500_num50.txt,fixed,1109,-3.8000000000000003,-0.3782572932928493,0.26249998807907104,0.018540501594543457,0.23999999463558197,0.30000001192092896,0.017415336767832437,0.02321821004152298,0.0023439073857540885,0.6974826614061992,0.019604705941552916,0.0695616909613212,0.0003,295,105,50.68183728520531,21.881606101989746,5.319229602813721,16.562363147735596,0,0.0,144,1.6577191000051243,4.934174932586491,36.0,0.0,7.701388888888889,8,138.625,4.635124206542969,5.29880428314209,4.268291831976967e-06,1.6577191000051243,0.23774199999752454,3.2815225000231294,cpu,cuda:0,0.0,425.01513671875,60.0,,,,
69,1,DDT500_num50.txt,fixed,1079,-3.56,-0.34145224330853063,0.2775000035762787,0.025372231379151344,0.23999999463558197,0.3199999928474426,0.005666323378682137,0.01189689114689827,0.0017956194467842578,0.7128376483917236,0.011686467775143683,0.03739431612193585,0.0003,289,111,105.44845092981025,10.232487916946411,4.510087013244629,5.722388744354248,0,0.0,144,1.3948116000101436,5.1158480074142725,30.0,0.0,7.493055555555555,8,134.875,5.555121421813965,4.482891082763672,5.043553301220527e-06,1.3948116000101436,0.1985915999757708,2.7854247999530344,cpu,cuda:0,0.0,349.09228515625,60.0,,,,
70,1,DDT500_num50.txt,fixed,1086,-3.72,-0.34313772137634474,0.26749998331069946,0.022220490500330925,0.2199999988079071,0.30000001192092896,-0.02511221424986919,-0.019514515592406193,0.002116039829949538,0.6655719796816508,0.015115740864227215,0.07980401112387578,0.0003,293,107,50.35217443946514,21.568085432052612,4.505274295806885,17.06279969215393,0,0.0,147,1.3868416999812325,5.044198896344854,39.0,0.0,7.387755102040816,8,135.75,7.870038032531738,4.483903408050537,6.760333690181142e-06,1.3868416999812325,0.19268010000814684,2.802252100003898,cpu,cuda:0,0.0,388.77392578125,60.0,,,,
71,1,DDT500_num50.txt,fixed,1063,-3.96,-0.3335329138232356,0.2524999976158142,0.01984313875436783,0.23999999463558197,0.30000001192092896,-0.03872075490653515,-0.03330286219716072,0.002175250556319952,0.6505520194768906,0.011773972073569894,0.05058733839541674,0.0003,299,101,103.78008351296715,10.242813110351562,5.889148712158203,4.353647232055664,0,0.0,138,1.6480146999983845,5.053621822107769,36.0,0.0,7.702898550724638,8,132.875,4.255511283874512,5.8619585037231445,7.831606126273982e-06,1.6480146999983845,0.2755843999602803,3.800450400001864,cpu,cuda:0,0.0,382.73486328125,60.0,,,,
72,1,DDT500_num50.txt,fixed,1086,-3.64,-0.3160632468157995,0.2724999785423279,0.029895653948187828,0.2199999988079071,0.3199999928474426,-0.01681062034689463,-0.011247222813276144,0.0020372240374294612,0.6582012268213125,0.01273632228661042,0.06601628754287958,0.0003,291,109,49.92196190267996,21.753952741622925,5.766493082046509,15.987443685531616,0,0.0,143,1.6614603999933024,4.9465929994266995,32.0,0.0,7.594405594405594,8,135.75,5.379358768463135,5.731263637542725,6.808510079281405e-06,1.6614603999933024,0.26710299994920206,3.6682549999586627,cpu,cuda:0,0.0,413.15234375,60.0,,,,
73,1,DDT500_num50.txt,fixed,1085,-3.96,-0.32835054955190174,0.2524999976158142,0.024366989731788635,0.2199999988079071,0.30000001192092896,0.019316505640745163,0.025002261996269225,0.0018550117577736576,0.6613261421521505,0.015040670001568893,0.06816592154403528,0.0003,299,101,46.89657671218776,23.136017084121704,5.787103891372681,17.348893880844116,0,0.0,145,1.680019799996444,4.92995391639147,21.0,0.0,7.482758620689655,8,135.625,6.382348537445068,5.750495433807373,8.116743629216217e-06,1.680019799996444,0.2637144000018452,3.6719878999538196,cpu,cuda:0,0.0,419.87060546875,59.0,,,,
74,1,DDT500_num50.txt,fixed,1049,-3.84,-0.324613113636942,0.25999999046325684,0.02828427031636238,0.2199999988079071,0.3199999928474426,0.01742241247039702,0.02366667789303594,0.0018541465461668041,0.7171338531706068,0.012815525884636574,0.0681704150305854,0.0003,296,104,71.11229906420247,14.75131607055664,5.5687456130981445,9.182554960250854,0,0.0,141,1.5855152000076487,5.125834128195269,18.0,0.0,7.439716312056738,8,131.125,7.253232002258301,5.539117813110352,5.929388862568885e-06,1.5855152000076487,0.25561989999005164,3.5691551999880176,cpu,cuda:0,0.0,449.26416015625,60.0,,,,
75,1,DDT500_num50.txt,fixed,1068,-4.04,-0.34871049920870695,0.2475000023841858,0.031523801386356354,0.20000000298023224,0.30000001192092896,-0.053538342006504536,-0.04807724244892597,0.003057667810935527,0.6989932358264923,0.009676444853539579,0.0643653164152056,0.0003,301,99,72.49699371242444,14.731645345687866,5.544055461883545,9.187575101852417,0,0.0,140,1.5906736999968416,5.1198501854800105,40.0,0.0,7.628571428571429,8,133.5,5.024937629699707,5.517123699188232,8.01455280452501e-06,1.5906736999968416,0.2594681999871682,3.5364094999713416,cpu,cuda:0,0.0,421.81396484375,60.0,,,,
76,1,DDT500_num50.txt,fixed,1082,-3.96,-0.34545016515190974,0.2524999976158142,0.028173569589853287,0.20000000298023224,0.2800000011920929,-0.01536460340555225,-0.009677991936249393,0.0027240257560541587,0.7048620496477399,0.012632593907515652,0.07036755912538085,0.0003,299,101,49.81563281354126,21.720089435577393,4.972754240036011,16.747319221496582,0,0.0,142,1.4936660999937885,5.050831789450372,33.0,0.0,7.619718309859155,8,135.25,5.2618913650512695,4.937190532684326,6.592176760022994e-06,1.4936660999937885,0.2183330000279966,3.1117163999770128,cpu,cuda:0,0.0,435.6767578125,60.0,,,,
77,1,DDT500_num50.txt,fixed,1082,-3.88,-0.3254448385380255,0.2574999928474426,0.023318450897932053,0.2199999988079071,0.30000001192092896,-0.01177440956234932,-0.005265419080387801,0.00141597220984598,0.7216979712247849,0.012252564900942767,0.0718887719946603,0.0003,297,103,57.72521079668131,18.743976593017578,4.873528480529785,13.870434045791626,0,0.0,145,1.4406890999962343,5.173752312298843,30.0,0.0,7.462068965517242,8,135.25,7.137051105499268,4.847958564758301,5.793620402982924e-06,1.4406890999962343,0.21533590000399272,3.079116300012174,cpu,cuda:0,0.0,409.12109375,60.0,,,,
78,1,DDT500_num50.txt,fixed,1030,-3.84,-0.3196297314594172,0.25999999046325684,0.022360684350132942,0.2199999988079071,0.30000001192092896,0.023336176527664065,0.029849280137568712,0.0016120798682095483,0.7319144085049629,0.016813194466521963,0.08328144415281713,0.0003,296,104,72.16977885071331,14.271901845932007,5.679274797439575,8.592608213424683,0,0.0,134,1.6176082999991195,5.310679612576383,35.0,0.0,7.686567164179104,8,128.75,4.84122896194458,5.645804405212402,8.375248398806434e-06,1.6176082999991195,0.26535940000758274,3.630055400002675,cpu,cuda:0,0.0,371.9638671875,60.0,,,,
79,1,DDT500_num50.txt,fixed,1053,-4.16,-0.33878452490788613,0.24000000953674316,0.019999995827674866,0.20000000298023224,0.25999999046325684,-0.05051530288024382,-0.04404915412041274,0.0016182300433601167,0.727526540105993,0.01053043842231008,0.06985410340976986,0.0003,304,96,62.388262570637025,16.878174781799316,5.5950844287872314,11.283074855804443,0,0.0,144,1.6010028000055172,5.136752142639015,30.0,0.0,7.3125,8,131.625,7.712611198425293,5.55819034576416,1.1881525097123813e-05,1.6010028000055172,0.25506189999578055,3.571789100040405,cpu,cuda:0,0.0,495.748046875,60.0,,,,
80,1,DDT500_num50.txt,fixed,1049,-3.96,-0.339975162628534,0.2524999976158142,0.01984313502907753,0.2199999988079071,0.2800000011920929,-0.023756853258237242,-0.01810718352207914,0.002220774826128036,0.6760057091712952,0.01539347148500383,0.05353728379122913,0.0003,299,101,64.04682824645658,16.37864089012146,5.46248197555542,10.91614556312561,0,0.0,138,1.5560486999838758,5.38036224226138,55.0,0.0,7.601449275362318,8,131.125,4.702060699462891,5.437963962554932,6.7308396864973474e-06,1.5560486999838758,0.2529332000267459,3.499953699973048,cpu,cuda:0,0.0,416.9033203125,60.0,,,,
81,1,DDT500_num50.txt,fixed,1103,-3.8000000000000003,-0.32683399323535767,0.26249998807907104,0.025372235104441643,0.23999999463558197,0.30000001192092896,-0.07054695039987564,-0.06545185577124357,0.0019276934559457003,0.6058937191963196,0.01367767047486268,0.07345158369280398,0.0003,295,105,63.29073880590032,17.427510261535645,5.982661485671997,11.444830656051636,0,0.0,147,1.7447512000144343,4.962828646761012,28.0,0.0,7.503401360544218,8,137.875,8.084514617919922,5.943933963775635,8.327602699864656e-06,1.7447512000144343,0.27096619999610994,3.786406100012755,cpu,cuda:0,0.0,418.83837890625,60.0,,,,
82,1,DDT500_num50.txt,fixed,1110,-3.2800000000000002,-0.32744823436332043,0.29499998688697815,0.031224992126226425,0.25999999046325684,0.3400000035762787,-0.01173270692427953,-0.006844248374303182,0.002094232919625938,0.5935574611028035,0.006590963624573002,0.0378090412200739,0.0003,282,118,49.38843356891989,22.474897861480713,5.717601299285889,16.757282495498657,0,0.0,145,1.642966699990211,4.751351342974482,30.0,0.0,7.655172413793103,8,138.75,8.13556957244873,5.690598487854004,8.188211722881533e-06,1.642966699990211,0.25206269997215713,3.6658447000627348,cpu,cuda:0,0.0,417.93359375,59.0,,,,
83,1,DDT500_num50.txt,fixed,1098,-3.56,-0.3227619877706923,0.2775000035762787,0.018540501594543457,0.23999999463558197,0.30000001192092896,-0.012120566663465329,-0.007070685570527401,0.0018112019253229456,0.5955484679767064,0.011478834951828634,0.056373493113954155,0.0003,289,111,51.38908542296854,21.36640477180481,5.6541643142700195,15.712225675582886,0,0.0,146,1.6207325999930617,4.760473584868217,30.0,0.0,7.52054794520548,8,137.25,5.285593509674072,5.621420383453369,8.224576959037222e-06,1.6207325999930617,0.2506467999864981,3.6220512999807397,cpu,cuda:0,0.0,508.826171875,59.0,,,,
84,1,DDT500_num50.txt,fixed,1080,-3.6,-0.317406387692468,0.2750000059604645,0.021794503554701805,0.23999999463558197,0.30000001192092896,-0.24111168831586838,-0.2361949309706688,0.0014192928792908788,0.5626403242349625,0.02622142876498401,0.0344126932322979,0.0003,290,110,139.25846350900287,7.755363464355469,5.5883917808532715,2.1669557094573975,0,0.0,148,1.613199799996437,5.049999998454695,25.0,0.0,7.297297297297297,8,135.0,5.894913196563721,5.551815509796143,8.092194548225962e-06,1.613199799996437,0.2563131999777397,3.553094700031579,cpu,cuda:0,0.0,382.73486328125,59.0,,,,
85,1,DDT500_num50.txt,fixed,1080,-3.48,-0.3032120220097897,0.2824999988079071,0.02331845462322235,0.25999999046325684,0.3199999928474426,0.15719777531921864,0.16223025368526578,0.002136065872036852,0.6100514531135559,0.011196167208254337,0.055209140526130795,0.0003,287,113,78.0878476329238,13.83057713508606,5.6076953411102295,8.222865581512451,0,0.0,142,1.7032426000005216,4.9842592612460805,30.0,0.0,7.605633802816901,8,135.0,4.242640495300293,5.574735641479492,5.778884769824799e-06,1.7032426000005216,0.25615109999125707,3.4860254999912286,cpu,cuda:0,0.0,444.37890625,60.0,,,,
86,1,DDT500_num50.txt,fixed,1079,-3.6,-0.31302159986474914,0.2750000059604645,0.019364923238754272,0.23999999463558197,0.30000001192092896,-0.02807085107391079,-0.02298883441835642,0.0016509562265127897,0.590749536951383,0.010533594380831346,0.05195117563319703,0.0003,290,110,55.03453542479421,19.605870962142944,5.568186044692993,14.03767204284668,0,0.0,144,1.6092723000238038,5.0027803506312045,30.0,0.0,7.493055555555555,8,134.875,6.173279285430908,5.539915561676025,5.739404059568187e-06,1.6092723000238038,0.25251170000956336,3.5503882999601046,cpu,cuda:0,0.0,473.29052734375,59.0,,,,
87,1,DDT500_num50.txt,fixed,1101,-3.36,-0.30799531747081443,0.28999999165534973,0.017320509999990463,0.25999999046325684,0.3199999928474426,-0.04268431961536408,-0.03752657771110535,0.001874636074838539,0.6095063408215841,0.006774053435462216,0.05156094798197349,0.0003,284,116,49.47203804310622,22.254995822906494,5.680505752563477,16.574476957321167,0,0.0,147,1.6378259000030084,4.845594912415521,28.0,0.0,7.489795918367347,8,137.625,7.4487833976745605,5.65463399887085,9.82880374067463e-06,1.6378259000030084,0.25361619998329843,3.633111200046187,cpu,cuda:0,0.0,405.9033203125,59.0,,,,
88,1,DDT500_num50.txt,fixed,1105,-3.64,-0.3038494513016613,0.27250000834465027,0.028173571452498436,0.2199999988079071,0.3199999928474426,0.024019979472671236,0.02947520704141685,0.0016656626415039813,0.6288058204310281,0.01544524883086394,0.06920270142810685,0.0003,291,109,52.697695954887635,20.968658685684204,5.605686902999878,15.36295771598816,0,0.0,147,1.6327806000008422,4.794570135315079,25.0,0.0,7.517006802721088,8,138.125,6.808772087097168,5.58032751083374,9.322745427198242e-06,1.6327806000008422,0.2541652999643702,3.5651852000428335,cpu,cuda:0,0.0,433.18798828125,59.0,,,,
89,1,DDT500_num50.txt,fixed,1068,-3.6,-0.31274657320305194,0.2749999761581421,0.03968627005815506,0.18000000715255737,0.3199999928474426,-0.048404899115363755,-0.04312382203837236,0.0017777062486857176,0.6169932087262472,0.006925479900867989,0.053035762471457325,0.0003,290,110,48.15540462558487,22.17819595336914,5.665309190750122,16.512872457504272,0,0.0,144,1.598371700009011,4.992509362849403,27.0,0.0,7.416666666666667,8,133.5,5.634713649749756,5.638708114624023,6.399662652256666e-06,1.598371700009011,0.25853929997902014,3.650633999992351,cpu,cuda:0,0.0,452.76513671875,60.0,,,,
90,1,DDT500_num50.txt,fixed,1066,-3.72,-0.3013435347726613,0.26749998331069946,0.022220490500330925,0.23999999463558197,0.30000001192092896,0.017785649498303732,0.023074139406283698,0.0019164266297593713,0.6246705611546834,0.010007407811159889,0.07574347058931986,0.0003,293,107,47.92411472916678,22.243499040603638,5.76145339012146,16.482030153274536,0,0.0,140,1.719209500011857,5.047842399488023,27.0,0.0,7.614285714285714,8,133.25,4.4370598793029785,5.727965831756592,5.245208740234375e-06,1.719209500011857,0.25687350004045584,3.622525900043911,cpu,cuda:0,0.0,495.748046875,60.0,,,,
91,1,DDT500_num50.txt,fixed,1101,-3.4,-0.29685920328618887,0.2874999940395355,0.03307189419865608,0.23999999463558197,0.3400000035762787,0.02612585723400116,0.03161895126104355,0.0017796187040706477,0.638290266195933,0.013002138072624802,0.0734114853044351,0.0003,285,115,50.64788400336795,21.738321781158447,6.1177659034729,15.620540857315063,0,0.0,143,1.736201899992011,5.21889191730579,40.0,0.0,7.699300699300699,8,137.625,3.603383779525757,6.0880303382873535,4.143273145018611e-06,1.736201899992011,0.27320979998148687,3.936337099996308,cpu,cuda:0,0.0,398.138671875,60.0,,,,
92,1,DDT500_num50.txt,fixed,1085,-3.6,-0.2984953725609252,0.2750000059604645,0.021794503554701805,0.23999999463558197,0.30000001192092896,-0.030432439941380705,-0.02490882362638201,0.001343085164470332,0.6195159128734044,0.011207769308904452,0.05586035629468305,0.0003,290,110,55.33568489108318,19.607600450515747,4.574960947036743,15.032627820968628,0,0.0,143,1.394870500005709,5.077419353959747,35.0,0.0,7.5874125874125875,8,135.625,4.2112202644348145,4.553883075714111,4.94395271743997e-06,1.394870500005709,0.20004360002167232,2.8543114000058267,cpu,cuda:0,0.0,394.8056640625,60.0,,,,
93,1,DDT500_num50.txt,fixed,1120,-3.36,-0.2829585683370723,0.28999999165534973,0.03162278234958649,0.23999999463558197,0.3400000035762787,-0.016793698320786157,-0.01204256663719813,0.0018447329212600986,0.5673489173253378,0.007077872528073689,0.05050468537956476,0.0003,284,116,48.95609349751881,22.877642393112183,5.982080459594727,16.895543575286865,0,0.0,147,1.7589690000040719,4.786607142857143,28.0,0.0,7.619047619047619,8,140.0,4.123105525970459,5.956092357635498,6.686355391138932e-06,1.7589690000040719,0.2625010999672668,3.799628900052994,cpu,cuda:0,0.0,476.3583984375,60.0,,,,
94,1,DDT500_num50.txt,fixed,1081,-3.84,-0.31205768702361186,0.25999999046325684,0.02828427031636238,0.2199999988079071,0.3199999928474426,0.04483040339416928,0.05018047160572476,0.001894410576723102,0.6297275092866685,0.00885580396020992,0.05423000237594048,0.0003,296,104,70.74853294528008,15.279468774795532,4.6313958168029785,10.648058891296387,0,0.0,141,1.396527500000957,5.081406105016802,28.0,0.0,7.666666666666667,8,135.125,6.33319616317749,4.605177402496338,9.179889275401365e-06,1.396527500000957,0.20211480001853488,2.900544900005116,cpu,cuda:0,0.0,436.86669921875,59.0,,,,
95,1,DDT500_num50.txt,fixed,1095,-3.7600000000000002,-0.3357645962333213,0.26499998569488525,0.01658312790095806,0.23999999463558197,0.2800000011920929,-0.053262184063593544,-0.047788650790850325,0.0018543593469075859,0.6400710821151734,0.009450899832881988,0.06266036511709293,0.0003,294,106,49.87405721437196,21.955302238464355,5.886083126068115,16.06920599937439,0,0.0,145,1.629159099995377,5.091324199606839,54.0,0.0,7.551724137931035,8,136.875,4.196352481842041,5.860647201538086,6.301200301095378e-06,1.629159099995377,0.27426949997425254,3.819473299990932,cpu,cuda:0,0.0,434.3642578125,60.0,,,,
96,1,DDT500_num50.txt,fixed,1092,-3.56,-0.33554660852768475,0.2774999737739563,0.01561250351369381,0.25999999046325684,0.30000001192092896,-0.024993716180324553,-0.0197561576962471,0.0015645146369934082,0.601981806755066,0.00925204458180815,0.0456039035692811,0.0003,289,111,64.40920388795804,16.95409870147705,5.643357753753662,11.310726881027222,0,0.0,143,1.495495100012704,5.249084248647585,40.0,0.0,7.636363636363637,8,136.5,4.387482166290283,5.609284400939941,6.080842467781622e-06,1.495495100012704,0.266790999994555,3.716255200026353,cpu,cuda:0,0.0,393.86279296875,60.0,,,,
97,1,DDT500_num50.txt,fixed,1110,-3.48,-0.3268572510285616,0.2824999988079071,0.029047377407550812,0.2199999988079071,0.3199999928474426,-5.358743170897166e-05,0.004597478608290354,0.0020843910751864314,0.5693263212839762,0.007061745466974874,0.05090669753650824,0.0003,287,113,47.669638314120164,23.285261631011963,4.883078098297119,18.402170658111572,0,0.0,146,1.5232484000134718,4.872072066272701,32.0,0.0,7.602739726027397,8,138.75,8.771402359008789,4.859413146972656,7.094705779309152e-06,1.5232484000134718,0.20460109997839027,3.019357500001206,cpu,cuda:0,0.0,381.6083984375,60.0,,,,
98,1,DDT500_num50.txt,fixed,1105,-3.4,-0.3196581778265025,0.2874999940395355,0.017139138653874397,0.25999999046325684,0.3199999928474426,0.017455986017982164,0.022133136292298634,0.0015652178786695003,0.5459757069746654,0.010594585700891912,0.07563935319582621,0.0003,285,115,50.966361760350615,21.68096685409546,4.715980768203735,16.96496868133545,0,0.0,144,1.481415600002947,4.735746606334842,28.0,0.0,7.673611111111111,8,138.125,4.7811479568481445,4.68816614151001,5.127385520609096e-06,1.481415600002947,0.20192180002231908,2.898414400006004,cpu,cuda:0,0.0,464.93994140625,60.0,,,,
99,1,DDT500_num50.txt,fixed,1099,-3.52,-0.3215806074901104,0.2799999713897705,0.024494901299476624,0.23999999463558197,0.3199999928474426,-0.051328716799616814,-0.04692701157182455,0.0020788953988812864,0.5441154589255651,0.008467411797028035,0.04398563946597278,0.0003,288,112,55.43397796093126,19.825385808944702,5.925379276275635,13.899993419647217,0,0.0,141,1.6157701999854908,4.898089170672874,30.0,0.0,7.794326241134752,8,137.375,3.159806251525879,5.897885322570801,5.883675839868374e-06,1.6157701999854908,0.2750755999441026,3.867906400028005,cpu,cuda:0,0.0,382.7353515625,60.0,,,,
100,1,DDT500_num50.txt,fixed,1111,-3.36,-0.3129243251519224,0.28999999165534973,0.014142143540084362,0.25999999046325684,0.30000001192092896,0.1096410034224391,0.11504577612504363,0.0018866852042265236,0.6348114013671875,0.01165791365201585,0.04706446104682982,0.0003,284,116,69.76316048630393,15.925310611724854,5.664764165878296,10.260534286499023,0,0.0,145,1.5032128999919223,4.94509451245532,27.0,0.0,7.662068965517242,8,138.875,4.9607834815979,5.634624481201172,6.531537565024337e-06,1.5032128999919223,0.2601594000498153,3.742283400006272,cpu,cuda:0,0.0,428.3203125,59.0,,,,
101,1,DDT500_num50.txt,fixed,1096,-3.24,-0.3091728435872649,0.29749998450279236,0.025372227653861046,0.23999999463558197,0.3199999928474426,-0.08391729610351224,-0.07874560713147123,0.0019585941530143223,0.6150985260804495,0.01041539009505262,0.04099358400950829,0.0003,281,119,91.92754793910296,11.922432661056519,5.893181324005127,6.029236793518066,0,0.0,144,1.6467477000023791,5.112226275631981,40.0,0.0,7.611111111111111,8,137.0,3.674234628677368,5.856074810028076,5.4628558245894965e-06,1.6467477000023791,0.27436530004342785,3.798115900010089,cpu,cuda:0,0.0,380.59814453125,60.0,,,,
102,1,DDT500_num50.txt,fixed,1081,-3.6,-0.306732778001815,0.2750000059604645,0.025980764999985695,0.23999999463558197,0.3199999928474426,-0.0001447185014302914,0.005127681132692557,0.0015945805218787147,0.6069689759841332,0.013070108315262657,0.07616637819088422,0.0003,290,110,52.165821645443884,20.72238039970398,5.59768009185791,15.124685287475586,0,0.0,143,1.492666599997392,5.08510638099374,27.0,0.0,7.559440559440559,8,135.125,5.666513442993164,5.567564487457275,7.1107115218183026e-06,1.492666599997392,0.26660270001593744,3.678136500015171,cpu,cuda:0,0.0,415.9951171875,59.0,,,,
103,1,DDT500_num50.txt,fixed,1092,-3.64,-0.3169144976787755,0.2724999785423279,0.028173575177788734,0.2199999988079071,0.30000001192092896,-0.007867035269737244,-0.0029825836420059202,0.0018394055659882724,0.580414879322052,0.010089878691360354,0.05884183458983898,0.0003,291,109,63.84538982679301,17.103819131851196,5.869905948638916,11.233901262283325,0,0.0,144,1.6038181999938388,5.123626371443053,30.0,0.0,7.583333333333333,8,136.5,5.678908348083496,5.847699165344238,5.684671123162843e-06,1.6038181999938388,0.2792018999807624,3.8246070000041072,cpu,cuda:0,0.0,425.01513671875,60.0,,,,
104,1,DDT500_num50.txt,fixed,1097,-3.48,-0.3031255656628047,0.2824999988079071,0.021065378561615944,0.25999999046325684,0.3199999928474426,0.025015512108802797,0.02964241604010264,0.0016309948172420264,0.5442403614521026,0.008536620492426058,0.056528068333864215,0.0003,287,113,47.339997342627264,23.172793865203857,5.790789604187012,17.381993770599365,0,0.0,145,1.6293358000111766,4.989972655297195,35.0,0.0,7.56551724137931,8,137.125,5.797359466552734,5.766340255737305,8.023414011404384e-06,1.6293358000111766,0.2698777000186965,3.732467899992116,cpu,cuda:0,0.0,448.068359375,60.0,,,,
105,1,DDT500_num50.txt,fixed,1101,-3.6,-0.2999724083050809,0.2749999761581421,0.019364923238754272,0.23999999463558197,0.30000001192092896,-0.06547638651682064,-0.06048858762369491,0.002021954467636533,0.5998778194189072,0.01520889368839562,0.07613128644879907,0.0003,290,110,69.49941355013873,15.841860294342041,5.911070346832275,9.930773973464966,0,0.0,143,1.7768995000042196,4.954586738245148,30.0,0.0,7.699300699300699,8,137.625,6.040229797363281,5.881563663482666,5.3151838983467314e-06,1.7768995000042196,0.26296150005509844,3.707635700026003,cpu,cuda:0,0.0,373.10400390625,60.0,,,,
106,1,DDT500_num50.txt,fixed,1080,-3.68,-0.28506438222654296,0.26999998092651367,0.026457520201802254,0.23999999463558197,0.30000001192092896,0.037548188026994465,0.04258162947371602,0.0018849231419153512,0.5975904285907745,0.012062897160649299,0.06069798655807972,0.0003,292,108,65.12348811586654,16.5838782787323,5.6996235847473145,10.884241104125977,0,0.0,144,1.6235920000090118,5.215740741623772,40.0,0.0,7.5,8,135.0,4.9749369621276855,5.672423362731934,6.498819857370108e-06,1.6235920000090118,0.2637134000506194,3.6526717999677203,cpu,cuda:0,0.0,415.9951171875,60.0,,,,
107,1,DDT500_num50.txt,fixed,1111,-3.44,-0.28214582370835317,0.2849999666213989,0.019364919513463974,0.25999999046325684,0.3199999928474426,0.009892118722200393,0.015075723826885223,0.0015954434173181653,0.5981325387954712,0.011291464511305093,0.049468367174267766,0.0003,286,114,94.08649961290214,11.808282852172852,5.9450461864471436,5.863224029541016,0,0.0,147,1.7006283999944571,5.057605757786281,32.0,0.0,7.557823129251701,8,138.875,6.132648468017578,5.918044567108154,7.07464687366155e-06,1.7006283999944571,0.26688580007248675,3.811596899966389,cpu,cuda:0,0.0,445.56640625,60.0,,,,
108,1,DDT500_num50.txt,fixed,1074,-3.56,-0.28899327017964005,0.2775000035762787,0.027271784842014313,0.23999999463558197,0.3199999928474426,-0.008624561958842807,-0.003572384516398112,0.001969766958306233,0.6037060419718424,0.013624149607494473,0.03633405345802506,0.0003,289,111,67.82002503510668,15.836030721664429,5.382902383804321,10.453114032745361,0,0.0,143,1.779249900013383,5.148975790767918,28.0,0.0,7.510489510489511,8,134.25,6.077622890472412,5.356637477874756,6.330451014946448e-06,1.779249900013383,0.23350119997485308,3.221518100004687,cpu,cuda:0,0.0,427.2978515625,60.0,,,,
109,1,DDT500_num50.txt,fixed,1102,-3.2800000000000002,-0.254015089461796,0.29499998688697815,0.021794497966766357,0.25999999046325684,0.3400000035762787,-0.0316781647503376,-0.026107990741729738,0.0016400916113828619,0.6390221198399861,0.010947391064837575,0.07823161706328392,0.0003,282,118,48.74195539759449,22.608859062194824,5.727524042129517,16.881320238113403,0,0.0,145,1.5437563000014052,5.109800359731144,32.0,0.0,7.6,8,137.75,6.118618965148926,5.693796157836914,8.58306884765625e-06,1.5437563000014052,0.26540370001202973,3.7517957000109163,cpu,cuda:0,0.0,470.1669921875,60.0,,,,
110,1,DDT500_num50.txt,fixed,1086,-3.8000000000000003,-0.28594937623851213,0.26249998807907104,0.01854049786925316,0.2199999988079071,0.2800000011920929,0.02410683035850525,0.030040568775600858,0.002128959361774226,0.6998212072584364,0.014864863575591395,0.052288946592145495,0.0003,295,105,71.6017478820528,15.167227506637573,5.62855339050293,9.53866195678711,0,0.0,144,1.5398860000186687,5.1160220996670525,50.0,0.0,7.541666666666667,8,135.75,5.5845770835876465,5.6008524894714355,6.8770432335441e-06,1.5398860000186687,0.2643685000275582,3.6653530999901704,cpu,cuda:0,0.0,416.9033203125,60.0,,,,
111,1,DDT500_num50.txt,fixed,1127,-3.52,-0.2729034605055458,0.2800000011920929,0.034641019999980927,0.23999999463558197,0.3400000035762787,0.035205882290999094,0.04111490646998087,0.002423262922093272,0.7120652159055074,0.012407714640721679,0.06170966948072116,0.0003,288,112,49.86889246643365,22.59925866127014,6.01619553565979,16.583035707473755,0,0.0,151,1.7237737000123161,4.978704521268897,32.0,0.0,7.4635761589403975,8,140.875,5.62222146987915,5.982578277587891,6.2899139265937265e-06,1.7237737000123161,0.27003830001558526,3.8513615000265418,cpu,cuda:0,0.0,423.09521484375,60.0,,,,
112,1,DDT500_num50.txt,fixed,1097,-3.7600000000000002,-0.2714432172953792,0.26499998569488525,0.03278719633817673,0.2199999988079071,0.3199999928474426,-0.031647817914684614,-0.026029617649813493,0.0022646454240505894,0.6750523924827576,0.01125357043153296,0.08572293209532897,0.0003,294,106,45.91925391503391,23.889760971069336,5.901728391647339,17.988017082214355,0,0.0,147,1.6461930999848846,5.013673653467851,40.0,0.0,7.462585034013605,8,137.125,7.473913192749023,5.876610279083252,7.198109415185172e-06,1.6461930999848846,0.2731787000029726,3.8204020999946806,cpu,cuda:0,0.0,421.814453125,60.0,,,,
113,1,DDT500_num50.txt,fixed,1068,-3.56,-0.2813596092755112,0.2775000035762787,0.025372231379151344,0.23999999463558197,0.3199999928474426,0.014874775639989159,0.02105417305772955,0.0016247609958306632,0.6991776444695212,0.01215919233138927,0.06655246882953426,0.0003,289,111,58.35009132514069,18.30331325531006,5.567340612411499,12.73595643043518,0,0.0,145,1.592445599990242,5.398876405387336,32.0,0.0,7.36551724137931,8,133.5,5.8736701011657715,5.540445327758789,5.2125956244708505e-06,1.592445599990242,0.25040490004903404,3.5698107999942295,cpu,cuda:0,0.0,400.42578125,59.0,,,,
114,1,DDT500_num50.txt,fixed,1105,-3.56,-0.28300096787130186,0.2774999737739563,0.01561250351369381,0.25999999046325684,0.30000001192092896,0.016733649373054504,0.022532481451829275,0.0014035572220260897,0.6500611464182536,0.009286143491044641,0.061766595828036466,0.0003,289,111,49.23071013872926,22.44533944129944,5.8298704624176025,16.615453481674194,0,0.0,146,1.6680920999842783,5.044343893560349,30.0,0.0,7.568493150684931,8,138.125,4.399929046630859,5.793968677520752,7.1624845077167265e-06,1.6680920999842783,0.26471189999210765,3.7261980000384938,cpu,cuda:0,0.0,465.9345703125,60.0,,,,
115,1,DDT500_num50.txt,fixed,1083,-3.48,-0.29415829892948503,0.2824999988079071,0.025372233241796494,0.25999999046325684,0.3400000035762787,-0.023601453751325607,-0.017360137775540352,0.001185753059954467,0.6834193793210116,0.014806058268401433,0.09466620043597439,0.0003,287,113,63.726560837214,16.994483709335327,5.66995906829834,11.324506998062134,0,0.0,145,1.6096700000052806,5.113573402799288,28.0,0.0,7.468965517241379,8,135.375,6.243746757507324,5.639056205749512,7.535687018389581e-06,1.6096700000052806,0.258569699992222,3.640804300091986,cpu,cuda:0,0.0,426.3349609375,60.0,,,,
116,1,DDT500_num50.txt,fixed,1089,-3.7600000000000002,-0.3116080423654511,0.26500001549720764,0.021794499829411507,0.23999999463558197,0.30000001192092896,-0.03391594585652153,-0.027451278083026408,0.0015276199866396686,0.7228476603825887,0.012845475079181294,0.0625769113500913,0.0003,294,106,49.54391987373256,21.980497360229492,5.6982262134552,16.28225302696228,0,0.0,148,1.7057219999969675,5.158861343963525,40.0,0.0,7.358108108108108,8,136.125,6.881814956665039,5.673248291015625,8.368458111362997e-06,1.7057219999969675,0.2519385000305192,3.5878477999794995,cpu,cuda:0,0.0,395.9755859375,59.0,,,,
117,1,DDT500_num50.txt,fixed,1107,-3.48,-0.30284542437987755,0.2824999988079071,0.01561250351369381,0.25999999046325684,0.30000001192092896,-0.04605963104404509,-0.03982034558430314,0.0013880425540264696,0.6933306902647018,0.012718573649181053,0.06497457122895867,0.0003,287,113,79.93203914582881,13.849265098571777,5.760751724243164,8.088500022888184,0,0.0,145,1.6344056999896566,4.860885272719565,28.0,0.0,7.63448275862069,8,138.375,4.090766906738281,5.735071659088135,5.7492998166708276e-06,1.6344056999896566,0.25748160001967335,3.7115809000115405,cpu,cuda:0,0.0,450.57958984375,59.0,,,,
118,1,DDT500_num50.txt,fixed,1089,-3.44,-0.29793403461098505,0.2849999964237213,0.027838826179504395,0.23999999463558197,0.3199999928474426,-0.02443422592477873,-0.018218440003693104,0.0015412105422001332,0.6986389979720116,0.010801054602779914,0.06028885650448501,0.0003,286,114,72.07238384580955,15.109809637069702,5.9119484424591064,9.197842836380005,0,0.0,144,1.652163600014319,5.12304866324881,35.0,0.0,7.5625,8,136.125,5.732309818267822,5.884758949279785,8.277967026515398e-06,1.652163600014319,0.27593279999018705,3.8195634000330756,cpu,cuda:0,0.0,389.84619140625,60.0,,,,
119,1,DDT500_num50.txt,fixed,1080,-3.56,-0.2886206142410342,0.2774999737739563,0.036657195538282394,0.2199999988079071,0.3199999928474426,0.08286301866173744,0.08901074975728988,0.0023273712024092673,0.7311412453651428,0.008214257855433971,0.03857237854972482,0.0003,289,111,65.34040700820535,16.528822660446167,5.665579795837402,10.863227128982544,0,0.0,146,1.600271099996462,5.253703705028252,30.0,0.0,7.397260273972603,8,135.0,6.78233003616333,5.537020683288574,6.201174983289093e-06,1.600271099996462,0.26041060003808525,3.545885199961049,cpu,cuda:0,0.0,417.93310546875,60.0,,,,
120,1,DDT500_num50.txt,fixed,1073,-3.56,-0.3187176533213953,0.2775000035762787,0.02904738113284111,0.2199999988079071,0.30000001192092896,-0.009619235495726268,-0.0022606303294499717,0.002265221447062989,0.8491218090057373,0.011632831689591209,0.0617667647699515,0.0003,289,111,49.30246866176569,21.76361608505249,5.564332485198975,16.199265956878662,0,0.0,140,1.587351200008925,5.360671015621231,36.0,0.0,7.664285714285715,8,134.125,4.567206382751465,5.52751350402832,5.704634531866759e-06,1.587351200008925,0.2591305999794713,3.552829499998552,cpu,cuda:0,0.0,409.12109375,59.0,,,,
121,1,DDT500_num50.txt,fixed,1086,-3.72,-0.3218910143847525,0.26749998331069946,0.03455068916082382,0.2199999988079071,0.3199999928474426,0.009242992149665952,0.016417156683746725,0.0018799230107106268,0.8114127039909362,0.017256521550007165,0.06463304702192545,0.0003,293,107,64.65905597162926,16.795791149139404,5.78669548034668,11.00907826423645,0,0.0,142,1.6324363000039739,5.413443829253673,36.0,0.0,7.647887323943662,8,135.75,3.8649063110351562,5.7530717849731445,6.045685950084589e-06,1.6324363000039739,0.2684619999872666,3.7154624999948282,cpu,cuda:0,0.0,417.93310546875,59.0,,,,
122,1,DDT500_num50.txt,fixed,1080,-3.44,-0.30744237223555415,0.2849999964237213,0.025980763137340546,0.23999999463558197,0.3199999928474426,-0.041922165919095276,-0.03541283612139523,0.0019050842228656014,0.746187162399292,0.008812905491019289,0.04934399214883645,0.0003,286,114,49.64534359909207,21.754306077957153,5.706478595733643,16.047812461853027,0,0.0,145,1.6430084999938117,5.233333330021964,36.0,0.0,7.448275862068965,8,135.0,8.062257766723633,5.673191070556641,7.078663202264579e-06,1.6430084999938117,0.2579948999973567,3.6414944999924046,cpu,cuda:0,0.0,416.9033203125,59.0,,,,
123,1,DDT500_num50.txt,fixed,1075,-3.6,-0.31611556445686234,0.2749999761581421,0.027838826179504395,0.23999999463558197,0.3199999928474426,-0.0034468420160313445,0.003099571354687214,0.0019118045456707478,0.7502315759658813,0.011850580976655086,0.09793563894927501,0.0003,290,110,48.45275040004969,22.18656301498413,5.382182359695435,16.804365158081055,0,0.0,139,1.539094900004784,5.422325585831043,40.0,0.0,7.733812949640288,8,134.375,4.68874979019165,5.346853256225586,5.524935659195762e-06,1.539094900004784,0.24862460002441367,3.4342392000089603,cpu,cuda:0,0.0,412.115234375,59.0,,,,
124,1,DDT500_num50.txt,fixed,1072,-3.88,-0.3380297468826424,0.2574999928474426,0.023318450897932053,0.2199999988079071,0.30000001192092896,-0.05125289633870125,-0.04417973458766937,0.0013928257278166712,0.7769577622413635,0.016465780418366195,0.10911938920617104,0.0003,297,103,96.3740743249326,11.123323440551758,5.551034688949585,5.572274208068848,0,0.0,137,1.5658733000000211,5.31902985119108,36.0,0.0,7.824817518248175,8,134.0,3.8078866004943848,5.5243964195251465,6.617994586122222e-06,1.5658733000000211,0.2670016000029136,3.5609071999951993,cpu,cuda:0,0.0,424.0185546875,60.0,,,,
125,1,DDT500_num50.txt,fixed,1087,-3.44,-0.3145827749264846,0.2849999964237213,0.038405731320381165,0.23999999463558197,0.3400000035762787,0.000935600201288859,0.0067788590987523396,0.002214660208361844,0.6950589934984843,0.011994335909063618,0.07204073624064525,0.0003,286,114,48.10459416803991,22.59659433364868,5.601539611816406,16.995040893554688,0,0.0,143,1.6018746999816358,5.352345906821762,40.0,0.0,7.601398601398602,8,135.875,3.5859971046447754,5.577910423278809,6.692728220514255e-06,1.6018746999816358,0.2603903999806789,3.5845302999750857,cpu,cuda:0,0.0,450.5791015625,58.0,,,,
126,1,DDT500_num50.txt,fixed,1066,-3.64,-0.32624241861124187,0.2724999785423279,0.022220486775040627,0.23999999463558197,0.3199999928474426,-0.012424255588224955,-0.005997626643095698,0.0021273665063615355,0.7490312031337193,0.012144739606550761,0.0326782265411956,0.0003,291,109,80.62971944005662,13.22093152999878,5.565107107162476,7.655805826187134,0,0.0,146,1.575874499991187,5.561913696507352,35.0,0.0,7.301369863013699,8,133.25,6.398241996765137,5.52777099609375,7.914634807093535e-06,1.575874499991187,0.25980730001720076,3.5620087000024796,cpu,cuda:0,0.0,427.2978515625,60.0,,,,
127,1,DDT500_num50.txt,fixed,1089,-3.44,-0.298648127745376,0.2849999964237213,0.019364919513463974,0.25999999046325684,0.3199999928474426,-0.11025813263323572,-0.10349611772431268,0.0017831053119152784,0.7653567062483894,0.01644956713749303,0.0551582436180777,0.0003,286,114,71.55814188157584,15.218394041061401,5.479584455490112,9.738794803619385,0,0.0,142,1.5701852000020153,5.216712582538279,70.0,0.0,7.669014084507042,8,136.125,3.4798526763916016,5.448547840118408,4.485818863031454e-06,1.5701852000020153,0.2475482000190823,3.503779799984841,cpu,cuda:0,0.0,400.42626953125,60.0,,,,
128,1,DDT500_num50.txt,fixed,1090,-3.68,-0.3148792479195086,0.26999998092651367,0.026457512751221657,0.2199999988079071,0.3199999928474426,0.00618539320734831,0.012182795371000584,0.0023409497673408343,0.7167875996002784,0.015636921197605822,0.064282779653485,0.0003,292,108,53.984780674635324,20.1908757686615,5.781622648239136,14.409237623214722,0,0.0,144,1.6200920999890513,5.19357797530813,36.0,0.0,7.569444444444445,8,136.25,5.332682132720947,5.744723796844482,6.768736511730822e-06,1.6200920999890513,0.26743300000816816,3.7224480000040785,cpu,cuda:0,0.0,389.84619140625,59.0,,,,
129,1,DDT500_num50.txt,fixed,1091,-3.36,-0.3119724769777547,0.28999999165534973,0.028284277766942978,0.25999999046325684,0.36000001430511475,-0.03125913788874944,-0.025323259582122167,0.002015080380563935,0.694341798623403,0.01153989862650633,0.059251470118761064,0.0003,284,116,48.250854277935616,22.61099863052368,5.71502947807312,16.895957708358765,0,0.0,144,1.6263466999698721,5.150320806817982,28.0,0.0,7.576388888888889,8,136.375,4.4141106605529785,5.6861677169799805,6.3662673710496165e-06,1.6263466999698721,0.262012399998639,3.664345399949525,cpu,cuda:0,0.0,403.71728515625,59.0,,,,
130,1,DDT500_num50.txt,fixed,1109,-3.4,-0.29591631963774,0.2874999940395355,0.024366989731788635,0.23999999463558197,0.3199999928474426,-0.036666016280651095,-0.03066381812095642,0.001430158386938274,0.6717277924219768,0.006759312578166524,0.053404027968645094,0.0003,285,115,48.60872104332511,22.814836025238037,5.788652658462524,17.026166915893555,0,0.0,149,1.652730400001019,5.132551851091995,36.0,0.0,7.442953020134228,8,138.625,5.383713722229004,5.752476692199707,6.965332431718707e-06,1.652730400001019,0.25809910001225944,3.7098837999747047,cpu,cuda:0,0.0,429.607421875,58.0,,,,
131,1,DDT500_num50.txt,fixed,1068,-3.48,-0.2903429209876706,0.2824999988079071,0.01854049786925316,0.25999999046325684,0.3199999928474426,-0.051513504795730115,-0.04584794146940112,0.0014986318303272129,0.6414881944656372,0.009444097670105596,0.0516631090392669,0.0003,287,113,49.357611583101345,21.638000011444092,5.473247289657593,16.164735317230225,0,0.0,141,1.5709380999942368,5.226591758067242,40.0,0.0,7.574468085106383,8,133.5,4.873397350311279,5.4486188888549805,7.194159479695372e-06,1.5709380999942368,0.25161120005941484,3.4991160000172385,cpu,cuda:0,0.0,429.60693359375,59.0,,,,
132,1,DDT500_num50.txt,fixed,1051,-3.8000000000000003,-0.29161174125423567,0.26249998807907104,0.021065380424261093,0.23999999463558197,0.30000001192092896,-0.02818690724670887,-0.02214217409491539,0.0014852328109554946,0.6787347793579102,0.008790626865811646,0.05143095888197422,0.0003,295,105,65.81484618450789,15.969041347503662,5.470404863357544,10.49862027168274,0,0.0,146,1.5719756000053167,5.401522360564866,36.0,0.0,7.198630136986301,8,131.375,6.49879789352417,5.436246871948242,5.7492998166708276e-06,1.5719756000053167,0.2581823999626067,3.4775044999969396,cpu,cuda:0,0.0,384.73828125,60.0,,,,
133,1,DDT500_num50.txt,fixed,1089,-3.6,-0.2880135235175691,0.2749999761581421,0.021794496104121208,0.23999999463558197,0.3199999928474426,0.036375509947538374,0.04226699744661649,0.0013490469156143567,0.65660107533137,0.007447519619017839,0.05922205286721389,0.0003,290,110,49.390214989334375,22.048901796340942,5.704087495803833,16.344799280166626,0,0.0,141,1.6037729999934527,5.184573005382023,45.0,0.0,7.723404255319149,8,136.125,4.539754867553711,5.674368381500244,7.223728971439414e-06,1.6037729999934527,0.2620094999583671,3.6749798000146257,cpu,cuda:0,0.0,364.7548828125,58.0,,,,
134,1,DDT500_num50.txt,fixed,1097,-3.3200000000000003,-0.30620710684957997,0.29249998927116394,0.024366987869143486,0.25999999046325684,0.3400000035762787,-0.03642987608909607,-0.030482834577560423,0.0018672059910992782,0.6880641301472982,0.014426697216307124,0.0982062549640735,0.0003,283,117,49.04259961518016,22.368308544158936,5.801336288452148,16.566954612731934,0,0.0,147,1.7508643999917695,5.072014587188484,32.0,0.0,7.462585034013605,8,137.125,6.050568103790283,5.774361610412598,8.574786079407204e-06,1.7508643999917695,0.25711389996649814,3.6358394000017142,cpu,cuda:0,0.0,378.46875,59.0,,,,
135,1,DDT500_num50.txt,fixed,1092,-3.68,-0.3226596257610787,0.26999998092651367,0.026457516476511955,0.23999999463558197,0.3199999928474426,-0.0175770940259099,-0.011576905594362566,0.0016520056427301217,0.6826190203428268,0.010295254207449034,0.07970004109665751,0.0003,292,108,56.63212920105171,19.28234052658081,5.659168720245361,13.623154640197754,0,0.0,146,1.6053358000062872,5.142857141983815,36.0,0.0,7.47945205479452,8,136.5,4.5552167892456055,5.630341529846191,5.0716512305371e-06,1.6053358000062872,0.25846139999703155,3.6359863999859954,cpu,cuda:0,0.0,490.2490234375,60.0,,,,
136,1,DDT500_num50.txt,fixed,1072,-3.4,-0.3373504785337516,0.2874999940395355,0.03307189792394638,0.25999999046325684,0.36000001430511475,-0.04572524782270193,-0.039931870686511196,0.0019870061854210994,0.6786879102389017,0.017160920697885256,0.08652512884388368,0.0003,285,115,92.08990959639483,11.64079761505127,5.823134422302246,5.8176491260528564,0,0.0,139,1.647664900010568,5.238805971928497,27.0,0.0,7.712230215827338,8,134.0,4.183300018310547,5.797055244445801,6.2718136177863926e-06,1.647664900010568,0.2765801999648829,3.7370851000159746,cpu,cuda:0,0.0,460.724609375,60.0,,,,
137,1,DDT500_num50.txt,fixed,1074,-3.72,-0.3360127224016055,0.26750001311302185,0.024366989731788635,0.2199999988079071,0.30000001192092896,-0.01922021955251694,-0.01316753402352333,0.0016109316532189647,0.6858151475588481,0.013497945697357258,0.07888176590204239,0.0003,293,107,48.49640217459199,22.145972728729248,5.76727819442749,16.37867832183838,0,0.0,144,1.608682600008251,5.164804469273743,32.0,0.0,7.458333333333333,8,134.25,4.4930500984191895,5.738669395446777,6.654398930550087e-06,1.608682600008251,0.25884699999005534,3.739814699980343,cpu,cuda:0,0.0,439.376953125,60.0,,,,
138,1,DDT500_num50.txt,fixed,1101,-3.44,-0.32078727765646425,0.2849999964237213,0.02397916093468666,0.23999999463558197,0.3199999928474426,-0.03793749585747719,-0.03194534685462713,0.0015555871417745949,0.6769942720731099,0.008569870159650843,0.05626154293616613,0.0003,286,114,49.54612882329711,22.221715927124023,5.628542423248291,16.593156814575195,0,0.0,146,1.6325605000092764,5.108991824530342,36.0,0.0,7.541095890410959,8,137.625,5.194648742675781,5.6005730628967285,6.987739197938936e-06,1.6325605000092764,0.25349160001132987,3.587070300043706,cpu,cuda:0,0.0,429.607421875,59.0,,,,
139,1,DDT500_num50.txt,fixed,1115,-3.48,-0.31145226554903804,0.2824999988079071,0.025372231379151344,0.25999999046325684,0.3199999928474426,-0.006722692276040713,-0.0008222928270697593,0.0018008320359513164,0.6800817449887594,0.00968059031292796,0.06350340805947781,0.0003,287,113,49.62473804326229,22.468632459640503,5.902409553527832,16.56620764732361,0,0.0,143,1.650909900010447,5.0493273538324335,28.0,0.0,7.7972027972027975,8,139.375,2.1758618354797363,5.865614891052246,5.331201464287005e-06,1.650909900010447,0.26093619997664064,3.820060200016087,cpu,cuda:0,0.0,428.3203125,59.0,,,,
140,1,DDT500_num50.txt,fixed,1073,-3.68,-0.32257706928141827,0.26999998092651367,0.014142138883471489,0.23999999463558197,0.2800000011920929,0.03099287934601307,0.03677841151754061,0.0015822383031869928,0.6576649626096089,0.010797251698871453,0.07681256259481112,0.0003,292,108,50.02928498920974,21.44743824005127,5.549543380737305,15.897879600524902,0,0.0,146,1.6037834000144358,5.128611368213096,36.0,0.0,7.3493150684931505,8,134.125,5.509934425354004,5.523726463317871,7.742181878711563e-06,1.6037834000144358,0.25367860002006637,3.5386860000016895,cpu,cuda:0,0.0,386.83447265625,59.0,,,,
141,1,DDT500_num50.txt,fixed,1071,-3.4,-0.29373160269126153,0.2874999940395355,0.02633913792669773,0.23999999463558197,0.3400000035762787,0.00915432721376419,0.015213564452197816,0.0013334531815619105,0.6725962228245206,0.009216920886602666,0.06755164513985316,0.0003,285,115,71.4762437533463,14.983999490737915,5.443673133850098,9.540309429168701,0,0.0,138,1.5465204999964044,5.132586365431742,40.0,0.0,7.760869565217392,8,133.875,5.418429374694824,5.407304763793945,9.292209142586216e-06,1.5465204999964044,0.24221990000114602,3.4935560999747395,cpu,cuda:0,0.0,419.87060546875,59.0,,,,
142,1,DDT500_num50.txt,fixed,1024,-4.04,-0.31574079997416155,0.2474999874830246,0.039921801537275314,0.1599999964237213,0.30000001192092896,0.024609420862462785,0.030469087262948353,0.0027048736163932416,0.7212109764417013,0.013422886698713733,0.08154452467958133,0.0003,301,99,66.70546996628964,15.351064920425415,5.392799139022827,9.958249568939209,0,0.0,138,1.5311833999840019,5.2197265680879354,40.0,0.0,7.420289855072464,8,128.0,8.78919792175293,5.357100963592529,9.675800356490072e-06,1.5311833999840019,0.2528845999531768,3.4495146999870485,cpu,cuda:0,0.0,370.7236328125,60.0,,,,
143,1,DDT500_num50.txt,fixed,1058,-3.96,-0.33799464383440053,0.2524999678134918,0.037332963198423386,0.1599999964237213,0.2800000011920929,-0.07946699963261684,-0.07370461965134988,0.002694001809383432,0.710938036441803,0.012607310898602009,0.09263690014680227,0.0003,299,101,48.69453283536652,21.727285146713257,5.5149781703948975,16.21229076385498,0,0.0,139,1.5649006000221561,5.219281666220248,48.0,0.0,7.611510791366906,8,132.25,5.86834716796875,5.47900915145874,2.4855637093423866e-05,1.5649006000221561,0.2563950999665394,3.5290937000063423,cpu,cuda:0,0.0,424.0185546875,60.0,,,,
144,1,DDT500_num50.txt,fixed,1099,-3.64,-0.3247535635931824,0.2724999785423279,0.017139142379164696,0.23999999463558197,0.30000001192092896,0.005619410425424576,0.011709606150786082,0.0016816676400291423,0.6931033690770467,0.011825707787647844,0.09391219367583593,0.0003,291,109,47.999018514776985,22.89630150794983,5.650694847106934,17.245595455169678,0,0.0,147,1.6319436999874597,4.70427661510464,33.0,0.0,7.476190476190476,8,137.375,4.12121057510376,5.628237247467041,4.868645191891119e-06,1.6319436999874597,0.25900510002247756,3.6071104999809904,cpu,cuda:0,0.0,439.37744140625,59.0,,,,
145,1,DDT500_num50.txt,fixed,1073,-3.8000000000000003,-0.3377566273571509,0.26249998807907104,0.015612497925758362,0.23999999463558197,0.2800000011920929,-0.01440770026030285,-0.007947622598814113,0.0013788055761584214,0.714948160307748,0.013999330478587322,0.08813709552798953,0.0003,295,105,80.45144222973335,13.33723759651184,5.615259885787964,7.721959829330444,0,0.0,139,1.5874609000129567,4.931966450763215,36.0,0.0,7.719424460431655,8,134.125,4.702060699462891,5.586212158203125,7.126681794034084e-06,1.5874609000129567,0.2599793999452231,3.607879300012428,cpu,cuda:0,0.0,392.7919921875,60.0,,,,
146,1,DDT500_num50.txt,fixed,1084,-3.7600000000000002,-0.3372826997330353,0.26499998569488525,0.021794501692056656,0.23999999463558197,0.30000001192092896,-0.026215618875409876,-0.020483934769539962,0.0015785305128831948,0.6520949516977582,0.012606965943372675,0.05729713211102145,0.0003,294,106,85.21072154236799,12.72140383720398,5.552767276763916,7.168619155883789,0,0.0,142,1.5777885999959835,4.811808114342144,28.0,0.0,7.633802816901408,8,135.5,5.590169906616211,5.5213165283203125,5.099594545754371e-06,1.5777885999959835,0.25439769996773975,3.5614686000299116,cpu,cuda:0,0.0,414.05908203125,60.0,,,,
147,1,DDT500_num50.txt,fixed,1091,-3.64,-0.32989528627399917,0.2724999785423279,0.019843142479658127,0.23999999463558197,0.30000001192092896,0.0002723741862508986,0.006368781129519145,0.001744516012776229,0.6968665255440606,0.013983152703278594,0.08648338293035825,0.0003,291,109,65.0251386182993,16.77812647819519,5.892152786254883,10.885945320129395,0,0.0,147,1.661734900002557,4.946837760460257,30.0,0.0,7.421768707482993,8,136.375,6.7070393562316895,5.857586860656738,6.285393737925915e-06,1.661734900002557,0.27376770000228134,3.785058100032984,cpu,cuda:0,0.0,412.11572265625,60.0,,,,
148,1,DDT500_num50.txt,fixed,1086,-3.68,-0.3440124859913436,0.26999998092651367,0.026457512751221657,0.2199999988079071,0.3199999928474426,-0.03381901308894157,-0.02691283794119954,0.0023031732300296424,0.8057760238647461,0.016854439023882152,0.06148915104568005,0.0003,292,108,96.08883669097906,11.302041292190552,5.61722207069397,5.684805154800415,0,0.0,142,1.6004941000010149,4.957642721207761,32.0,0.0,7.647887323943662,8,135.75,5.332682132720947,5.590877056121826,7.022226782282814e-06,1.6004941000010149,0.2581376000034652,3.603009699992981,cpu,cuda:0,0.0,379.47021484375,60.0,,,,
149,1,DDT500_num50.txt,fixed,1080,-3.92,-0.3485743702926026,0.2549999952316284,0.025980764999985695,0.2199999988079071,0.30000001192092896,-0.05585251934826374,-0.048689055566986404,0.0020465539516105005,0.8186740378538767,0.012824425240978599,0.08988697019716103,0.0003,298,102,57.28083186793395,18.854474782943726,5.724464654922485,13.129996538162231,0,0.0,143,1.6132073000080709,4.924074076060895,36.0,0.0,7.5524475524475525,8,135.0,6.8007354736328125,5.689405918121338,8.24700873636175e-06,1.6132073000080709,0.2608837000116182,3.6823416000279394,cpu,cuda:0,0.0,388.77392578125,59.0,,,,
150,1,DDT500_num50.txt,fixed,1065,-3.84,-0.3630412287784102,0.25999999046325684,0.026457518339157104,0.2199999988079071,0.30000001192092896,-0.015748936283801283,-0.008866326417773962,0.0018799865751394204,0.7822604690279279,0.014266919477709703,0.0961943646626813,0.0003,296,104,49.69452720529799,21.430931329727173,5.624694347381592,15.806221008300781,0,0.0,143,1.589364999999816,4.837558682088002,32.0,0.0,7.4475524475524475,8,133.125,5.599944114685059,5.5880537033081055,7.373650987574365e-06,1.589364999999816,0.25439590001042234,3.616014899993388,cpu,cuda:0,0.0,386.83447265625,60.0,,,,
151,1,DDT500_num50.txt,fixed,1030,-4.0,-0.3566325637567571,0.25,0.041231054812669754,0.18000000715255737,0.3199999928474426,-0.04428869179849114,-0.037716759368777275,0.0028059214112415376,0.7974890342780522,0.010752533179973918,0.09022799759571042,0.0003,300,100,51.86970625625674,19.8574481010437,5.239115238189697,14.618319272994995,0,0.0,138,1.4987504999862722,5.161165051089907,36.0,0.0,7.463768115942029,8,128.75,7.660776615142822,5.206388473510742,6.630866209889064e-06,1.4987504999862722,0.24090250001609093,3.3457765000021027,cpu,cuda:0,0.0,390.82666015625,59.0,,,,
152,1,DDT500_num50.txt,fixed,1065,-3.68,-0.3515746467785231,0.26999998092651367,0.034641019999980927,0.2199999988079071,0.3199999928474426,-0.04456307337834285,-0.038011470093176916,0.0019424963975325227,0.7522852329107431,0.01756011236172456,0.12209654284211305,0.0003,292,108,55.98916268375641,19.021538257598877,5.4765167236328125,13.54500699043274,0,0.0,140,1.561360199984847,4.999999999104531,40.0,0.0,7.607142857142857,8,133.125,5.395310401916504,5.441959857940674,6.31246666671359e-06,1.561360199984847,0.25438019998728123,3.498770299980606,cpu,cuda:0,0.0,349.09228515625,59.0,,,,
153,1,DDT500_num50.txt,fixed,1091,-3.88,-0.3502114625264572,0.2574999928474426,0.025372231379151344,0.2199999988079071,0.30000001192092896,-0.05688992440700531,-0.04960031807422638,0.0017720399152797957,0.8175629099210103,0.013379721669480205,0.07944074446956316,0.0003,297,103,48.34754232538947,22.5657799243927,5.922024965286255,16.64373803138733,0,0.0,144,1.761627400004727,4.98258478634954,32.0,0.0,7.576388888888889,8,136.375,4.2407989501953125,5.886529922485352,5.204410626902245e-06,1.761627400004727,0.26446320000468404,3.726474999970378,cpu,cuda:0,0.0,421.814453125,60.0,,,,
154,1,DDT500_num50.txt,fixed,1056,-4.0,-0.36094849510324223,0.25,0.017320508137345314,0.2199999988079071,0.2800000011920929,-0.0407183696826299,-0.03410049639642239,0.0020501962358442445,0.7642971634864807,0.013618860331674417,0.09102076155443986,0.0003,300,100,50.16078611227825,21.05230164527893,5.437512397766113,15.614775657653809,0,0.0,138,1.5382615000144142,5.100378785169486,30.0,0.0,7.6521739130434785,8,132.0,5.244044303894043,5.403310775756836,5.874006546946475e-06,1.5382615000144142,0.25539940001181094,3.482639499992729,cpu,cuda:0,0.0,379.47021484375,59.0,,,,
155,1,DDT500_num50.txt,fixed,1065,-3.6,-0.3376877454636068,0.2750000059604645,0.03708099573850632,0.20000000298023224,0.3400000035762787,0.019365261707987105,0.026225349732807705,0.0026698679264102665,0.8195020726748875,0.009035288389506084,0.047046588201607974,0.0003,290,110,77.1680578515759,13.801047086715698,5.583661317825317,8.217370748519897,0,0.0,142,1.5835316999946372,5.29671361860535,36.0,0.0,7.5,8,133.125,9.492595672607422,5.547154903411865,8.919213541958015e-06,1.5835316999946372,0.26316649997716013,3.5701597000042966,cpu,cuda:0,0.0,427.2978515625,59.0,,,,
156,1,DDT500_num50.txt,fixed,1056,-3.72,-0.3421892790088907,0.26750001311302185,0.033071890473365784,0.20000000298023224,0.3199999928474426,0.004500122239383368,0.011580266857680935,0.002325429151264521,0.8242860894936782,0.011046859328276835,0.06353341343884285,0.0003,293,107,55.424584057061736,19.052917003631592,5.562627553939819,13.490273475646973,0,0.0,141,1.5809290999986843,5.158143934426886,36.0,0.0,7.48936170212766,8,132.0,7.858116626739502,5.526113986968994,9.877840057015419e-06,1.5809290999986843,0.2617733000224689,3.5534133999663027,cpu,cuda:0,0.0,441.8779296875,59.0,,,,
157,1,DDT500_num50.txt,fixed,1044,-4.0,-0.3432730299252604,0.25,0.030000001192092896,0.20000000298023224,0.30000001192092896,-0.026899321625630062,-0.0203482819100221,0.0020589469155917564,0.7580506900946299,0.0171970355634888,0.0928731079523762,0.0003,300,100,87.24229614668816,11.966672658920288,5.415778398513794,6.550879240036011,0,0.0,141,1.5354232999943633,5.185823755474383,27.0,0.0,7.404255319148936,8,130.5,9.380831718444824,5.381587982177734,7.577060841867933e-06,1.5354232999943633,0.2473754999864468,3.474908999971376,cpu,cuda:0,0.0,373.103515625,59.0,,,,
158,1,DDT500_num50.txt,fixed,1062,-3.52,-0.31668002959605146,0.2799999713897705,0.030000003054738045,0.2199999988079071,0.3199999928474426,0.07255243442275307,0.0785443213852969,0.0032608855875547638,0.7622329538518732,0.018865988674488934,0.10154995838688179,0.0003,288,112,63.080140021782604,16.835726737976074,5.638938903808594,11.196772813796997,0,0.0,139,1.5783439000042563,5.232580036991284,32.0,0.0,7.640287769784172,8,132.75,8.799858093261719,5.612682819366455,4.880306732957251e-06,1.5783439000042563,0.2611587999654148,3.64338680002038,cpu,cuda:0,0.0,436.86669921875,59.0,,,,
159,1,DDT500_num50.txt,fixed,1061,-3.64,-0.31724779792518315,0.27250000834465027,0.024366993457078934,0.23999999463558197,0.30000001192092896,-0.039948627601067224,-0.03464262112975121,0.002598809621607264,0.6605412085851033,0.011402018275111914,0.06046782732009888,0.0003,291,109,49.32982025732633,21.508288383483887,5.769885063171387,15.738384246826172,0,0.0,141,1.6404026999880443,5.118755889320913,30.0,0.0,7.524822695035461,8,132.625,6.163146495819092,5.733020305633545,9.045777915162034e-06,1.6404026999880443,0.2638720999984798,3.6956213000048592,cpu,cuda:0,0.0,384.73828125,59.0,,,,
160,1,DDT500_num50.txt,fixed,1054,-3.88,-0.31469364602097677,0.2574999928474426,0.05952940881252289,0.1599999964237213,0.36000001430511475,-0.01841128741701444,-0.013909856478373209,0.0036103937697286406,0.6306621034940084,0.016863731240543228,0.06351619306951761,0.0003,297,103,89.05289338842364,11.835662603378296,5.3068695068359375,6.528779745101929,0,0.0,148,1.5613668999903894,5.022770399612991,35.0,0.0,7.121621621621622,8,131.75,13.754544258117676,5.282851219177246,1.0756615665741265e-05,1.5613668999903894,0.24214120001488482,3.357348599985926,cpu,cuda:0,0.0,383.73779296875,60.0,,,,
161,1,DDT500_num50.txt,fixed,1092,-3.36,-0.3202642601846414,0.28999999165534973,0.019999999552965164,0.25999999046325684,0.3199999928474426,-0.05156856087537912,-0.04663476634484071,0.0020104526774957776,0.5939014920821557,0.01847904954607097,0.08862695040611121,0.0003,284,116,54.7016386856286,19.962838888168335,5.684714317321777,14.27810788154602,0,0.0,145,1.6326046000049246,5.0146520133420225,28.0,0.0,7.531034482758621,8,136.5,4.183300018310547,5.656062602996826,5.917393536947202e-06,1.6326046000049246,0.25286249998498533,3.639433899988944,cpu,cuda:0,0.0,377.46826171875,60.0,,,,
162,1,DDT500_num50.txt,fixed,1104,-3.48,-0.3355548998698293,0.2824999988079071,0.027271781116724014,0.23999999463558197,0.3199999928474426,0.011595320701599122,0.016944027692079543,0.0018521156976930796,0.6274763584136963,0.013012779911514371,0.07043019207194448,0.0003,287,113,65.37905547501659,16.886141777038574,5.626061201095581,11.260066032409668,0,0.0,152,1.628641899998911,5.030797101665234,32.0,0.0,7.2631578947368425,8,138.0,6.745368957519531,5.602330684661865,6.624433353863424e-06,1.628641899998911,0.2510510000065551,3.5948234999996203,cpu,cuda:0,0.0,419.87109375,59.0,,,,
163,1,DDT500_num50.txt,fixed,1092,-3.4,-0.33149999456196655,0.2874999940395355,0.03152380511164665,0.23999999463558197,0.3400000035762787,-0.013736213424376078,-0.008730515305485045,0.0016932374232315592,0.5852318661553519,0.014376781481717314,0.06399042585066386,0.0003,285,115,80.21844424542411,13.612829446792603,5.6201698780059814,7.992642641067505,0,0.0,147,1.6283618999877945,5.2124542120175485,36.0,0.0,7.428571428571429,8,136.5,5.408327102661133,5.5931172370910645,6.831430710008135e-06,1.6283618999877945,0.25408589997277886,3.5809747999828687,cpu,cuda:0,0.0,443.06640625,60.0,,,,
164,1,DDT500_num50.txt,fixed,1100,-3.52,-0.31529132055773174,0.2800000011920929,0.017320508137345314,0.25999999046325684,0.3199999928474426,-0.03650361374020576,-0.031246074537436167,0.0017148242060405514,0.6114953597386678,0.012895607917259137,0.06155841276049614,0.0003,288,112,48.2769206387105,22.78521466255188,5.861913204193115,16.923285484313965,0,0.0,147,1.6643432000018947,5.338181819048795,36.0,0.0,7.482993197278912,8,137.5,3.9370038509368896,5.83209228515625,5.9556941778282635e-06,1.6643432000018947,0.270165099958831,3.761403300004531,cpu,cuda:0,0.0,400.42626953125,59.0,,,,
165,1,DDT500_num50.txt,fixed,1095,-3.4,-0.3031216337138617,0.2874999940395355,0.03307189419865608,0.23999999463558197,0.3400000035762787,-0.007819340409090122,-0.002330861364801725,0.0019003180689954509,0.6438636928796768,0.011913400618747497,0.047593855764716864,0.0003,285,115,58.43764482529315,18.737921476364136,5.65233588218689,13.085566997528076,0,0.0,143,1.6306811999966158,5.446575337457874,35.0,0.0,7.6573426573426575,8,136.875,5.577578067779541,5.618971824645996,7.196134902187623e-06,1.6306811999966158,0.2529915000050096,3.604800700024498,cpu,cuda:0,0.0,401.6435546875,59.0,,,,
166,1,DDT500_num50.txt,fixed,1068,-3.6,-0.302574755175974,0.2750000059604645,0.027838826179504395,0.23999999463558197,0.3199999928474426,-0.0362251952290535,-0.030134346087773642,0.0016553581420642634,0.6918525338172913,0.011066821170970798,0.060244308908780415,0.0003,290,110,47.54885197256254,22.46111011505127,5.490201473236084,16.97089457511902,0,0.0,141,1.5612952999872505,5.512172286876578,36.0,0.0,7.574468085106383,8,133.5,5.147815227508545,5.4586029052734375,7.134653515095124e-06,1.5612952999872505,0.25339169995822886,3.5167954999669746,cpu,cuda:0,0.0,341.27490234375,59.0,,,,
167,1,DDT500_num50.txt,fixed,1049,-3.84,-0.3068910523510888,0.2600000202655792,0.03162278234958649,0.20000000298023224,0.30000001192092896,-0.030698112611259733,-0.024822212090449675,0.0020910052782190697,0.6921400598117283,0.012682077973814947,0.03468244642551456,0.0003,296,104,81.98111247691698,12.79563021659851,5.395020484924316,7.4005959033966064,0,0.0,138,1.5511346999956004,5.542421352306471,36.0,0.0,7.601449275362318,8,131.125,8.373133659362793,5.36997127532959,7.98435303295264e-06,1.5511346999956004,0.25133050006479607,3.4417596999737725,cpu,cuda:0,0.0,390.82666015625,59.0,,,,
168,1,DDT500_num50.txt,fixed,1083,-3.4,-0.2765515085002652,0.2875000238418579,0.03455069288611412,0.23999999463558197,0.3400000035762787,-0.030928677320480345,-0.025307328502337138,0.0016236905784656605,0.6433193604151408,0.011088753142394126,0.05657846728960673,0.0003,285,115,48.49200169302365,22.333580017089844,5.699249029159546,16.6343195438385,0,0.0,147,1.6327259999925445,5.369344411464279,35.0,0.0,7.36734693877551,8,135.375,6.9988837242126465,5.669730186462402,8.400660590268672e-06,1.6327259999925445,0.2621790000321198,3.643378600012511,cpu,cuda:0,0.0,364.75439453125,60.0,,,,
169,1,DDT500_num50.txt,fixed,1120,-3.12,-0.2580336936582721,0.304999977350235,0.019364913925528526,0.2800000011920929,0.3400000035762787,0.012404352139968138,0.018009835567611914,0.001491513165931862,0.6351240506538978,0.012076783289488118,0.05752401655683151,0.0003,278,122,52.42098424186956,21.365489721298218,5.825403928756714,15.540068864822388,0,0.0,147,1.6525952000210964,5.133035714285715,32.0,0.0,7.619047619047619,8,140.0,4.213074684143066,5.795987606048584,6.602946541534038e-06,1.6525952000210964,0.26248910001777404,3.747140399993441,cpu,cuda:0,0.0,374.2412109375,59.0,,,,
170,1,DDT500_num50.txt,fixed,1060,-3.44,-0.2746394410062165,0.2849999964237213,0.052678272128105164,0.1599999964237213,0.3400000035762787,-0.011196538805961609,-0.006289237737655639,0.002432978448147575,0.6123793522516886,0.013114591136885186,0.07098655427495638,0.0003,286,114,48.69599314114507,21.767704725265503,5.4939048290252686,16.273784637451172,0,0.0,142,1.5577016999923217,5.464150951043615,35.0,0.0,7.464788732394366,8,132.5,10.28348159790039,5.471254825592041,7.060571988404263e-06,1.5577016999923217,0.25830479999422096,3.527012799992008,cpu,cuda:0,0.0,406.93359375,59.0,,,,
171,1,DDT500_num50.txt,fixed,1085,-3.4,-0.28127440565650164,0.2874999940395355,0.03992180526256561,0.2199999988079071,0.36000001430511475,-0.02582398049819928,-0.020263043590463124,0.0018999532420331468,0.6510913601288428,0.007296734937251761,0.04107003916914646,0.0003,285,115,54.078441038042484,20.063448190689087,5.689794301986694,14.373637676239014,0,0.0,146,1.5994908999928157,5.368663594030565,32.0,0.0,7.431506849315069,8,135.625,5.977823734283447,5.652499198913574,6.417402801162098e-06,1.5994908999928157,0.2571159999970405,3.666635200030214,cpu,cuda:0,0.0,399.34619140625,59.0,,,,
172,1,DDT500_num50.txt,fixed,1092,-3.48,-0.28105241898471917,0.2824999988079071,0.01561250351369381,0.25999999046325684,0.30000001192092896,-0.04195842646683256,-0.03649129066616297,0.001749930763617158,0.6342105428377788,0.009131835618366798,0.059848011533419294,0.0003,287,113,48.0865892475703,22.709034204483032,5.754351854324341,16.954665660858154,0,0.0,143,1.6285592999902292,5.267399262377631,28.0,0.0,7.636363636363637,8,136.5,5.830951690673828,5.71689510345459,7.889458174759056e-06,1.6285592999902292,0.2547731999675307,3.7027318000527885,cpu,cuda:0,0.0,433.18798828125,60.0,,,,
173,1,DDT500_num50.txt,fixed,1111,-3.6,-0.2852250917759435,0.2749999761581421,0.02397916093468666,0.23999999463558197,0.3199999928474426,-0.011446477080296193,-0.006053375167539343,0.0018353599838779441,0.631078166621072,0.01211860533138471,0.058576759083994796,0.0003,290,110,51.01383866186449,21.778404235839844,5.782831430435181,15.995551824569702,0,0.0,145,1.6415992000092956,5.299729972138907,36.0,0.0,7.662068965517242,8,138.875,4.284784317016602,5.757238388061523,6.564092473126948e-06,1.6415992000092956,0.2653175999621453,3.7166610000458604,cpu,cuda:0,0.0,407.9638671875,59.0,,,,
174,1,DDT500_num50.txt,fixed,1106,-3.36,-0.2744007596484376,0.28999999165534973,0.033166252076625824,0.23999999463558197,0.36000001430511475,-0.016323346983302723,-0.011316422711719166,0.0017052034699273381,0.5859526449983771,0.015418983551419595,0.07741217095066201,0.0003,284,116,60.6079306614682,18.24843692779541,5.703545331954956,12.544874668121338,0,0.0,147,1.6299119000032078,5.159132008742251,35.0,0.0,7.523809523809524,8,138.25,8.011710166931152,5.673913955688477,8.546566277800594e-06,1.6299119000032078,0.25612099999671045,3.658380999973815,cpu,cuda:0,0.0,414.0595703125,60.0,,,,
175,1,DDT500_num50.txt,fixed,1080,-3.6,-0.2815616252412244,0.2749999761581421,0.025980764999985695,0.23999999463558197,0.3199999928474426,-0.029191041085869073,-0.02431470320249597,0.0017925631177301208,0.5772618850072225,0.01001049776095897,0.06942152318855127,0.0003,290,110,49.51420478934477,21.811922550201416,5.556822299957275,16.255083322525024,0,0.0,141,1.5711027999986982,5.396296297179328,30.0,0.0,7.659574468085107,8,135.0,5.5452680587768555,5.522434234619141,6.1041673689032905e-06,1.5711027999986982,0.26268490001166356,3.558033399986016,cpu,cuda:0,0.0,427.2978515625,59.0,,,,
176,1,DDT500_num50.txt,fixed,1111,-3.3200000000000003,-0.274351970670761,0.29249998927116394,0.024366986006498337,0.23999999463558197,0.3199999928474426,0.00434660017490387,0.00952744260430336,0.0012812836949403087,0.5821483453114827,0.009801910817623138,0.04321073455115159,0.0003,283,117,49.11304556491248,22.621280908584595,5.645177364349365,16.976082801818848,0,0.0,146,1.6320073999904707,5.080108012088669,35.0,0.0,7.609589041095891,8,138.875,6.173279285430908,5.619621753692627,8.579756467952393e-06,1.6320073999904707,0.25664239997604454,3.6016555999813136,cpu,cuda:0,0.0,415.99560546875,59.0,,,,
177,1,DDT500_num50.txt,fixed,1007,-4.0,-0.30233759071938365,0.25,0.043588992208242416,0.1599999964237213,0.30000001192092896,0.011773773810515802,0.016759063090042523,0.0032848068202535313,0.6627695520718893,0.010756780595208208,0.06334248272081217,0.0003,300,100,49.2291428184331,20.455363273620605,5.313045501708984,15.14230465888977,0,0.0,137,1.5133661000018037,5.674280033566154,32.0,0.0,7.350364963503649,8,125.875,10.141961097717285,5.286678791046143,6.585706159967231e-06,1.5133661000018037,0.2532793000336824,3.3958757999989757,cpu,cuda:0,0.0,383.73583984375,59.0,,,,
178,1,DDT500_num50.txt,fixed,1093,-3.4,-0.29202693052515916,0.2874999940395355,0.02633913792669773,0.23999999463558197,0.3400000035762787,-0.0687069434672594,-0.06352777481079101,0.0024435786996036767,0.6400951743125916,0.012076839338988066,0.052710922062397005,0.0003,285,115,89.49685132091078,12.212720155715942,6.495518684387207,5.717183589935303,0,0.0,143,1.8743756999938341,5.185727353719867,36.0,0.0,7.643356643356643,8,136.625,3.83853816986084,6.460455417633057,6.16900888417149e-06,1.8743756999938341,0.300766600006682,4.1286602999862225,cpu,cuda:0,0.0,403.71728515625,60.0,,,,
179,1,DDT500_num50.txt,fixed,1108,-3.2,-0.2938529871211902,0.30000001192092896,0.026457512751221657,0.2800000011920929,0.3400000035762787,-0.09960941631685603,-0.09403099661523645,0.0015703310914845629,0.6363585157827898,0.010005778633058071,0.04480597478422252,0.0003,280,120,58.742497139404286,18.86198329925537,5.970781564712524,12.8911874294281,0,0.0,149,1.7893626000022778,5.16155234570968,28.0,0.0,7.436241610738255,8,138.5,4.527692794799805,5.94496488571167,7.586432730022352e-06,1.7893626000022778,0.26318520000131684,3.7569339999954536,cpu,cuda:0,0.0,430.7587890625,60.0,,,,
180,1,DDT500_num50.txt,fixed,1081,-3.4,-0.3007994760601802,0.2874999940395355,0.028173573315143585,0.23999999463558197,0.3400000035762787,0.016079479983697336,0.022150857374072075,0.0014273505900443222,0.6785053660472234,0.014002233006370565,0.05459514167159796,0.0003,285,115,58.58433113868121,18.452032804489136,5.666574478149414,12.785444498062134,0,0.0,140,1.5455747000196425,5.086956522621345,28.0,0.0,7.7214285714285715,8,135.125,4.484347820281982,5.6347761154174805,7.154543709475547e-06,1.5455747000196425,0.2682302000157506,3.688939699992261,cpu,cuda:0,0.0,429.60693359375,59.0,,,,
181,1,DDT500_num50.txt,fixed,1074,-3.64,-0.30567439575940347,0.2724999785423279,0.024366986006498337,0.23999999463558197,0.3199999928474426,-0.022804710765679678,-0.017379104097684225,0.001670600186722974,0.6260903000831604,0.011261015866572658,0.07124812404314677,0.0003,291,109,50.282296066863715,21.35940647125244,5.657068729400635,15.702322244644165,0,0.0,143,1.5728677000097377,5.094972063043264,35.0,0.0,7.510489510489511,8,134.25,10.096409797668457,5.624696731567383,6.8708413891727105e-06,1.5728677000097377,0.2627418999127258,3.6550805999686418,cpu,cuda:0,0.0,388.77392578125,60.0,,,,
182,1,DDT500_num50.txt,fixed,1087,-3.48,-0.30778422236320835,0.2824999988079071,0.01854049786925316,0.25999999046325684,0.3199999928474426,-0.01722955284640193,-0.011154833249747753,0.0015304357511922717,0.6839940398931503,0.018844350590370595,0.08007271261885762,0.0003,287,113,78.03909920739761,13.92891526222229,5.690851926803589,8.238048315048218,0,0.0,144,1.5381824999949458,5.373505057604245,30.0,0.0,7.548611111111111,8,135.875,5.182602882385254,5.664788246154785,7.016152721917024e-06,1.5381824999949458,0.26947759998256515,3.7243373000019346,cpu,cuda:0,0.0,393.8623046875,60.0,,,,
183,1,DDT500_num50.txt,fixed,1107,-3.52,-0.2845953365458101,0.2800000011920929,0.020000003278255463,0.25999999046325684,0.3199999928474426,0.009246312081813812,0.01510343529904882,0.0013798569270875305,0.654704362154007,0.01256031789428865,0.0678211006646355,0.0003,288,112,84.74558085798563,13.062628030776978,5.951678991317749,7.110936164855957,0,0.0,143,1.6933653999985836,5.187895209700973,36.0,0.0,7.741258741258742,8,138.375,3.672107696533203,5.92806339263916,6.450533419410931e-06,1.6933653999985836,0.2699470999723417,3.827585099999851,cpu,cuda:0,0.0,432.0380859375,60.0,,,,
184,1,DDT500_num50.txt,fixed,1110,-3.2,-0.28822711316362587,0.30000001192092896,0.024494897574186325,0.25999999046325684,0.3400000035762787,0.010179371319033882,0.015848488885570656,0.0015332338781180706,0.6435734087770636,0.016830312765457413,0.06812102347612381,0.0003,280,120,65.09709857398673,17.051451206207275,5.633782386779785,11.417651176452637,0,0.0,144,1.5246981999789568,5.070270271988602,32.0,0.0,7.708333333333333,8,138.75,4.4930500984191895,5.609442710876465,7.136645308492007e-06,1.5246981999789568,0.2606474999884085,3.694146299993008,cpu,cuda:0,0.0,418.83837890625,60.0,,,,
185,1,DDT500_num50.txt,fixed,1091,-3.6,-0.2983100421693226,0.2749999761581421,0.021794496104121208,0.23999999463558197,0.3199999928474426,-0.041282314234055005,-0.035453284302583106,0.0012895426569649805,0.6473798339183514,0.01518289282774696,0.0899938760468593,0.0003,290,110,55.33277002397769,19.717068195343018,5.612770318984985,14.104285717010498,0,0.0,143,1.5220989000008558,5.101741521539871,28.0,0.0,7.629370629370629,8,136.375,5.0482048988342285,5.588521957397461,6.7308396864973474e-06,1.5220989000008558,0.2657792999980302,3.6691066999937902,cpu,cuda:0,0.0,420.90966796875,60.0,,,,
186,1,DDT500_num50.txt,fixed,1032,-3.68,-0.30486599251142266,0.26999998092651367,0.036055512726306915,0.20000000298023224,0.3199999928474426,-0.011645735055208207,-0.006453521549701691,0.002206182712689042,0.6295304328203202,0.019443863164633514,0.08536132089793683,0.0003,292,108,74.47753250299517,13.85652780532837,5.294626235961914,8.5618896484375,0,0.0,139,1.4202132000100391,5.185077517531639,32.0,0.0,7.424460431654676,8,129.0,6.689544200897217,5.270558834075928,5.837604931002716e-06,1.4202132000100391,0.25127940001948446,3.4753288000629254,cpu,cuda:0,0.0,371.9638671875,60.0,,,,
187,1,DDT500_num50.txt,fixed,1101,-3.36,-0.28805717204843384,0.28999999165534973,0.019999999552965164,0.25999999046325684,0.3199999928474426,-0.020377017060915627,-0.01491867999235789,0.001423738543720295,0.6170204838116964,0.01335680626022319,0.05877326689660549,0.0003,284,116,50.737701688362094,21.69983983039856,5.552537679672241,16.147287845611572,0,0.0,142,1.46670049999193,5.103542235198614,27.0,0.0,7.753521126760563,8,137.625,4.442338943481445,5.525654315948486,7.225695753731998e-06,1.46670049999193,0.2621374999998807,3.667502400070589,cpu,cuda:0,0.0,388.7744140625,59.0,,,,
188,1,DDT500_num50.txt,fixed,1087,-3.4,-0.30042511287279144,0.2874999940395355,0.03152380511164665,0.23999999463558197,0.3400000035762787,0.018412086988488834,0.02408690092464288,0.0015753997800250848,0.6462515552838644,0.008339821500703693,0.06385528122385344,0.0003,285,115,46.829009548048816,23.21210741996765,5.535333871841431,17.676759243011475,0,0.0,143,1.488745500009827,5.197792089851822,40.0,0.0,7.601398601398602,8,135.875,5.509934425354004,5.508787155151367,6.71815996611258e-06,1.488745500009827,0.261218999963603,3.629271299992979,cpu,cuda:0,0.0,403.716796875,59.0,,,,
189,1,DDT500_num50.txt,fixed,1097,-3.6,-0.3095488053598693,0.2750000059604645,0.01658312976360321,0.23999999463558197,0.30000001192092896,-0.02439952837303281,-0.018578422211188203,0.0014163115643896162,0.6529261668523153,0.009894609358161688,0.05549946154157321,0.0003,290,110,48.70949740938265,22.521275281906128,5.565739154815674,16.95552372932434,0,0.0,144,1.4839704999940295,4.9945305373957725,32.0,0.0,7.618055555555555,8,137.125,4.621620178222656,5.541031837463379,6.590020802832441e-06,1.4839704999940295,0.25878580000062357,3.67098070000975,cpu,cuda:0,0.0,399.3466796875,58.0,,,,
190,1,DDT500_num50.txt,fixed,1085,-3.52,-0.31196668731797067,0.2800000011920929,0.01732051745057106,0.25999999046325684,0.30000001192092896,0.03183899500096838,0.03780034013713399,0.0012108269962482154,0.6566755890846252,0.01255642220688363,0.09457553004225096,0.0003,288,112,47.293076958890076,22.942047119140625,5.499216556549072,17.442818641662598,0,0.0,140,1.4639848999941023,5.166820274959512,35.0,0.0,7.75,8,135.625,4.3857011795043945,5.471964359283447,6.4834948716452345e-06,1.4639848999941023,0.26190709998809325,3.617988799976956,cpu,cuda:0,0.0,409.12109375,59.0,,,,
191,1,DDT500_num50.txt,fixed,1070,-3.36,-0.3025350391415516,0.28999996185302734,0.026457514613866806,0.23999999463558197,0.3199999928474426,-0.048791195700565976,-0.04274759218096733,0.0011393441120162607,0.6613277355829875,0.00818244069814682,0.058099895467360815,0.0003,284,116,48.225033932851495,22.18764638900757,5.444066286087036,16.743567943572998,0,0.0,140,1.4446660000030533,5.111214954607955,35.0,0.0,7.642857142857143,8,133.75,5.068283557891846,5.420025825500488,6.50537685942254e-06,1.4446660000030533,0.2572409999938827,3.592874000010852,cpu,cuda:0,0.0,370.7255859375,60.0,,,,
192,1,DDT500_num50.txt,fixed,1090,-3.68,-0.30748377589789894,0.26999998092651367,0.028284277766942978,0.2199999988079071,0.30000001192092896,0.04702472899641309,0.052728932084781785,0.0013714103510470263,0.6389906747000558,0.020686910022050142,0.08561681902834348,0.0003,292,108,84.73062198043034,12.864298343658447,5.6739583015441895,7.190325975418091,0,0.0,142,1.4750226999894949,5.243119264086452,35.0,0.0,7.676056338028169,8,136.25,5.356071472167969,5.649257183074951,7.294205715879798e-06,1.4750226999894949,0.2634510999887425,3.78222370005642,cpu,cuda:0,0.0,401.6435546875,59.0,,,,
193,1,DDT500_num50.txt,fixed,1086,-3.48,-0.31788385915648104,0.2824999988079071,0.023318450897932053,0.23999999463558197,0.3199999928474426,0.006213872507214546,0.012607989211877188,0.0013036749131667116,0.7045953671137491,0.017344040299455323,0.0922003086656332,0.0003,287,113,47.66128619676412,22.785788774490356,5.526302337646484,17.259474277496338,0,0.0,143,1.470911900005376,5.133517497152255,35.0,0.0,7.594405594405594,8,135.75,5.141740798950195,5.498813629150391,6.611549451918108e-06,1.470911900005376,0.2603408999766543,3.640096800018,cpu,cuda:0,0.0,370.7255859375,59.0,,,,
194,1,DDT500_num50.txt,fixed,1046,-3.68,-0.3233766025256005,0.27000001072883606,0.04000000283122063,0.2199999988079071,0.3400000035762787,-0.03663645622630914,-0.030845942596594494,0.0020206942475245646,0.6800860464572906,0.012892002356238663,0.059860190376639366,0.0003,292,108,59.467628900226586,17.589401483535767,5.283328533172607,12.306058645248413,0,0.0,145,1.4034125000052882,5.332695981968429,36.0,0.0,7.213793103448276,8,130.75,13.29238510131836,5.251841068267822,1.3159539776097517e-05,1.4034125000052882,0.2523021999950288,3.4705257999667083,cpu,cuda:0,0.0,371.9638671875,59.0,,,,
195,1,DDT500_num50.txt,fixed,1107,-3.56,-0.3219176334774802,0.2774999737739563,0.021065382286906242,0.23999999463558197,0.30000001192092896,0.09471604228019714,0.10099819302558899,0.001576006431908657,0.7070162892341614,0.02044950518757105,0.06570488835374515,0.0003,289,111,128.52528440588216,8.613091230392456,5.6482789516448975,2.9647998809814453,0,0.0,142,1.5026367000009486,5.106594401861809,35.0,0.0,7.795774647887324,8,138.375,2.2878756523132324,5.619017601013184,5.040734777139733e-06,1.5026367000009486,0.26255229997696006,3.723430899975938,cpu,cuda:0,0.0,380.59814453125,60.0,,,,
196,1,DDT500_num50.txt,fixed,1097,-3.44,-0.31576228492825,0.2849999964237213,0.013228763826191425,0.25999999046325684,0.30000001192092896,0.0017132444514168634,0.008116430706448026,0.001475917130139553,0.714114699098799,0.011392457229602668,0.06139976572659281,0.0003,286,114,63.98534067762403,17.144551992416382,5.6619322299957275,11.482607126235962,0,0.0,145,1.5494044999886682,5.196900634191856,32.0,0.0,7.56551724137931,8,137.125,5.840322971343994,5.636572360992432,6.961251074244501e-06,1.5494044999886682,0.2660920000016631,3.6896090999762237,cpu,cuda:0,0.0,361.20849609375,60.0,,,,
197,1,DDT500_num50.txt,fixed,1100,-3.4,-0.30731835778915173,0.2874999940395355,0.013919418677687645,0.25999999046325684,0.30000001192092896,-0.0041994541883468624,0.0020384788513183594,0.0015642998507246376,0.702008330821991,0.020999819785356522,0.0942393247038126,0.0003,285,115,93.21731641839342,11.800382614135742,5.9431304931640625,5.857237100601196,0,0.0,146,1.6990412000031938,5.215454547405243,30.0,0.0,7.534246575342466,8,137.5,6.304759979248047,5.915678977966309,7.614478818140924e-06,1.6990412000031938,0.27275370001007104,3.806246199963425,cpu,cuda:0,0.0,395.9755859375,60.0,,,,
198,1,DDT500_num50.txt,fixed,1069,-3.88,-0.3147370562831129,0.2574999928474426,0.015612496994435787,0.23999999463558197,0.2800000011920929,0.0652653006836772,0.07185498345643282,0.0014230113156372681,0.7301187738776207,0.016752593452110887,0.08240298368036747,0.0003,297,103,71.38133369877498,14.975903987884521,5.887899398803711,9.087990760803223,0,0.0,140,1.6308746999966388,5.339569694199665,35.0,0.0,7.635714285714286,8,133.625,4.299345970153809,5.859413146972656,7.186254151747562e-06,1.6308746999966388,0.26610179999261163,3.828720599954977,cpu,cuda:0,0.0,382.73486328125,60.0,,,,
199,1,DDT500_num50.txt,fixed,1054,-3.72,-0.32463270272355305,0.26749998331069946,0.024366991594433784,0.2199999988079071,0.30000001192092896,-0.0011938888993528155,0.005308875607119666,0.0018777840175769394,0.7441660033331977,0.013514403693584932,0.07233075549205144,0.0003,293,107,68.10036709498138,15.477155923843384,5.56304669380188,9.914091348648071,0,0.0,140,1.5803223000184516,5.419354840519306,36.0,0.0,7.5285714285714285,8,131.75,5.825590133666992,5.533231258392334,5.301798864820739e-06,1.5803223000184516,0.2552160999948683,3.569305999983044,cpu,cuda:0,0.0,370.7255859375,60.0,,,,
200,1,DDT500_num50.txt,fixed,1095,-3.7600000000000002,-0.32435379760534794,0.26500001549720764,0.025980766862630844,0.2199999988079071,0.30000001192092896,-0.08604444861412049,-0.07972978254159292,0.0015458959465225537,0.7087615609169007,0.015452830105399091,0.10128326664368312,0.0003,294,106,46.68134486049058,23.456907749176025,6.088019132614136,17.368871212005615,0,0.0,146,1.7116937000009784,5.220091321805841,30.0,0.0,7.5,8,136.875,4.621620178222656,6.050538539886475,5.331201464287005e-06,1.7116937000009784,0.2770786999917618,3.920647899993128,cpu,cuda:0,0.0,421.814453125,60.0,,,,
201,1,DDT500_num50.txt,fixed,1083,-3.52,-0.31537680161373804,0.2800000011920929,0.02828427404165268,0.2199999988079071,0.3199999928474426,-0.013465617472926775,-0.007387420783440272,0.001601579269239058,0.6878986159960429,0.01804273433905716,0.09974508453160524,0.0003,288,112,57.04971210715828,18.98344373703003,5.728796482086182,13.25463342666626,0,0.0,145,1.727151099992625,5.128347183968992,40.0,0.0,7.468965517241379,8,135.375,10.919449806213379,5.703955173492432,1.1570058632059954e-05,1.727151099992625,0.25000559998989047,3.5989755000246078,cpu,cuda:0,0.0,406.93359375,59.0,,,,
202,1,DDT500_num50.txt,fixed,1080,-3.6,-0.31143499952279224,0.2750000059604645,0.02397916465997696,0.23999999463558197,0.30000001192092896,-0.008785682996468884,-0.0020423324063553344,0.0014370940459359968,0.7461895261492048,0.013663617494915212,0.07725373123373304,0.0003,290,110,78.6355576067451,13.73424482345581,5.542831182479858,8.191398620605469,0,0.0,143,1.5825761000014609,5.135185185185185,35.0,0.0,7.5524475524475525,8,135.0,7.921489715576172,5.505952835083008,8.04463979875436e-06,1.5825761000014609,0.2502124000548065,3.5475832000302034,cpu,cuda:0,0.0,399.34619140625,60.0,,,,
203,1,DDT500_num50.txt,fixed,1115,-3.8000000000000003,-0.31597384429065034,0.26249998807907104,0.021065380424261093,0.23999999463558197,0.30000001192092896,-0.014971231389790774,-0.008860945608466864,0.0015889878617599607,0.6904780745506287,0.016931516025215386,0.08110246881842613,0.0003,295,105,97.94522346214038,11.38391399383545,5.680516719818115,5.703384637832642,0,0.0,145,1.6238504000120884,4.848430494128856,35.0,0.0,7.689655172413793,8,139.375,4.525966644287109,5.654532432556152,5.256034910416929e-06,1.6238504000120884,0.25225299997146067,3.649504600012733,cpu,cuda:0,0.0,403.71728515625,59.0,,,,
204,1,DDT500_num50.txt,fixed,1072,-3.84,-0.32115958302455705,0.25999999046325684,0.022360684350132942,0.2199999988079071,0.30000001192092896,-0.027543700196676783,-0.021464351357685194,0.0016047063982114196,0.688169949584537,0.015017722397007875,0.10135168458024661,0.0003,296,104,70.14802180999085,15.281970500946045,5.552510976791382,9.729442834854126,0,0.0,142,1.5798832000000402,5.156716417465637,48.0,0.0,7.549295774647887,8,134.0,7.035623550415039,5.516192436218262,5.769039944425458e-06,1.5798832000000402,0.2550434000313544,3.5536968000014895,cpu,cuda:0,0.0,352.48046875,59.0,,,,
205,1,DDT500_num50.txt,fixed,1086,-3.6,-0.3102498532655538,0.2749999761581421,0.029580404981970787,0.2199999988079071,0.30000001192092896,0.015435940586030483,0.020809402378896873,0.0016536302864551544,0.6200278004010519,0.015061885778171321,0.09128179028630257,0.0003,290,110,91.3432522773276,11.889219760894775,5.5079121589660645,6.381291151046753,0,0.0,141,1.583073499998136,5.033149170392565,40.0,0.0,7.702127659574468,8,135.75,4.520785331726074,5.471414089202881,6.334938916552346e-06,1.583073499998136,0.2545490000011341,3.5078530000009778,cpu,cuda:0,0.0,384.73828125,59.0,,,,
206,1,DDT500_num50.txt,fixed,1096,-3.52,-0.309269067588609,0.2800000011920929,0.014142143540084362,0.25999999046325684,0.30000001192092896,-0.10197930037975311,-0.09738651663064957,0.001606613863259554,0.5396091938018799,0.03930361941456795,0.131386861205101,0.0003,288,112,158.89890858903436,6.897467136383057,5.542642116546631,1.3548119068145752,0,0.0,142,1.6094843999999284,4.845802915792396,32.0,0.0,7.71830985915493,8,137.0,4.44409704208374,5.518922805786133,6.298944754234981e-06,1.6094843999999284,0.24945520003529964,3.534231700023156,cpu,cuda:0,0.0,371.96435546875,59.0,,,,
207,1,DDT500_num50.txt,fixed,1080,-3.52,-0.3099457740936414,0.2800000011920929,0.017320508137345314,0.25999999046325684,0.3199999928474426,1.5619610037122455e-05,0.005321674281731248,0.0016715310879849962,0.6141823615346637,0.015190198518601912,0.1111227593251637,0.0003,288,112,78.10627091589583,13.827314853668213,5.650554895401001,8.17674207687378,0,0.0,143,1.6042542000013782,5.286111109345048,33.0,0.0,7.5524475524475525,8,135.0,5.612485885620117,5.613823890686035,6.05038530920865e-06,1.6042542000013782,0.25895100004527194,3.6202253999872482,cpu,cuda:0,0.0,403.716796875,60.0,,,,
208,1,DDT500_num50.txt,fixed,1056,-3.48,-0.3091101069896568,0.2824999988079071,0.036657195538282394,0.2199999988079071,0.3400000035762787,-0.031025367711360257,-0.026086057594511658,0.00207864180750524,0.5978630979855856,0.058239824953489006,0.05758883897215128,0.0003,287,113,92.09539553278434,11.466371297836304,5.599794626235962,5.866561651229858,0,0.0,139,1.561963600008312,5.116477274081924,32.0,0.0,7.597122302158273,8,132.0,6.041522979736328,5.570811748504639,8.272815648524556e-06,1.561963600008312,0.25571500001206005,3.626070999973308,cpu,cuda:0,0.0,446.75537109375,60.0,,,,
209,1,DDT500_num50.txt,fixed,1103,-3.44,-0.27433681749612043,0.2849999964237213,0.019364919513463974,0.25999999046325684,0.3199999928474426,-0.014647316526282917,-0.00940390100533312,0.0019242079208858988,0.6205520792440935,0.01468836207112128,0.08489458737048236,0.0003,286,114,64.08033909997899,17.212767839431763,5.801361083984375,11.41139030456543,0,0.0,146,1.6588950999957888,4.987307342311413,30.0,0.0,7.554794520547945,8,137.875,4.9607834815979,5.775654315948486,7.3697956395335495e-06,1.6588950999957888,0.26547230002688593,3.7167822000519664,cpu,cuda:0,0.0,430.7587890625,59.0,,,,
210,1,DDT500_num50.txt,fixed,1083,-3.56,-0.29542550285563224,0.2774999737739563,0.027271786704659462,0.2199999988079071,0.30000001192092896,0.07884475588798523,0.08420749257008235,0.0014717559679411352,0.6098616123199463,0.028383346119274695,0.060535918921232224,0.0003,289,111,126.8850638278545,8.53528356552124,5.5079121589660645,3.0273597240448,0,0.0,144,1.5977680000069086,4.9362880893030985,40.0,0.0,7.520833333333333,8,135.375,6.479535102844238,5.483144760131836,6.533713076350978e-06,1.5977680000069086,0.25208200001725345,3.507821299970601,cpu,cuda:0,0.0,384.73828125,59.0,,,,
211,1,DDT500_num50.txt,fixed,1091,-3.56,-0.3071551137300027,0.2775000035762787,0.027271781116724014,0.2199999988079071,0.3199999928474426,0.018008652329444885,0.02367333248257637,0.0017453565145842732,0.6537363350391387,0.011911017377860844,0.0682761687785387,0.0003,289,111,64.30558017495473,16.9658682346344,5.700772523880005,11.265085458755493,0,0.0,143,1.6387177999986307,4.980751604907126,32.0,0.0,7.629370629370629,8,136.375,7.825239658355713,5.675182819366455,8.123743100441061e-06,1.6387177999986307,0.2587688000094204,3.646506299963221,cpu,cuda:0,0.0,429.607421875,60.0,,,,
212,1,DDT500_num50.txt,fixed,1057,-3.7600000000000002,-0.3045515915539242,0.26499998569488525,0.021794496104121208,0.2199999988079071,0.2800000011920929,-0.0664742760360241,-0.0610488859936595,0.0019203217700123787,0.638554972410202,0.013863763088981311,0.0783151729653279,0.0003,294,106,48.54942426492134,21.77162790298462,5.512351751327515,16.25926113128662,0,0.0,142,1.5787366000040493,5.0917691575432,30.0,0.0,7.443661971830986,8,132.125,7.9283905029296875,5.482813835144043,9.550144568493124e-06,1.5787366000040493,0.24749140005224035,3.5309472999742866,cpu,cuda:0,0.0,430.75830078125,59.0,,,,
213,1,DDT500_num50.txt,fixed,1097,-3.52,-0.2926039626397986,0.2800000011920929,0.030000003054738045,0.2199999988079071,0.3199999928474426,-0.027254594117403032,-0.021543344110250474,0.0017577289137989283,0.6590112388134003,0.015313093969598412,0.07801260706037283,0.0003,288,112,66.4530258217904,16.507901430130005,5.701330661773682,10.806551694869995,0,0.0,145,1.6153493999972852,4.8623518682982345,28.0,0.0,7.56551724137931,8,137.125,7.440388202667236,5.676689147949219,5.253330527921207e-06,1.6153493999972852,0.25565500003540365,3.674959800006036,cpu,cuda:0,0.0,418.83837890625,59.0,,,,
214,1,DDT500_num50.txt,fixed,1109,-3.3200000000000003,-0.2912370124727559,0.29249998927116394,0.022220488637685776,0.25999999046325684,0.3199999928474426,0.0280720517039299,0.03359179251960346,0.0015222559616501843,0.6280872055462429,0.010367133804330868,0.06600801407226495,0.0003,283,117,51.368433253902936,21.589134216308594,5.89442777633667,15.694688320159912,0,0.0,145,1.638668100009454,4.972046891239121,30.0,0.0,7.6482758620689655,8,138.625,4.029190540313721,5.868333339691162,7.078663202264579e-06,1.638668100009454,0.2604153999927803,3.8371848999922804,cpu,cuda:0,0.0,382.7353515625,59.0,,,,
215,1,DDT500_num50.txt,fixed,1077,-3.36,-0.30941672672715337,0.28999999165534973,0.020000005140900612,0.25999999046325684,0.3199999928474426,0.04598181683104485,0.051930021494627,0.0018293535613338463,0.6862877756357193,0.011995355220278725,0.06569620850495994,0.0003,284,116,77.60679929622998,13.877650022506714,5.605258941650391,8.272374391555786,0,0.0,141,1.5865046999970218,4.974930364773466,28.0,0.0,7.638297872340425,8,134.625,5.170529365539551,5.570862293243408,6.8708413891727105e-06,1.5865046999970218,0.2641890999984753,3.5906099999920116,cpu,cuda:0,0.0,419.87060546875,59.0,,,,
216,1,DDT500_num50.txt,fixed,1082,-3.3200000000000003,-0.306557014275316,0.29249998927116394,0.024366987869143486,0.25999999046325684,0.3400000035762787,0.018402191085947886,0.024457182916295197,0.0015307436438484325,0.6820367442237006,0.011147233437643282,0.07436667506893475,0.0003,283,117,72.30488380289303,14.96441102027893,5.7214274406433105,9.242968559265137,0,0.0,139,1.6278880999907415,5.081330868761553,32.0,0.0,7.784172661870503,8,135.25,2.22204852104187,5.6857404708862305,5.729491476813564e-06,1.6278880999907415,0.2629660999918997,3.6620967999351706,cpu,cuda:0,0.0,421.81396484375,59.0,,,,
217,1,DDT500_num50.txt,fixed,1069,-3.8000000000000003,-0.31044371903014,0.26249998807907104,0.023318447172641754,0.23999999463558197,0.3199999928474426,0.0003797442962725957,0.007355296052992344,0.0015360443891646962,0.7743570903937022,0.013738639963169893,0.06177647737786174,0.0003,295,105,87.16346035504992,12.264313459396362,5.655910491943359,6.608387470245361,0,0.0,144,1.5767483000036009,5.284377921508561,27.0,0.0,7.423611111111111,8,133.625,6.669660568237305,5.617805480957031,9.371397027280182e-06,1.5767483000036009,0.26060030003645807,3.6515293999655114,cpu,cuda:0,0.0,351.38232421875,59.0,,,,
218,1,DDT500_num50.txt,fixed,1095,-3.4,-0.30297556568850265,0.2874999940395355,0.024366991594433784,0.25999999046325684,0.3400000035762787,-0.01362023912370205,-0.00635137539356947,0.0015740833012387156,0.8055907726287842,0.0121312758885324,0.07864042557775974,0.0003,285,115,66.25102037681077,16.52804732322693,5.70039439201355,10.827638149261475,0,0.0,141,1.6124040000013338,5.093150685366974,30.0,0.0,7.76595744680851,8,136.875,3.515590190887451,5.666049003601074,4.777303729497362e-06,1.6124040000013338,0.2613906000042334,3.6614224999775615,cpu,cuda:0,0.0,405.9033203125,59.0,,,,
219,1,DDT500_num50.txt,fixed,1092,-4.0,-0.3284247417602526,0.25,0.030000001192092896,0.20000000298023224,0.30000001192092896,-0.026819072663784027,-0.02008574679493904,0.0018046817975118756,0.7635668635368347,0.013501394633203745,0.07016603276133537,0.0003,300,100,98.28537741861582,11.110503196716309,5.577926158905029,5.532560586929321,0,0.0,146,1.5998435999845242,4.897435900274214,32.0,0.0,7.47945205479452,8,136.5,8.015609741210938,5.540961265563965,9.99795702227857e-06,1.5998435999845242,0.24785159998464223,3.5662354999967647,cpu,cuda:0,0.0,379.470703125,59.0,,,,
220,1,DDT500_num50.txt,fixed,1074,-3.96,-0.33800290139122185,0.2524999976158142,0.029895653948187828,0.20000000298023224,0.30000001192092896,-0.03922360762953758,-0.032635126262903214,0.002329952170839533,0.7753447592258453,0.01540356274927035,0.09983539208769798,0.0003,299,101,109.30286827059368,9.825908660888672,5.647754430770874,4.17813777923584,0,0.0,137,1.5773802000003343,5.129422719252176,36.0,0.0,7.839416058394161,8,134.25,1.6393595933914185,5.609910488128662,5.198946382733993e-06,1.5773802000003343,0.2565824000103021,3.6460218999836798,cpu,cuda:0,0.0,353.70751953125,59.0,,,,
221,1,DDT500_num50.txt,fixed,1079,-3.92,-0.34095039114847014,0.2549999952316284,0.021794496104121208,0.2199999988079071,0.2800000011920929,-0.00955403953169783,-0.002949930226895958,0.0013589566379475096,0.728358789285024,0.011019697723289331,0.0699273722867171,0.0003,298,102,49.22912046551378,21.917921543121338,5.799278497695923,16.11862540245056,0,0.0,145,1.6212495999989187,4.984244668782034,28.0,0.0,7.441379310344828,8,134.875,6.845390796661377,5.767490386962891,6.54457926430041e-06,1.6212495999989187,0.2585026999568072,3.75783260002936,cpu,cuda:0,0.0,412.115234375,59.0,,,,
222,1,DDT500_num50.txt,fixed,1063,-3.7600000000000002,-0.33515295732046435,0.26499998569488525,0.03708099573850632,0.20000000298023224,0.30000001192092896,-0.016801209913359746,-0.010676049523883395,0.002025569271710184,0.713794489701589,0.018352423173685867,0.1040959217482143,0.0003,294,106,70.1745245179137,15.147947311401367,5.5880396366119385,9.559895515441895,0,0.0,145,1.5947833000082028,5.059266229227592,28.0,0.0,7.3310344827586205,8,132.875,10.373494148254395,5.562557697296143,7.742181878711563e-06,1.5947833000082028,0.25927549993866705,3.578960599965285,cpu,cuda:0,0.0,397.0556640625,58.0,,,,
223,1,DDT500_num50.txt,fixed,1116,-3.44,-0.31507917025070836,0.2849999666213989,0.025980763137340546,0.23999999463558197,0.3199999928474426,0.055195457368556945,0.061848400659593086,0.0017452684696763754,0.7525575757026672,0.01713575263108526,0.12382726424506732,0.0003,286,114,82.75256999884644,13.48598599433899,5.792158365249634,7.693812847137451,0,0.0,147,1.6389649999946414,5.016129034394432,30.0,0.0,7.591836734693878,8,139.5,4.092676162719727,5.759418487548828,6.332695647870423e-06,1.6389649999946414,0.2619852999523573,3.7261059999927966,cpu,cuda:0,0.0,420.90966796875,59.0,,,,
224,1,DDT500_num50.txt,fixed,1054,-4.04,-0.33779346716226205,0.2475000023841858,0.031523801386356354,0.20000000298023224,0.30000001192092896,0.0014806106686592103,0.007975119352340698,0.0023425686988048254,0.7665791153907776,0.014155384385958314,0.082723817974329,0.0003,301,99,64.96380596984767,16.224418878555298,5.568315744400024,10.656074523925781,0,0.0,143,1.5863565000054223,5.207779887279026,32.0,0.0,7.370629370629371,8,131.75,7.031180381774902,5.531598091125488,9.301380487158895e-06,1.5863565000054223,0.2515493000173592,3.5659862000247813,cpu,cuda:0,0.0,467.05712890625,59.0,,,,
225,1,DDT500_num50.txt,fixed,1075,-3.52,-0.3234127637760069,0.2800000011920929,0.014142143540084362,0.25999999046325684,0.30000001192092896,-0.04195803375198291,-0.0350980290140097,0.0017848334615477002,0.7752423332287715,0.011817209619598893,0.08288697812419671,0.0003,288,112,54.46678693335916,19.736798524856567,5.515191555023193,14.221592903137207,0,0.0,140,1.5717946000077063,5.244651160351066,32.0,0.0,7.678571428571429,8,134.375,4.442338943481445,5.489564418792725,7.747687050141394e-06,1.5717946000077063,0.2566967999955523,3.5317444000193063,cpu,cuda:0,0.0,405.90283203125,59.0,,,,
226,1,DDT500_num50.txt,fixed,1074,-3.7600000000000002,-0.3299732463760797,0.26500001549720764,0.034278277307748795,0.20000000298023224,0.30000001192092896,-0.029116012156009674,-0.02190461258093516,0.0013752772162357967,0.7899040281772614,0.01726436133806904,0.11887143303950627,0.0003,294,106,84.78270366650152,12.667678117752075,5.539889097213745,7.127772569656372,0,0.0,142,1.5762941999910254,5.224394782073449,30.0,0.0,7.563380281690141,8,134.25,7.171994209289551,5.5035295486450195,7.580811143270694e-06,1.5762941999910254,0.26273809992926545,3.534028100018986,cpu,cuda:0,0.0,394.8056640625,59.0,,,,
227,1,DDT500_num50.txt,fixed,1066,-3.88,-0.33648115565197484,0.2574999928474426,0.03526683896780014,0.18000000715255737,0.30000001192092896,-0.01302829384803772,-0.006331154455741246,0.00183994066901505,0.7617106139659882,0.017586534998069208,0.09455277894934018,0.0003,297,103,88.19027677876478,12.08750033378601,5.455791473388672,6.631693124771118,0,0.0,143,1.5630383999887272,5.1407129382103065,36.0,0.0,7.454545454545454,8,133.25,9.496709823608398,5.419753551483154,7.112710136425449e-06,1.5630383999887272,0.24641310002698447,3.486032700020587,cpu,cuda:0,0.0,409.12109375,59.0,,,,
228,1,DDT500_num50.txt,fixed,1045,-3.92,-0.340485755315795,0.2549999952316284,0.019364917650818825,0.2199999988079071,0.2800000011920929,-0.03976143151521683,-0.03270809849103292,0.0014534315754038591,0.7780051231384277,0.015596990939229727,0.12453829497098923,0.0003,298,102,68.1192070357812,15.34075403213501,5.461487770080566,9.879250288009644,0,0.0,144,1.558422199997949,5.267942583732057,32.0,0.0,7.256944444444445,8,130.625,6.9988837242126465,5.426792144775391,7.241412276925985e-06,1.558422199997949,0.2555311999949481,3.4867068999938056,cpu,cuda:0,0.0,404.74462890625,59.0,,,,
229,1,DDT500_num50.txt,fixed,1057,-4.0,-0.31941616401503026,0.25,0.017320508137345314,0.2199999988079071,0.2800000011920929,-0.07329528033733368,-0.06685307249426842,0.0015692970773670822,0.7226850092411041,0.016626672411803156,0.12196724908426404,0.0003,300,100,102.99118200971175,10.263014554977417,5.549375534057617,4.713623523712158,0,0.0,142,1.5660210999903939,5.011352887104002,36.0,0.0,7.443661971830986,8,132.125,4.2260355949401855,5.5126752853393555,1.0221458069281653e-05,1.5660210999903939,0.25355960000524647,3.5653558999420056,cpu,cuda:0,0.0,460.724609375,58.0,,,,
230,1,DDT500_num50.txt,fixed,1032,-3.72,-0.32251175966748835,0.26749998331069946,0.028173571452498436,0.23999999463558197,0.3199999928474426,-0.06777974735531542,-0.06182556620074643,0.0019013104028999805,0.6904840270678202,0.010449519820718301,0.0842573849691285,0.0003,293,107,68.93199888065888,14.97127628326416,5.6134254932403564,9.3578360080719,0,0.0,139,1.6632163999984186,5.285852710868037,40.0,0.0,7.424460431654676,8,129.0,6.689544200897217,5.589028358459473,5.116286956763361e-06,1.6632163999984186,0.2630632000036712,3.534031999992294,cpu,cuda:0,0.0,395.97509765625,59.0,,,,
231,1,DDT500_num50.txt,fixed,1061,-3.88,-0.31401744626747663,0.2574999928474426,0.01854049600660801,0.2199999988079071,0.2800000011920929,0.016804940067231655,0.023275467528947047,0.0015876869001658633,0.7264372855424881,0.019601304200477898,0.1098233675584197,0.0003,297,103,73.10335810557456,14.513697147369385,5.563869953155518,8.949812173843384,0,0.0,141,1.5718815000036557,5.250706877380357,40.0,0.0,7.524822695035461,8,132.625,5.498579502105713,5.538327217102051,6.800155915698269e-06,1.5718815000036557,0.2588937000455189,3.57786280000073,cpu,cuda:0,0.0,368.48095703125,59.0,,,,
232,1,DDT500_num50.txt,fixed,1077,-3.7600000000000002,-0.33532450242056416,0.26499998569488525,0.027838828042149544,0.2199999988079071,0.30000001192092896,-0.05052934936247766,-0.04456861224025488,0.0012142341583967209,0.6567854881286621,0.017727286438457668,0.06729923561215401,0.0003,294,106,148.5199431297715,7.251551389694214,5.724173545837402,1.5273630619049072,0,0.0,142,1.6238371999879746,5.132776230933385,32.0,0.0,7.584507042253521,8,134.625,5.146296977996826,5.697962284088135,7.410178113786969e-06,1.6238371999879746,0.26469339998038777,3.6769850000291626,cpu,cuda:0,0.0,216.2412109375,59.0,,,,
233,1,DDT500_num50.txt,fixed,1067,-3.68,-0.3292018002649011,0.26999998092651367,0.030000001192092896,0.2199999988079071,0.3199999928474426,-0.0063780059572309256,-0.0008496461280932029,0.00197463424410671,0.6515675981839498,0.014048128893288473,0.08944869600236416,0.0003,292,108,88.57649513825281,12.046085119247437,5.5262205600738525,6.5198493003845215,0,0.0,144,1.5910238000105892,4.892221179987184,36.0,0.0,7.409722222222222,8,133.375,8.929410934448242,5.488823890686035,9.597643838787917e-06,1.5910238000105892,0.251044099975843,3.5195009999988542,cpu,cuda:0,0.0,457.2734375,59.0,,,,
234,1,DDT500_num50.txt,fixed,1050,-3.72,-0.3267083315692554,0.26750001311302185,0.028173571452498436,0.2199999988079071,0.30000001192092896,-0.037199968206030984,-0.0313854810914823,0.0018349657766520977,0.6731968862669808,0.0113145061103361,0.06505524393703256,0.0003,293,107,80.8999607460553,12.978992700576782,5.545567989349365,7.433401107788086,0,0.0,139,1.651075399999172,5.107619044213068,30.0,0.0,7.553956834532374,8,131.25,6.571719646453857,5.507940769195557,8.6949266915326e-06,1.651075399999172,0.25097099998311023,3.480541399996582,cpu,cuda:0,0.0,401.64306640625,59.0,,,,
235,1,DDT500_num50.txt,fixed,1051,-4.16,-0.33481665432070373,0.24000000953674316,0.019999999552965164,0.2199999988079071,0.2800000011920929,-0.07578178066760302,-0.06971204685978591,0.0018605939190213879,0.7000030676523844,0.01589575270190835,0.09489707772930463,0.0003,304,96,49.59964018149034,21.189669847488403,5.521971940994263,15.667682647705078,0,0.0,134,1.5609367000088241,5.02378686783316,28.0,0.0,7.843283582089552,8,131.375,2.5950675010681152,5.485956192016602,5.783801043435233e-06,1.5609367000088241,0.2591718000385299,3.5364762999688537,cpu,cuda:0,0.0,436.86669921875,59.0,,,,
236,1,DDT500_num50.txt,fixed,1060,-3.88,-0.3340793363413161,0.2574999928474426,0.01854049600660801,0.2199999988079071,0.2800000011920929,0.006112753465357754,0.011975581343803141,0.0018684821487921807,0.6797069642278883,0.016861378292863567,0.09245780565672451,0.0003,297,103,70.22192100282683,15.095001459121704,5.451043367385864,9.643943786621094,0,0.0,142,1.565916699999434,5.092452829738833,32.0,0.0,7.464788732394366,8,132.5,4.5,5.4263787269592285,6.038630090188235e-06,1.565916699999434,0.25149980000787764,3.4833322000595217,cpu,cuda:0,0.0,436.86669921875,59.0,,,,
237,1,DDT500_num50.txt,fixed,1018,-3.96,-0.3465381863569072,0.2524999976158142,0.022220486775040627,0.2199999988079071,0.2800000011920929,-0.04579152224155573,-0.039573043011702023,0.0020593229699163483,0.7248138968761151,0.012966524057376843,0.10580492478150588,0.0003,299,101,55.190898450332966,18.445070266723633,5.368748664855957,13.076306819915771,0,0.0,137,1.5154247999944346,5.409626719759583,36.0,0.0,7.430656934306569,8,127.25,5.117372512817383,5.250931739807129,6.810596914874623e-06,1.5154247999944346,0.24644780002745392,3.366818399990734,cpu,cuda:0,0.0,407.96142578125,59.0,,,,
238,1,DDT500_num50.txt,fixed,1032,-3.96,-0.3402797186603707,0.2524999976158142,0.022220486775040627,0.2199999988079071,0.2800000011920929,0.007483629199365775,0.013718179582307736,0.0017394858102003734,0.710429827372233,0.01296196699452897,0.10191652178764343,0.0003,299,101,85.71486987207449,12.039917945861816,5.438715696334839,6.601190805435181,0,0.0,149,1.5738264999927196,5.275193797756535,36.0,0.0,6.926174496644295,8,129.0,9.394146919250488,5.414731502532959,8.541576789866667e-06,1.5738264999927196,0.25538589998359384,3.459833599999911,cpu,cuda:0,0.0,364.75439453125,59.0,,,,
239,1,DDT500_num50.txt,fixed,1045,-3.72,-0.34620399498176646,0.26749998331069946,0.013919418677687645,0.25999999046325684,0.30000001192092896,-0.06788390828296542,-0.061729477563252054,0.0016418193602779259,0.6975339750448862,0.011269585559299836,0.07368478310915332,0.0003,293,107,58.854263497191596,17.755722999572754,5.495676517486572,12.260031938552856,0,0.0,138,1.558323700000983,5.118660284799822,40.0,0.0,7.572463768115942,8,130.625,5.977823734283447,5.461926460266113,7.920019925222732e-06,1.558323700000983,0.2566686999725789,3.519730999958483,cpu,cuda:0,0.0,434.36376953125,59.0,,,,
240,1,DDT500_num50.txt,fixed,1042,-3.84,-0.3611100691709731,0.25999999046325684,0.024494897574186325,0.20000000298023224,0.2800000011920929,0.011010343341955118,0.017436935466581156,0.0019630747431490037,0.7408128891672406,0.015383592889910298,0.0870904555278165,0.0003,296,104,52.9622716299455,19.67438268661499,5.3646461963653564,14.30972146987915,0,0.0,137,1.512499399988883,4.949136276391554,27.0,0.0,7.605839416058394,8,130.25,4.815340042114258,5.236111640930176,5.193476681597531e-06,1.512499399988883,0.24264059999950405,3.359708400003001,cpu,cuda:0,0.0,489.11474609375,59.0,,,,
241,1,DDT500_num50.txt,fixed,1086,-3.44,-0.3401745809355152,0.2849999964237213,0.016583124175667763,0.25999999046325684,0.3199999928474426,-0.014079328124912886,-0.008546099711496096,0.0023356915559046543,0.670107378409459,0.014004593518061133,0.09387944610073017,0.0003,286,114,54.4006325788624,19.963003158569336,5.495726823806763,14.467252731323242,0,0.0,142,1.5837780000001658,4.898710865561695,25.0,0.0,7.647887323943662,8,135.75,3.665719509124756,5.465288162231445,5.953307663730811e-06,1.5837780000001658,0.2497869999606337,3.504625500007023,cpu,cuda:0,0.0,393.8623046875,59.0,,,,
242,1,DDT500_num50.txt,fixed,1021,-4.24,-0.36557718261764266,0.23499999940395355,0.04092676192522049,0.14000000059604645,0.2800000011920929,-0.014238258451223373,-0.007720084488391876,0.0025862738955765964,0.7811308562755584,0.020106935570947827,0.06426629684865474,0.0003,306,94,65.40526753805788,15.610363483428955,5.384349346160889,10.226000308990479,0,0.0,137,1.5282238999971014,5.1518119453333036,36.0,0.0,7.452554744525547,8,127.625,9.164299011230469,5.35703706741333,9.398652764502913e-06,1.5282238999971014,0.2485019999985525,3.4565201999866986,cpu,cuda:0,0.0,394.8037109375,58.0,,,,
243,1,DDT500_num50.txt,fixed,1034,-4.0,-0.36927175312229443,0.25,0.033166248351335526,0.2199999988079071,0.3199999928474426,-0.006789688020944595,-0.0004631256063779195,0.0025332013610750437,0.7593161000145806,0.010453674347243376,0.07302471705608898,0.0003,300,100,69.34280094522411,14.911425352096558,5.3493335247039795,9.562066793441772,0,0.0,139,1.5314319000081014,5.069632492628042,35.0,0.0,7.438848920863309,8,129.25,6.684871196746826,5.321310520172119,9.047348612511996e-06,1.5314319000081014,0.2503339999675518,3.414660199998252,cpu,cuda:0,0.0,398.13818359375,59.0,,,,
244,1,DDT500_num50.txt,fixed,1069,-4.0,-0.3488446148110594,0.25,0.024494897574186325,0.20000000298023224,0.2800000011920929,0.033631131052970886,0.039757957825293906,0.0026955829145243536,0.7474619837907645,0.021643426520033524,0.0987580452974026,0.0003,300,100,55.54639053160901,19.245174884796143,5.549774885177612,13.695383787155151,0,0.0,144,1.6077817999957915,4.927970066596906,28.0,0.0,7.423611111111111,8,133.625,9.419892311096191,5.5139055252075195,8.589689059590455e-06,1.6077817999957915,0.25354899997182656,3.525647799979197,cpu,cuda:0,0.0,418.837890625,59.0,,,,
245,1,DDT500_num50.txt,fixed,1042,-3.84,-0.3549801837483979,0.25999999046325684,0.017320509999990463,0.23999999463558197,0.2800000011920929,-0.028389467236896355,-0.022768594635029633,0.0022935705298247435,0.6767658094565073,0.011588367090250054,0.06068865116685629,0.0003,296,104,87.4095593368692,11.92089295387268,5.517013788223267,6.40386438369751,0,0.0,142,1.5706709000023693,4.851247597793242,21.0,0.0,7.338028169014085,8,130.25,8.227241516113281,5.479619026184082,8.47308911033906e-06,1.5706709000023693,0.25405079999291047,3.5279203999944,cpu,cuda:0,0.0,345.07080078125,58.0,,,,
246,1,DDT500_num50.txt,fixed,1044,-4.08,-0.3704283923239378,0.24500000476837158,0.027838820591568947,0.20000000298023224,0.2800000011920929,0.042205176005760826,0.04808679595589638,0.002216863182062904,0.69900484085083,0.016637976141646506,0.0862293891608715,0.0003,302,98,49.15196689657402,21.240248680114746,5.668347120285034,15.571885347366333,0,0.0,137,1.5877064999931463,4.886015321788204,27.0,0.0,7.62043795620438,8,130.5,6.082762718200684,5.631567001342773,7.562041901110206e-06,1.5877064999931463,0.261661499955153,3.652899200023967,cpu,cuda:0,0.0,470.16650390625,58.0,,,,
247,1,DDT500_num50.txt,fixed,1037,-4.0,-0.38184110031488017,0.25,0.033166248351335526,0.20000000298023224,0.30000001192092896,-0.06041558299745832,-0.05536250450781414,0.003511055156455508,0.6808608089174543,0.01668043981771916,0.05598866460578782,0.0003,300,100,86.04081753443171,12.052419185638428,5.205984592437744,6.846421718597412,0,0.0,141,1.524138300006598,4.927675986358952,21.0,0.0,7.3546099290780145,8,129.625,7.034512996673584,5.182561874389648,8.686750334163662e-06,1.524138300006598,0.24240490000920545,3.2954489999701764,cpu,cuda:0,0.0,434.36376953125,58.0,,,,
248,1,DDT500_num50.txt,fixed,1064,-3.68,-0.36226980930869795,0.26999998092651367,0.024494903162121773,0.2199999988079071,0.30000001192092896,-0.05177509337663651,-0.04628977626562118,0.0018943160073831677,0.6432473421096802,0.16933859144337476,0.058006733655929565,0.0003,292,108,96.77530028713127,10.994540929794312,5.603780508041382,5.390743017196655,0,0.0,142,1.58036529999481,4.918233083154922,36.0,0.0,7.492957746478873,8,133.0,5.678908348083496,5.579586029052734,6.615847269131336e-06,1.58036529999481,0.25759739999557496,3.6127751000112767,cpu,cuda:0,0.0,407.96337890625,59.0,,,,
249,1,DDT500_num50.txt,fixed,1055,-3.88,-0.35538350845334843,0.2574999928474426,0.023318450897932053,0.2199999988079071,0.30000001192092896,-0.03407653719186783,-0.02898384431997935,0.0019568849393787483,0.6071140209833781,0.010643925052136183,0.0543773261209329,0.0003,297,103,48.60829138795154,21.704116106033325,5.646356821060181,16.057743549346924,0,0.0,140,1.687560599999415,4.845497632591646,28.0,0.0,7.535714285714286,8,131.875,6.392133712768555,5.620834827423096,8.25389815872768e-06,1.687560599999415,0.25204930001746106,3.5548426000150357,cpu,cuda:0,0.0,342.29150390625,59.0,,,,
250,1,DDT500_num50.txt,fixed,1071,-3.48,-0.3097029330569783,0.2824999988079071,0.021065374836325645,0.23999999463558197,0.3199999928474426,-0.029882080852985382,-0.02517169713973999,0.002988671825733036,0.6204708144068718,0.009001065453048795,0.07737425528466702,0.0003,287,113,75.1747939884793,14.246796607971191,5.660775661468506,8.58600640296936,0,0.0,144,1.6010627999949065,4.879551817166482,21.0,0.0,7.4375,8,133.875,5.509934425354004,5.636449813842773,7.435067345795687e-06,1.6010627999949065,0.26025729999855685,3.645634800017433,cpu,cuda:0,0.0,413.15234375,59.0,,,,
251,1,DDT500_num50.txt,fixed,1097,-3.4,-0.28030587135840834,0.28749996423721313,0.026339136064052582,0.23999999463558197,0.3199999928474426,-0.032196823846210136,-0.027434593235904522,0.0020307502391832795,0.5777608264576305,0.01401241634845395,0.06325111859901385,0.0003,285,115,61.46380493524077,17.847902536392212,5.669288635253906,12.178596496582031,0,0.0,143,1.6193538999959856,4.864175022789426,30.0,0.0,7.671328671328672,8,137.125,3.6890885829925537,5.632727146148682,1.1523290595505387e-05,1.6193538999959856,0.2540365000113525,3.6306693000224186,cpu,cuda:0,0.0,406.93408203125,59.0,,,,
252,1,DDT500_num50.txt,fixed,1067,-3.64,-0.2960885310525433,0.2724999785423279,0.022220486775040627,0.23999999463558197,0.3199999928474426,-0.03214644889036814,-0.026997255782286327,0.0019941892474889754,0.6146290977795918,0.010700707680856188,0.05907713274161021,0.0003,291,109,49.84517775125005,21.406283378601074,5.5433337688446045,15.862930059432983,0,0.0,145,1.5760114999902726,5.060918463650661,28.0,0.0,7.358620689655172,8,133.375,6.872726917266846,5.505904674530029,7.90385456639342e-06,1.5760114999902726,0.25413379999918106,3.5484240999685426,cpu,cuda:0,0.0,405.90283203125,60.0,,,,
253,1,DDT500_num50.txt,fixed,1068,-3.64,-0.32045916582316103,0.2724999785423279,0.024366989731788635,0.23999999463558197,0.3199999928474426,-0.03021663799881935,-0.024902316508814692,0.0016420314786955714,0.6135339960455894,0.01317344611743465,0.06813341984525323,0.0003,291,109,76.67364310065929,13.9291672706604,5.440563678741455,8.488590478897095,0,0.0,139,1.5628098000124737,5.077715355582005,35.0,0.0,7.683453237410072,8,133.5,3.570714235305786,5.404021263122559,5.9890062402701005e-06,1.5628098000124737,0.2495109000174125,3.466972699989128,cpu,cuda:0,0.0,424.0185546875,58.0,,,,
254,1,DDT500_num50.txt,fixed,1061,-3.92,-0.3354305281406928,0.2549999952316284,0.029580404981970787,0.2199999988079071,0.30000001192092896,-0.009833835065364838,-0.004887212812900543,0.001692612306214869,0.5792929351329803,0.014787650620564818,0.07317927218973637,0.0003,298,102,97.2026719965349,10.915337800979614,5.415131568908691,5.5001912117004395,0,0.0,148,1.5798393999866676,5.003770026477523,35.0,0.0,7.168918918918919,8,132.625,10.036651611328125,5.389255046844482,7.253177500388119e-06,1.5798393999866676,0.24649420001878752,3.439092399972651,cpu,cuda:0,0.0,435.6767578125,57.0,,,,
255,1,DDT500_num50.txt,fixed,1090,-3.68,-0.3058307377016463,0.26999998092651367,0.028284277766942978,0.2199999988079071,0.30000001192092896,-0.0023420549929141997,0.00258045569062233,0.0018830890767276287,0.5864057153463363,0.012945102609228343,0.04945519221946597,0.0003,292,108,65.0885044027791,16.746428728103638,5.710553407669067,11.035861492156982,0,0.0,142,1.6209401999840338,4.900000001312396,36.0,0.0,7.676056338028169,8,136.25,3.8971142768859863,5.678106784820557,6.339424089674139e-06,1.6209401999840338,0.26184999995348335,3.6649640000086947,cpu,cuda:0,0.0,415.99560546875,59.0,,,,
256,1,DDT500_num50.txt,fixed,1028,-3.92,-0.3014461572701132,0.2549999952316284,0.02397916093468666,0.2199999988079071,0.30000001192092896,-0.00620613891320924,-0.00029371120035648346,0.0016981474861192207,0.6761500189701716,0.012267454507915923,0.06943774176761508,0.0003,298,102,57.81157578875611,17.78190588951111,5.371132850646973,12.410760879516602,0,0.0,137,1.5374623999905452,5.252918288401593,36.0,0.0,7.5036496350364965,8,128.5,5.244044303894043,5.344751358032227,4.6261807256087195e-06,1.5374623999905452,0.2501291000062338,3.433569000015268,cpu,cuda:0,0.0,407.96337890625,59.0,,,,
257,1,DDT500_num50.txt,fixed,1060,-3.72,-0.2831890491718678,0.26749998331069946,0.019843140617012978,0.23999999463558197,0.30000001192092896,0.015980057418346405,0.021331849694252013,0.0023861130233854056,0.654484897851944,0.015460605314001442,0.0719628907740116,0.0003,293,107,96.97198881641302,10.930991649627686,5.483653545379639,5.4473230838775635,0,0.0,139,1.564162100014073,5.103773584455814,35.0,0.0,7.625899280575539,8,132.5,4.609772205352783,5.452271938323975,7.066607849992579e-06,1.564162100014073,0.250101000054201,3.512221300003148,cpu,cuda:0,0.0,452.76513671875,59.0,,,,
258,1,DDT500_num50.txt,fixed,1058,-3.72,-0.2928976481814548,0.26749998331069946,0.031523801386356354,0.2199999988079071,0.3199999928474426,0.0031251865128676098,0.009118590876460076,0.0019751207592586676,0.6980963945388794,0.014130930602550506,0.08988599147026738,0.0003,293,107,49.38000586162936,21.425675868988037,5.5091352462768555,15.916523218154907,0,0.0,140,1.5685789000071964,5.306238184579153,52.0,0.0,7.557142857142857,8,132.25,4.993746280670166,5.482929706573486,6.2695471569895744e-06,1.5685789000071964,0.2528196999865031,3.5352362999947218,cpu,cuda:0,0.0,506.73388671875,58.0,,,,
259,1,DDT500_num50.txt,fixed,1045,-3.68,-0.2942410055562278,0.26999998092651367,0.03464101627469063,0.20000000298023224,0.3199999928474426,-0.05757959868589586,-0.05183562771840529,0.0016517420616847548,0.6569841341538862,0.014728687407279556,0.07499976896426895,0.0003,292,108,61.543634608169015,16.979822635650635,5.561779975891113,11.418026447296143,0,0.0,139,1.5578034999944066,5.111961725682162,30.0,0.0,7.517985611510792,8,130.625,9.286246299743652,5.525206565856934,7.709072633588221e-06,1.5578034999944066,0.258807300018816,3.580441400008567,cpu,cuda:0,0.0,416.9033203125,58.0,,,,
260,1,DDT500_num50.txt,fixed,1061,-3.7600000000000002,-0.2783460082301819,0.26499998569488525,0.03570714220404625,0.2199999988079071,0.3199999928474426,-0.007719473727047443,-0.0019128289073705672,0.0017174677457660436,0.6665379524230957,0.011963084759190678,0.06129537001252174,0.0003,294,106,93.62315849988325,11.332666158676147,5.632605314254761,5.700042486190796,0,0.0,144,1.5946950999968976,5.196041467614493,32.0,0.0,7.368055555555555,8,132.625,6.382348537445068,5.596332550048828,6.2899139265937265e-06,1.5946950999968976,0.26264370002354553,3.6086132999989786,cpu,cuda:0,0.0,406.93359375,58.0,,,,
261,1,DDT500_num50.txt,fixed,1044,-3.8000000000000003,-0.2995108675614025,0.26249998807907104,0.021065378561615944,0.2199999988079071,0.30000001192092896,-0.04666899957440116,-0.0415036061947996,0.0016131832327863033,0.5971981151537462,0.012774215376173908,0.06245887584306977,0.0003,295,105,59.56786205824969,17.5262291431427,5.4098920822143555,12.116321802139282,0,0.0,138,1.5335032000020874,5.112068962776798,28.0,0.0,7.565217391304348,8,130.5,6.184658527374268,5.3745622634887695,8.400660590268672e-06,1.5335032000020874,0.25573100002657156,3.4602105999729247,cpu,cuda:0,0.0,420.9091796875,58.0,,,,
262,1,DDT500_num50.txt,fixed,1042,-3.72,-0.2773703752346733,0.26749998331069946,0.022220494225621223,0.23999999463558197,0.30000001192092896,-0.05320457232495149,-0.047456101328134534,0.0016480011399835348,0.6572473247845968,0.017422269470989703,0.11148288485904535,0.0003,293,107,48.47892707599132,21.49387502670288,5.497011423110962,15.99684739112854,0,0.0,142,1.5431576000009954,4.9846449117971705,32.0,0.0,7.338028169014085,8,130.25,6.514407157897949,5.459554672241211,7.871424713812303e-06,1.5431576000009954,0.25287410004239064,3.538287199968181,cpu,cuda:0,0.0,384.73828125,58.0,,,,
263,1,DDT500_num50.txt,fixed,1054,-3.72,-0.28980404490486555,0.26749998331069946,0.022220486775040627,0.23999999463558197,0.3199999928474426,-0.010130898228713445,-0.004134977502482278,0.0011164016780510014,0.6554118948323386,0.013489239017612167,0.06935588642954826,0.0003,293,107,51.85438781574791,20.326148748397827,5.552483797073364,14.773648738861084,0,0.0,143,1.5714148999941244,4.99905123565862,28.0,0.0,7.370629370629371,8,131.75,4.918078899383545,5.5160932540893555,7.1624845077167265e-06,1.5714148999941244,0.25040270006866194,3.5677870999934385,cpu,cuda:0,0.0,399.34619140625,58.0,,,,
264,1,DDT500_num50.txt,fixed,1043,-3.88,-0.30205207281850893,0.2574999928474426,0.023318449035286903,0.2199999988079071,0.2800000011920929,-0.05430681258440018,-0.04819228003422419,0.0015481259324587882,0.6888597309589386,0.0329618391697295,0.04487493153040608,0.0003,297,103,86.51199355343462,12.056131839752197,5.398574590682983,6.657543897628784,0,0.0,139,1.5285563000034017,5.218600190840197,32.0,0.0,7.503597122302159,8,130.375,7.347405910491943,5.367835998535156,8.831148079480045e-06,1.5285563000034017,0.25320679998731066,3.460265600004277,cpu,cuda:0,0.0,397.0556640625,58.0,,,,
265,1,DDT500_num50.txt,fixed,1045,-3.68,-0.3015570993510802,0.26999998092651367,0.020000005140900612,0.23999999463558197,0.30000001192092896,0.01876251670447263,0.024949720637364822,0.0016652145846323533,0.7019811597737399,0.012907776664095845,0.06734482317485592,0.0003,292,108,62.77972147391318,16.64550232887268,5.630713939666748,11.014770269393921,0,0.0,143,1.5847929999945336,5.196172248803828,28.0,0.0,7.3076923076923075,8,130.625,7.330373287200928,5.594325542449951,9.431858416064642e-06,1.5847929999945336,0.258345600010216,3.622083299940641,cpu,cuda:0,0.0,389.845703125,58.0,,,,
266,1,DDT500_num50.txt,fixed,1031,-4.04,-0.31421962229154204,0.2475000023841858,0.017139136791229248,0.2199999988079071,0.2800000011920929,-0.085787832736969,-0.07908967509865761,0.0012103943299734965,0.7303357571363449,0.01818250899668783,0.06156258191913366,0.0003,301,99,112.85547661634895,9.135577917098999,5.494380950927734,3.6411802768707275,0,0.0,138,1.536726100013766,5.248302620897931,35.0,0.0,7.471014492753623,8,128.875,4.567206382751465,5.4584784507751465,5.9197946029598825e-06,1.536726100013766,0.2548825000085344,3.539240800004336,cpu,cuda:0,0.0,363.33056640625,58.0,,,,
267,1,DDT500_num50.txt,fixed,989,-4.16,-0.3377475350005931,0.24000000953674316,0.04898979142308235,0.18000000715255737,0.3400000035762787,-0.08205134840682149,-0.07623673649504781,0.0033132472017314285,0.7471242174506187,0.010500223448616453,0.07458967482671142,0.0003,304,96,76.94178300706976,12.853874206542969,5.103499174118042,7.750359296798706,0,0.0,140,1.4589444000175718,5.136501513308533,28.0,0.0,7.064285714285714,8,123.625,9.472823143005371,5.076448440551758,8.380337021662854e-06,1.4589444000175718,0.2392390000022715,3.2598535999441083,cpu,cuda:0,0.0,374.23876953125,58.0,,,,
268,1,DDT500_num50.txt,fixed,1011,-4.24,-0.32069908271131153,0.23499999940395355,0.013228753581643105,0.2199999988079071,0.25999999046325684,-0.051254216167661876,-0.04501759343677097,0.00140118828534873,0.693721678521898,0.016924106412463717,0.12836518159343135,0.0003,306,94,68.08626434666316,14.848809957504272,5.375005006790161,9.473791360855103,0,0.0,137,1.5211910999987595,5.170128582493134,30.0,0.0,7.37956204379562,8,126.375,6.203577518463135,5.349289417266846,8.011005775188096e-06,1.5211910999987595,0.2510115999739355,3.4527139000038005,cpu,cuda:0,0.0,393.8603515625,59.0,,,,
269,1,DDT500_num50.txt,fixed,1061,-3.7600000000000002,-0.3007605716797822,0.26499998569488525,0.025980768725275993,0.23999999463558197,0.30000001192092896,0.1358230235055089,0.14211896900087595,0.001571952408994548,0.708192266523838,0.01643867092207074,0.06560291955247521,0.0003,294,106,76.67492803923469,13.837639331817627,5.449247598648071,8.388375043869019,0,0.0,141,1.552097399984632,5.024505180418211,28.0,0.0,7.524822695035461,8,132.625,4.741769313812256,5.425023078918457,5.578689069807297e-06,1.552097399984632,0.25467179999759537,3.491575500007457,cpu,cuda:0,0.0,430.75830078125,58.0,,,,
270,1,DDT500_num50.txt,fixed,1016,-4.12,-0.34026949645316845,0.24249997735023499,0.03526683896780014,0.18000000715255737,0.30000001192092896,-0.017753605047861734,-0.01172940656542778,0.002228030019129316,0.7138213396072388,0.009279776837987204,0.060238843721648054,0.0003,303,97,49.47166586630791,20.537008047103882,5.3079869747161865,15.229002714157104,0,0.0,137,1.5042154000038863,5.200787399697491,30.0,0.0,7.416058394160584,8,127.0,8.077747344970703,5.274914741516113,8.205548510886729e-06,1.5042154000038863,0.23922789998687222,3.4126319000006333,cpu,cuda:0,0.0,362.6201171875,58.0,,,,
271,1,DDT500_num50.txt,fixed,1040,-4.0,-0.3535065973128208,0.25,0.030000001192092896,0.20000000298023224,0.30000001192092896,-0.04175969089070956,-0.03601673543453217,0.0020591446043302613,0.6772527019182841,0.006227512719730536,0.053501355058203144,0.0003,300,100,50.004474302063734,20.798138856887817,5.253022193908691,15.545103311538696,0,0.0,138,1.5216537000032986,5.078846157284883,25.0,0.0,7.536231884057971,8,130.0,6.91013765335083,5.230829238891602,7.804340384609532e-06,1.5216537000032986,0.24306480000086594,3.345666299954246,cpu,cuda:0,0.0,389.845703125,58.0,,,,
272,1,DDT500_num50.txt,fixed,1045,-3.88,-0.3511317844852727,0.2574999928474426,0.025372229516506195,0.2199999988079071,0.2800000011920929,-0.04887686123450597,-0.04290947119394938,0.0018029083497822286,0.6868844588597616,0.010863001473868887,0.0629987083375454,0.0003,297,103,49.53521913507408,21.0961012840271,5.346112251281738,15.74997353553772,0,0.0,137,1.5326424000195402,5.235406696967531,32.0,0.0,7.627737226277373,8,130.625,6.223694801330566,5.320145606994629,6.296688297879882e-06,1.5326424000195402,0.24994740002694016,3.4139904999829014,cpu,cuda:0,0.0,420.9091796875,58.0,,,,
273,1,DDT500_num50.txt,fixed,1035,-4.04,-0.3551229461499015,0.2475000023841858,0.01984313316643238,0.2199999988079071,0.2800000011920929,-0.11836184561252594,-0.11288232853015263,0.0019027599676822622,0.6430901338656744,0.011405357935776314,0.05819908746828636,0.0003,301,99,94.20774648957108,10.986357688903809,5.356259346008301,5.630085706710815,0,0.0,138,1.535224000002927,5.156521739821503,35.0,0.0,7.5,8,129.375,5.893587589263916,5.332494258880615,5.943751602899283e-06,1.535224000002927,0.24571570003172383,3.4297157999717456,cpu,cuda:0,0.0,419.87060546875,58.0,,,,
274,1,DDT500_num50.txt,fixed,1052,-3.6,-0.33595821121905906,0.2749999761581421,0.04092676192522049,0.2199999988079071,0.3199999928474426,-0.03539605438709259,-0.029716619352499644,0.002035881578922272,0.6697379430135091,0.009385802270844578,0.07823917642235756,0.0003,290,110,49.81865020487833,21.116589784622192,5.507195472717285,15.609378576278687,0,0.0,141,1.5695224000155577,4.961977185631886,24.0,0.0,7.460992907801418,8,131.5,6.224949836730957,5.471421241760254,6.940806542843347e-06,1.5695224000155577,0.2501344000429526,3.526270799991835,cpu,cuda:0,0.0,403.716796875,58.0,,,,
275,1,DDT500_num50.txt,fixed,1054,-3.88,-0.35961740270288706,0.2574999928474426,0.023318450897932053,0.2199999988079071,0.30000001192092896,-0.02813917603343725,-0.022220856026701992,0.0016622756995881597,0.6749456564585368,0.009593484411016106,0.06964664943516255,0.0003,297,103,49.955108572784056,21.09894323348999,5.4329447746276855,15.66598105430603,0,0.0,141,1.5811563999941427,5.137571156590441,30.0,0.0,7.475177304964539,8,131.75,5.141740798950195,5.39478874206543,7.642422133358195e-06,1.5811563999941427,0.2505481000061991,3.4387986999554414,cpu,cuda:0,0.0,395.97509765625,58.0,,,,
276,1,DDT500_num50.txt,fixed,1073,-3.88,-0.34172846771903165,0.2574999928474426,0.04175823554396629,0.1599999964237213,0.30000001192092896,-0.015591031250854334,-0.010014031703273455,0.002238710061646998,0.669635017712911,0.01866129335636894,0.08769094695647557,0.0003,297,103,89.02410497406603,12.052915334701538,5.681929111480713,6.3709681034088135,0,0.0,143,1.5946365000017977,5.140726933385986,28.0,0.0,7.503496503496503,8,134.125,10.252285957336426,5.647763729095459,4.376783181214705e-06,1.5946365000017977,0.2628172999993694,3.6557053000105952,cpu,cuda:0,0.0,426.3349609375,58.0,,,,
277,1,DDT500_num50.txt,fixed,1056,-3.8000000000000003,-0.3293620710573508,0.26249998807907104,0.015612497925758362,0.23999999463558197,0.2800000011920929,-0.0082439004133145,-0.002368377359946155,0.0016639482281688186,0.6707501543892754,0.014623736419404546,0.08574654658635457,0.0003,295,105,72.53003580924712,14.55948543548584,5.370805501937866,9.188663244247437,0,0.0,146,1.5422650999807956,5.293560606963707,36.0,0.0,7.232876712328767,8,132.0,6.4031243324279785,5.337462425231934,5.532646810024744e-06,1.5422650999807956,0.24355449998256518,3.4283145000117656,cpu,cuda:0,0.0,361.99462890625,58.0,,,,
278,1,DDT500_num50.txt,fixed,1043,-3.6,-0.3388206927138333,0.2750000059604645,0.019364923238754272,0.23999999463558197,0.30000001192092896,0.005489205475896597,0.01150309108197689,0.0013411563049885444,0.668446347117424,0.008878620239556767,0.06415722949896008,0.0003,290,110,76.80628302236245,13.579618215560913,5.1758551597595215,8.403749465942383,0,0.0,137,1.492401699992115,5.327900291975027,33.0,0.0,7.613138686131387,8,130.375,5.914759159088135,5.150068283081055,8.000355592230335e-06,1.492401699992115,0.2352461999780644,3.304132099990966,cpu,cuda:0,0.0,384.73828125,60.0,,,,
279,1,DDT500_num50.txt,fixed,1071,-3.56,-0.3424001444870859,0.2775000035762787,0.023318450897932053,0.23999999463558197,0.3199999928474426,-0.0488105242451032,-0.042856683333714805,0.0015329252928495407,0.6720300416151682,0.017380172153934836,0.08131323382258415,0.0003,289,111,95.53336922348022,11.210742473602295,5.315212965011597,5.895514488220215,0,0.0,139,1.529868900002839,5.3249299737697,36.0,0.0,7.705035971223022,8,133.875,3.4072532653808594,5.289334297180176,5.423695256467909e-06,1.529868900002839,0.23892879999402794,3.399661899997227,cpu,cuda:0,0.0,404.74462890625,59.0,,,,
280,1,DDT500_num50.txt,fixed,1059,-3.72,-0.3244855171100791,0.26750001311302185,0.024366993457078934,0.23999999463558197,0.30000001192092896,-0.04067270706097285,-0.03464873673187362,0.0015104814147990611,0.6779208779335022,0.0202886580179135,0.06591225581036673,0.0003,293,107,71.5513686170674,14.80055546760559,5.328563451766968,9.471977949142456,0,0.0,135,1.5317985999972734,5.147308781869689,30.0,0.0,7.844444444444444,8,132.375,1.8666480779647827,5.3028693199157715,5.3205285439617e-06,1.5317985999972734,0.24272289995496976,3.406671599994297,cpu,cuda:0,0.0,352.48046875,59.0,,,,
281,1,DDT500_num50.txt,fixed,1037,-3.96,-0.341399295966143,0.2524999976158142,0.024366989731788635,0.2199999988079071,0.30000001192092896,-0.03239390154679616,-0.02597130524615447,0.0015711179003119469,0.7208156108856201,0.011296812817454338,0.09358183940251669,0.0003,299,101,49.51663794632695,20.942455768585205,5.369484186172485,15.572949171066284,0,0.0,140,1.5486271000045235,5.419479265967124,35.0,0.0,7.4071428571428575,8,129.625,5.023382663726807,5.333858013153076,6.2921731114329305e-06,1.5486271000045235,0.2498195000262058,3.4106374000457436,cpu,cuda:0,0.0,363.33056640625,59.0,,,,
282,1,DDT500_num50.txt,fixed,1021,-4.24,-0.352208228821936,0.23499999940395355,0.04663689807057381,0.14000000059604645,0.30000001192092896,-0.02702629715204239,-0.02073584347963333,0.0021380585385486484,0.7359475255012512,0.011928359931334852,0.08362964242696762,0.0003,306,94,65.39128835035383,15.61370062828064,5.223680019378662,10.39000678062439,0,0.0,140,1.5132653000055143,5.324191963754368,36.0,0.0,7.292857142857143,8,127.625,9.45961856842041,5.199052333831787,8.51324602990644e-06,1.5132653000055143,0.24606460002723907,3.317748700001175,cpu,cuda:0,0.0,378.46630859375,59.0,,,,
283,1,DDT500_num50.txt,fixed,1034,-3.8000000000000003,-0.3326733317470387,0.26249998807907104,0.027271779254078865,0.2199999988079071,0.3199999928474426,0.016292863732410803,0.022604286877645388,0.0018657648211552037,0.7244304815928141,0.011525575873545475,0.06665562176042134,0.0003,295,105,70.87539121385515,14.588984727859497,5.359283447265625,9.22968578338623,0,0.0,135,1.5119095999943966,5.113152805103324,36.0,0.0,7.659259259259259,8,129.25,6.015604496002197,5.331151962280273,4.62310799775878e-06,1.5119095999943966,0.2548501000201213,3.4382270999813045,cpu,cuda:0,0.0,378.46826171875,59.0,,,,
284,1,DDT500_num50.txt,fixed,1043,-3.6,-0.3190067642286574,0.2749999761581421,0.027838822454214096,0.2199999988079071,0.3199999928474426,-0.007462166515844209,-0.000965477100440434,0.0020692990926493493,0.753133875983102,0.014657661285517471,0.100201708397695,0.0003,290,110,49.98230856283666,20.86738348007202,5.4980309009552,15.369337558746338,0,0.0,140,1.5632845999934943,5.178331734921537,36.0,0.0,7.45,8,130.375,5.588772296905518,5.472004413604736,7.211915544758085e-06,1.5632845999934943,0.26238370000282885,3.5170224999928905,cpu,cuda:0,0.0,423.0947265625,58.0,,,,
285,1,DDT500_num50.txt,fixed,1051,-3.64,-0.30732855499485073,0.2724999785423279,0.022220492362976074,0.23999999463558197,0.30000001192092896,0.011839601397514343,0.01831203103065491,0.0016106999362818896,0.7277779757976532,0.018206746084615588,0.11617391929030418,0.0003,291,109,65.78687112856747,15.975831985473633,5.417104959487915,10.558711290359497,0,0.0,139,1.5372031000151765,5.192197907209169,45.0,0.0,7.561151079136691,8,131.375,4.768057823181152,5.39305305480957,6.2718136177863926e-06,1.5372031000151765,0.24858429998676002,3.482566799975757,cpu,cuda:0,0.0,369.1875,58.0,,,,
286,1,DDT500_num50.txt,fixed,1058,-3.7600000000000002,-0.3150408548853803,0.26499998569488525,0.013228760100901127,0.23999999463558197,0.2800000011920929,-0.06590849161148071,-0.059377612812178474,0.0016451316187158227,0.7353437542915344,0.01167724807081478,0.0758172981441021,0.0003,294,106,82.18129962452798,12.873975038528442,5.461020231246948,7.412937164306641,0,0.0,140,1.570101800001794,5.151228732557964,32.0,0.0,7.557142857142857,8,132.25,4.322904109954834,5.425065517425537,6.212622793100309e-06,1.570101800001794,0.24919290003163042,3.4804626000077405,cpu,cuda:0,0.0,406.93359375,58.0,,,,
287,1,DDT500_num50.txt,fixed,1055,-3.4,-0.3079569863821484,0.2874999940395355,0.01984313875436783,0.25999999046325684,0.3199999928474426,-0.008149633184075356,-0.0016160900704562664,0.0014662847388535738,0.7266688197851181,0.01433825510321185,0.09889182937331498,0.0003,285,115,102.855620159093,10.257096290588379,5.574544668197632,4.682534217834473,0,0.0,140,1.566015400005199,5.160189568713943,32.0,0.0,7.535714285714286,8,131.875,5.372092247009277,5.538937568664551,7.0141272772161756e-06,1.566015400005199,0.2612893999739754,3.5820139999832463,cpu,cuda:0,0.0,381.60791015625,58.0,,,,
288,1,DDT500_num50.txt,fixed,1045,-3.92,-0.3158483868926127,0.2549999952316284,0.013228757306933403,0.23999999463558197,0.2800000011920929,-0.0026056692004203796,0.004481176535288493,0.0012942544068209826,0.7733971913655598,0.011615850140030186,0.07236490262051423,0.0003,298,102,49.31818025568413,21.18894076347351,5.5305891036987305,15.65833592414856,0,0.0,139,1.555706500006636,5.229665070173272,40.0,0.0,7.517985611510792,8,130.625,5.475799083709717,5.496056079864502,6.430675512092421e-06,1.555706500006636,0.25311220002731716,3.5612896000056935,cpu,cuda:0,0.0,438.1787109375,59.0,,,,
289,1,DDT500_num50.txt,fixed,1017,-3.92,-0.3211544665214273,0.2549999952316284,0.04092676565051079,0.1599999964237213,0.30000001192092896,-0.05966291343793273,-0.05337128834798932,0.0022976772452238947,0.7440464645624161,0.020055091357789934,0.10744762513786554,0.0003,298,102,105.19390761195854,9.667860269546509,5.287258148193359,4.380587577819824,0,0.0,134,1.495668999999907,5.187807276771718,36.0,0.0,7.58955223880597,8,127.125,8.695364952087402,5.251274108886719,7.63311891205376e-06,1.495668999999907,0.24426209996636317,3.3895099000583286,cpu,cuda:0,0.0,349.09033203125,58.0,,,,
290,1,DDT500_num50.txt,fixed,1033,-3.64,-0.3132958950122087,0.27250000834465027,0.02633913792669773,0.23999999463558197,0.3199999928474426,0.020786919498017857,0.027657996730080674,0.0014912496054811136,0.7616702318191528,0.014787598679374372,0.08779197319277696,0.0003,291,109,51.58138046082823,20.02660632133484,5.348855972290039,14.677734613418579,0,0.0,137,1.5388502000150766,5.349467571107139,36.0,0.0,7.54014598540146,8,129.125,5.301827430725098,5.312755584716797,6.0221341300348286e-06,1.5388502000150766,0.2443416999976762,3.407341099989935,cpu,cuda:0,0.0,360.548828125,58.0,,,,
291,1,DDT500_num50.txt,fixed,1012,-4.0,-0.31764967766735236,0.25,0.02828427404165268,0.20000000298023224,0.30000001192092896,-0.04417506834635368,-0.037951380300980345,0.002039273215744358,0.7243328186181875,0.019293528265104845,0.10899120884445998,0.0003,300,100,52.75879662826814,19.18163537979126,5.182180643081665,13.999438762664795,0,0.0,135,1.4873067000135052,5.404150195743727,36.0,0.0,7.496296296296296,8,126.5,6.244997978210449,5.15533447265625,6.522829153254861e-06,1.4873067000135052,0.2378726000115421,3.311900200009404,cpu,cuda:0,0.0,399.34423828125,58.0,,,,
292,1,DDT500_num50.txt,fixed,1041,-3.72,-0.3249640486853023,0.26750001311302185,0.033071890473365784,0.20000000298023224,0.3199999928474426,-0.024203755458196006,-0.01813405454158783,0.0018871896589795747,0.7013295849164327,0.010522669305404027,0.08434517371157806,0.0003,293,107,49.04673602676694,21.224653959274292,5.567398548126221,15.657241106033325,0,0.0,141,1.5754660000056901,5.114313162025869,40.0,0.0,7.382978723404255,8,130.125,8.579590797424316,5.531586647033691,8.436110874754377e-06,1.5754660000056901,0.25674190002428077,3.565504399999554,cpu,cuda:0,0.0,414.05908203125,58.0,,,,
293,1,DDT500_num50.txt,fixed,1077,-3.6,-0.3079832183271971,0.2750000059604645,0.02397916093468666,0.23999999463558197,0.3199999928474426,-0.001125287368065781,0.0050712623116042875,0.002615521222146021,0.7504312660959032,0.01625996835840245,0.08021796805163224,0.0003,290,110,71.61438182782679,15.038878679275513,5.701979875564575,9.336883783340454,0,0.0,138,1.6835317999775725,5.013927580143637,36.0,0.0,7.804347826086956,8,134.625,3.2763357162475586,5.679237365722656,5.293751655699452e-06,1.6835317999775725,0.2539445999900636,3.6132685000302445,cpu,cuda:0,0.0,371.9638671875,58.0,,,,
294,1,DDT500_num50.txt,fixed,994,-4.08,-0.33683650384870906,0.2449999749660492,0.051720406860113144,0.1599999964237213,0.30000001192092896,0.04899496491998434,0.05478109139949083,0.0037215483316686004,0.7646904289722443,0.013733685715124011,0.08004871290177107,0.0003,302,98,72.1283218065634,13.780994415283203,5.2804670333862305,8.500511646270752,0,0.0,135,1.4953921000142145,5.308853121590566,40.0,0.0,7.362962962962963,8,124.25,8.452071189880371,5.2450361251831055,9.649327694205567e-06,1.4953921000142145,0.24607420000756974,3.3824443999965297,cpu,cuda:0,0.0,367.08740234375,58.0,,,,
295,1,DDT500_num50.txt,fixed,1038,-3.8000000000000003,-0.353052965553421,0.26249998807907104,0.025372235104441643,0.2199999988079071,0.30000001192092896,-0.022761067375540733,-0.017117131501436234,0.002665261155925691,0.6976570338010788,0.016041234717704356,0.08469208749011159,0.0003,295,105,111.541298606059,9.305970191955566,5.2909252643585205,4.015028953552246,0,0.0,140,1.5235547999836854,5.401734102668101,32.0,0.0,7.414285714285715,8,129.75,4.86698055267334,5.256697654724121,7.170416665758239e-06,1.5235547999836854,0.24390500002846238,3.3679167000318557,cpu,cuda:0,0.0,414.05908203125,58.0,,,,
296,1,DDT500_num50.txt,fixed,1047,-3.7600000000000002,-0.32536927588052234,0.26500001549720764,0.019364923238754272,0.23999999463558197,0.30000001192092896,-0.038624959687391915,-0.03305620120631324,0.0021107210777699947,0.6624118751949735,0.013113015137302378,0.06410694318926996,0.0003,294,106,72.21998623993187,14.497371912002563,5.534770488739014,8.962587118148804,0,0.0,137,1.5552049999951123,5.170964659569712,36.0,0.0,7.642335766423358,8,130.875,3.2185983657836914,5.508808612823486,6.332695647870423e-06,1.5552049999951123,0.25411999999596446,3.572927899977003,cpu,cuda:0,0.0,406.93359375,58.0,,,,
297,1,DDT500_num50.txt,fixed,1067,-3.6,-0.31105047480219805,0.2750000059604645,0.021794499829411507,0.23999999463558197,0.30000001192092896,0.06795414962938853,0.07375913592321533,0.0020738504328099744,0.684190605367933,0.01853113847651652,0.10296392227922167,0.0003,290,110,81.14591404994779,13.149152517318726,5.638119459152222,7.511015176773071,0,0.0,142,1.583759100010866,4.947516403359124,33.0,0.0,7.514084507042254,8,133.375,5.2900261878967285,5.6032023429870605,7.738510248600505e-06,1.583759100010866,0.26047349999316793,3.62866160003432,cpu,cuda:0,0.0,393.8623046875,59.0,,,,
298,1,DDT500_num50.txt,fixed,1077,-3.88,-0.342189358152878,0.2574999928474426,0.01854049600660801,0.2199999988079071,0.2800000011920929,-0.03381876247003675,-0.027805753176410992,0.002456369367428124,0.7241189320882161,0.01161373540914307,0.0775284638007482,0.0003,297,103,50.13367834346129,21.48256492614746,5.559657096862793,15.922891855239868,0,0.0,140,1.5921709000085684,4.9767873710023105,32.0,0.0,7.692857142857143,8,134.625,3.3888604640960693,5.52337121963501,6.864633633085759e-06,1.5921709000085684,0.2492008000426722,3.555105600020397,cpu,cuda:0,0.0,377.4677734375,58.0,,,,
299,1,DDT500_num50.txt,fixed,1084,-3.8000000000000003,-0.3484219959960433,0.26249998807907104,0.023318450897932053,0.2199999988079071,0.30000001192092896,-0.07218853077696015,-0.06599052630675335,0.0025781010141751417,0.7487058142820994,0.013734090064341823,0.07727147685363889,0.0003,295,105,61.10287196533974,17.74057364463806,5.476885795593262,12.26366925239563,0,0.0,143,1.580405000011524,5.158671582536944,48.0,0.0,7.580419580419581,8,135.5,5.220153331756592,5.447457790374756,5.299117674439913e-06,1.580405000011524,0.24594699998851866,3.4972678999984055,cpu,cuda:0,0.0,436.86669921875,58.0,,,,
300,1,DDT500_num50.txt,fixed,1068,-3.8000000000000003,-0.3810051995628527,0.26249998807907104,0.01854049786925316,0.2199999988079071,0.2800000011920929,-0.017752636756215776,-0.011005708149501256,0.0022465375617944767,0.7870196231773922,0.013905227300710976,0.06326699230287756,0.0003,295,105,51.01021278849004,20.936983823776245,5.632028341293335,15.304941177368164,0,0.0,146,1.6035586999933003,5.14981273095706,36.0,0.0,7.315068493150685,8,133.5,9.15150260925293,5.596584796905518,9.49343120737467e-06,1.6035586999933003,0.25129930000184686,3.614691699982359,cpu,cuda:0,0.0,370.7255859375,58.0,,,,
301,1,DDT500_num50.txt,fixed,1044,-3.8400000000000003,-0.39391942426734533,0.25999999046325684,0.010000001639127731,0.23999999463558197,0.2800000011920929,-0.059402276078859964,-0.05297358234723409,0.002904879565661152,0.7881133119265239,0.010099137007879714,0.07729037317136923,0.0003,296,104,50.29699279383869,20.7567081451416,5.335240125656128,15.421455383300781,0,0.0,138,1.5207438000070397,5.130268199233717,32.0,0.0,7.565217391304348,8,130.5,4.4721360206604,5.312662124633789,4.780277777172159e-06,1.5207438000070397,0.24299699997391144,3.427180300011969,cpu,cuda:0,0.0,412.115234375,58.0,,,,
302,1,DDT500_num50.txt,fixed,1040,-4.04,-0.3944696724872454,0.2474999874830246,0.028173567727208138,0.20000000298023224,0.2800000011920929,-0.0014820080250501633,0.004399301883365426,0.003951468371919223,0.7857041358947754,0.015124519056241428,0.07373889695320811,0.0003,301,99,52.223667067747485,19.914342641830444,5.479285717010498,14.435041427612305,0,0.0,140,1.6632712000100582,5.39134615613864,35.0,0.0,7.428571428571429,8,130.0,5.5452680587768555,5.450162410736084,6.332695647870423e-06,1.6632712000100582,0.24244320002435416,3.4214089999968564,cpu,cuda:0,0.0,380.59765625,58.0,,,,
303,1,DDT500_num50.txt,fixed,1081,-3.92,-0.390817815668957,0.2549999952316284,0.013228757306933403,0.23999999463558197,0.2800000011920929,-0.022762514650821686,-0.016988779604434966,0.004049798590131104,0.779863464832306,0.010872971673961729,0.05601482652127743,0.0003,298,102,66.24548953765773,16.318092107772827,5.475792646408081,10.84228229522705,0,0.0,143,1.5868453999937628,5.057354305542585,30.0,0.0,7.559440559440559,8,135.125,5.688529968261719,5.451814651489258,9.3196968009579e-06,1.5868453999937628,0.23643259999880684,3.5055524999970658,cpu,cuda:0,0.0,398.13818359375,58.0,,,,
304,1,DDT500_num50.txt,fixed,1041,-3.96,-0.3626518446284467,0.2524999976158142,0.017139136791229248,0.2199999988079071,0.2800000011920929,-0.10518936417065561,-0.09908438520506024,0.002742745724390261,0.7476353347301483,0.007957139212521724,0.04977783199865371,0.0003,299,101,77.6596044617677,13.40465235710144,5.479543685913086,7.925093173980713,0,0.0,142,1.5489081000159786,5.268011528751692,32.0,0.0,7.330985915492958,8,130.125,6.469882011413574,5.445061683654785,5.085641987534473e-06,1.5489081000159786,0.2488221000185149,3.5219824999767297,cpu,cuda:0,0.0,424.0185546875,59.0,,,,
305,1,DDT500_num50.txt,fixed,1043,-3.84,-0.34298093557532067,0.25999999046325684,0.03162278234958649,0.20000000298023224,0.30000001192092896,-0.048584382981061935,-0.0426439493894577,0.00211959423419709,0.70002348224322,0.014714417688082904,0.066028308433791,0.0003,296,104,90.53668809735329,11.520191669464111,5.3456504344940186,6.174525260925293,0,0.0,138,1.5166163999929267,5.130393095007336,28.0,0.0,7.557971014492754,8,130.375,4.973366737365723,5.320329666137695,7.840672878955957e-06,1.5166163999929267,0.2413227000106417,3.442414999990433,cpu,cuda:0,0.0,409.12109375,59.0,,,,
306,1,DDT500_num50.txt,fixed,1059,-3.6,-0.34361380751908915,0.2749999761581421,0.03968627005815506,0.2199999988079071,0.3400000035762787,-0.003540787845849991,0.0021663589609993827,0.002528673387132585,0.6971486409505209,0.010778098418894742,0.05149621485422055,0.0003,290,110,67.96114891738904,15.582432270050049,5.523274660110474,10.059140682220459,0,0.0,141,1.5735667000008107,5.2379603401684784,35.0,0.0,7.51063829787234,8,132.375,6.744210243225098,5.486112594604492,6.4834948716452345e-06,1.5735667000008107,0.25612300001193944,3.528718299998218,cpu,cuda:0,0.0,413.15234375,59.0,,,,
307,1,DDT500_num50.txt,fixed,1045,-4.04,-0.3540470649541642,0.2475000023841858,0.01984313316643238,0.2199999988079071,0.2800000011920929,-0.06864355405171713,-0.0622676683900257,0.0020815001257384817,0.7416634202003479,0.010954024208088716,0.062335041165351865,0.0003,301,99,49.898288857949424,20.942601919174194,5.434354782104492,15.508230447769165,0,0.0,143,1.548772199996165,5.006698560942874,32.0,0.0,7.3076923076923075,8,130.625,8.88731575012207,5.401493072509766,9.256968041881919e-06,1.548772199996165,0.24689769999349664,3.4815992999810987,cpu,cuda:0,0.0,403.716796875,58.0,,,,
308,1,DDT500_num50.txt,fixed,1049,-3.8000000000000003,-0.33110156757405995,0.26249998807907104,0.029047375544905663,0.2199999988079071,0.3199999928474426,-0.04110738039016724,-0.03409063542882602,0.0017283384532978138,0.7880920012791951,0.016766238414372008,0.10343503231803576,0.0003,295,105,49.04047211536392,21.390495538711548,5.50661826133728,15.883864402770996,0,0.0,141,1.5393800000001647,5.2573879885605335,30.0,0.0,7.439716312056738,8,131.125,7.096434116363525,5.4842424392700195,8.134232302836608e-06,1.5393800000001647,0.2503289999694971,3.568564100007279,cpu,cuda:0,0.0,440.56298828125,58.0,,,,
309,1,DDT500_num50.txt,fixed,1048,-4.0,-0.3322678471146776,0.2499999850988388,0.022360676899552345,0.20000000298023224,0.2800000011920929,-0.08560754184921583,-0.07888154163956643,0.001953718112781644,0.7702856222788493,0.008198648008207481,0.03830186737080415,0.0003,300,100,49.845484066407025,21.02497386932373,5.356991529464722,15.667968988418579,0,0.0,139,1.5486993000085931,4.99427480665782,35.0,0.0,7.539568345323741,8,131.0,6.633249759674072,5.331236839294434,7.082677257130854e-06,1.5486993000085931,0.2394207999968785,3.4222822000083397,cpu,cuda:0,0.0,401.64306640625,58.0,,,,
310,1,DDT500_num50.txt,fixed,1059,-4.04,-0.3599560983583014,0.2475000023841858,0.013919412158429623,0.23999999463558197,0.2800000011920929,-0.07965169847011566,-0.07276535083850225,0.002166661255372067,0.7969675858815511,0.008542335576688249,0.061122254282236096,0.0003,301,99,48.93018169633367,21.643083333969116,5.655439138412476,15.987627029418945,0,0.0,142,1.5907344999868656,5.106704436122977,36.0,0.0,7.457746478873239,8,132.375,5.194648742675781,5.621644973754883,8.20901186671108e-06,1.5907344999868656,0.2568701999844052,3.644423400015512,cpu,cuda:0,0.0,435.6767578125,59.0,,,,
311,1,DDT500_num50.txt,fixed,1065,-3.7600000000000002,-0.34170694521651734,0.26499998569488525,0.013228760100901127,0.23999999463558197,0.2800000011920929,-0.07682786583900451,-0.07014043629169464,0.0021415720538546642,0.7758213837941488,0.00868612468863527,0.08134593516588211,0.0003,294,106,49.78145272702317,21.39350986480713,5.454185724258423,15.939309120178223,0,0.0,137,1.5498899000067468,5.102347419407446,45.0,0.0,7.773722627737226,8,133.125,3.5509681701660156,5.418121814727783,6.212622793100309e-06,1.5498899000067468,0.23959829999330395,3.505418800021289,cpu,cuda:0,0.0,407.96337890625,58.0,,,,
312,1,DDT500_num50.txt,fixed,1019,-3.92,-0.3592764017412031,0.2549999952316284,0.04092676565051079,0.18000000715255737,0.30000001192092896,-0.05900124957164129,-0.05240531721048885,0.0030214092694222927,0.8106642564137777,0.014016114951421818,0.0534621129433314,0.0003,298,102,72.86358814690664,13.985037326812744,5.1759772300720215,8.80904746055603,0,0.0,138,1.4841572000023007,5.413150145799301,32.0,0.0,7.384057971014493,8,127.375,8.425222396850586,5.14626407623291,8.56981296237791e-06,1.4841572000023007,0.23716629997943528,3.3067467999899236,cpu,cuda:0,0.0,409.119140625,58.0,,,,
313,1,DDT500_num50.txt,fixed,1053,-3.7600000000000002,-0.3461426974958376,0.26499998569488525,0.019364923238754272,0.23999999463558197,0.30000001192092896,-0.03352541215717793,-0.02698067557066679,0.0017438225913792849,0.7416650176048278,0.010957594588398933,0.03850030526518822,0.0003,294,106,95.93756150321137,10.975888729095459,5.607906341552734,5.36796498298645,0,0.0,139,1.562756500003161,5.090218420155481,28.0,0.0,7.575539568345324,8,131.625,6.081478118896484,5.574357509613037,4.955436907039257e-06,1.562756500003161,0.24437329998727364,3.641772300014054,cpu,cuda:0,0.0,384.73828125,59.0,,,,
314,1,DDT500_num50.txt,fixed,1083,-3.56,-0.3276407927880802,0.2775000035762787,0.01561250351369381,0.25999999046325684,0.30000001192092896,0.00914384692441672,0.015490042278543115,0.001885779682197608,0.7289087772369385,0.022827157168649137,0.07577849819790572,0.0003,289,111,76.10498669704903,14.230342149734497,5.680567264556885,8.549759864807129,0,0.0,140,1.612377599991305,5.222530005931414,30.0,0.0,7.735714285714286,8,135.375,4.299345970153809,5.64617395401001,5.0688486226135865e-06,1.612377599991305,0.26205789997038664,3.6407721000196034,cpu,cuda:0,0.0,399.34619140625,59.0,,,,
315,1,DDT500_num50.txt,fixed,1039,-3.72,-0.3389662245002134,0.26750001311302185,0.028173577040433884,0.2199999988079071,0.30000001192092896,-0.07335137575864792,-0.0669139102101326,0.002143310528481379,0.7509120851755142,0.014642462570918724,0.042783922515809536,0.0003,293,107,112.27159642507034,9.25434422492981,5.257227420806885,3.9971022605895996,0,0.0,136,1.516276200012726,5.375360919605435,33.0,0.0,7.639705882352941,8,129.875,5.010925769805908,5.232715606689453,6.722389116475824e-06,1.516276200012726,0.24577009998756694,3.3480417000409943,cpu,cuda:0,0.0,413.15234375,59.0,,,,
316,1,DDT500_num50.txt,fixed,1056,-3.68,-0.3215891019198618,0.27000001072883606,0.01732051372528076,0.23999999463558197,0.30000001192092896,-0.025290137529373168,-0.019253984186798336,0.002073647330204646,0.7072975238164266,0.006802987749688327,0.05221552941948175,0.0003,292,108,47.32050094985874,22.315909147262573,5.406619548797607,16.90927529335022,0,0.0,147,1.5539638999925955,5.142992421307347,24.0,0.0,7.183673469387755,8,132.0,7.348469257354736,5.38278341293335,6.106495220592478e-06,1.5539638999925955,0.2434594999649562,3.462813800046206,cpu,cuda:0,0.0,335.25732421875,58.0,,,,
317,1,DDT500_num50.txt,fixed,1035,-4.16,-0.3389464521953238,0.24000000953674316,0.019999995827674866,0.2199999988079071,0.25999999046325684,-0.11834405362606049,-0.11150380596518517,0.0019372442329768091,0.7808867394924164,0.01159679054399021,0.0558041725307703,0.0003,304,96,110.9871154504837,9.325406789779663,5.39107084274292,3.9343225955963135,0,0.0,136,1.533045799984393,5.307246373586609,35.0,0.0,7.610294117647059,8,129.375,4.715333938598633,5.364485263824463,7.526251920353388e-06,1.533045799984393,0.24500690002059855,3.4628631999748904,cpu,cuda:0,0.0,476.35791015625,58.0,,,,
318,1,DDT500_num50.txt,fixed,1035,-3.92,-0.3283617628483756,0.2549999952316284,0.03278719633817673,0.20000000298023224,0.30000001192092896,-0.09765223496490055,-0.09135870056019889,0.002069048635247681,0.732805417643653,0.016328375501972105,0.07227336160010761,0.0003,298,102,71.57458123242984,14.460440874099731,5.319880723953247,9.14053463935852,0,0.0,139,1.52678300000116,5.038647345529086,32.0,0.0,7.446043165467626,8,129.375,6.9988837242126465,5.283326148986816,7.786109563312493e-06,1.52678300000116,0.2361980999885418,3.3994254000717774,cpu,cuda:0,0.0,439.376953125,59.0,,,,
319,1,DDT500_num50.txt,fixed,1062,-4.0,-0.3319240835513628,0.25,0.017320508137345314,0.2199999988079071,0.2800000011920929,-0.032809153820077576,-0.026612558402121067,0.0011942321919680883,0.6793712973594666,0.012172851633901397,0.069449907168746,0.0003,300,100,89.63557412466255,11.8479745388031,5.424614429473877,6.423342227935791,0,0.0,143,1.5681822999922588,4.986817323555381,32.0,0.0,7.426573426573427,8,132.75,7.562241554260254,5.401869297027588,7.130669018806657e-06,1.5681822999922588,0.24864009995872038,3.460028300045451,cpu,cuda:0,0.0,457.2734375,59.0,,,,
320,1,DDT500_num50.txt,fixed,1054,-3.84,-0.3338346734827666,0.25999999046325684,0.020000005140900612,0.23999999463558197,0.30000001192092896,-0.0599877453641966,-0.05416980618610978,0.0016801705860416405,0.6658025532960892,0.011656175847747363,0.06877845141571015,0.0003,296,104,72.91178664484501,14.455824613571167,5.540158987045288,8.915651559829712,0,0.0,138,1.6586439999973663,5.246679316888046,45.0,0.0,7.63768115942029,8,131.75,2.6809513568878174,5.50468111038208,5.347171281755436e-06,1.6586439999973663,0.24574399999255547,3.4765138999609917,cpu,cuda:0,0.0,434.36376953125,59.0,,,,
321,1,DDT500_num50.txt,fixed,1082,-3.72,-0.3039950268161682,0.26749998331069946,0.019843140617012978,0.23999999463558197,0.30000001192092896,0.029025289695709944,0.03498716178971032,0.0014088240180475016,0.6666285395622253,0.019850880567294855,0.07881016191095114,0.0003,293,107,89.32119022204073,12.113586902618408,5.575164079666138,6.538407325744629,0,0.0,140,1.6040976999811392,5.070240294206164,28.0,0.0,7.728571428571429,8,135.25,5.539629936218262,5.54325008392334,7.580811143270694e-06,1.6040976999811392,0.24487479997515038,3.568429000028118,cpu,cuda:0,0.0,407.96337890625,59.0,,,,
322,1,DDT500_num50.txt,fixed,1048,-3.64,-0.3113235758845277,0.2724999785423279,0.017139142379164696,0.23999999463558197,0.30000001192092896,-0.0017163408920168877,0.0042706443928182125,0.001818983451812528,0.6896476671099663,0.012707128887996078,0.06370302266441286,0.0003,291,109,71.2588384069886,14.706947565078735,5.337257623672485,9.369676351547241,0,0.0,140,1.5429691999852366,5.293893129315995,40.0,0.0,7.485714285714286,8,131.0,5.5677642822265625,5.310255527496338,7.75868375058053e-06,1.5429691999852366,0.24756960004197026,3.3968172000040795,cpu,cuda:0,0.0,409.12109375,59.0,,,,
323,1,DDT500_num50.txt,fixed,1066,-3.88,-0.32914956826487723,0.2574999928474426,0.018540499731898308,0.23999999463558197,0.2800000011920929,0.007033819332718849,0.012768588960170746,0.0026482196553843096,0.7058880031108856,0.012095011305063963,0.05235375417396426,0.0003,297,103,76.01857275553687,14.022888898849487,5.532015800476074,8.490859031677246,0,0.0,141,1.5905351000019436,4.931519698246782,25.0,0.0,7.560283687943262,8,133.25,6.239992141723633,5.4966583251953125,6.991805094003212e-06,1.5905351000019436,0.24791990003723186,3.5321973000045546,cpu,cuda:0,0.0,438.1787109375,60.0,,,,
324,1,DDT500_num50.txt,fixed,1050,-3.52,-0.3249036072436165,0.2799999713897705,0.024494901299476624,0.23999999463558197,0.3199999928474426,-0.06487115658819675,-0.05919828452169895,0.0025288166070822626,0.6937286704778671,0.010018843226134777,0.05165610951371491,0.0003,288,112,78.98220998039173,13.294132947921753,5.233264923095703,8.060852766036987,0,0.0,139,1.512690699990344,5.172380953743344,35.0,0.0,7.553956834532374,8,131.25,4.205650806427002,5.207971572875977,4.759422608913155e-06,1.512690699990344,0.23307979995843198,3.3445938000295428,cpu,cuda:0,0.0,427.2978515625,59.0,,,,
325,1,DDT500_num50.txt,fixed,1021,-4.0,-0.30136366135727455,0.25,0.037416573613882065,0.20000000298023224,0.3199999928474426,0.1236100122332573,0.12960350140929222,0.0018443510634824634,0.6915667355060577,0.01856854889774695,0.036415640730410814,0.0003,300,100,107.80362439906196,9.470924615859985,5.37018609046936,4.100724220275879,0,0.0,135,1.5192029000136245,5.179236040759857,27.0,0.0,7.562962962962963,8,127.625,5.45292329788208,5.335001468658447,7.880445991759188e-06,1.5192029000136245,0.24454010005320015,3.4489389000009396,cpu,cuda:0,0.0,404.74267578125,59.0,,,,
326,1,DDT500_num50.txt,fixed,1052,-3.72,-0.31473764672315063,0.26749998331069946,0.017139142379164696,0.23999999463558197,0.30000001192092896,-0.03046387666836381,-0.024082328309305012,0.0014912569313310087,0.7127176001667976,0.010732260765507817,0.05710166017524898,0.0003,293,107,76.354170731043,13.77789831161499,5.662797451019287,8.115085363388062,0,0.0,139,1.5893451000047207,5.136882131317269,27.0,0.0,7.568345323741007,8,131.5,3.9051249027252197,5.6282958984375,5.717076874134364e-06,1.5893451000047207,0.2612553000108164,3.6474878999506473,cpu,cuda:0,0.0,415.9951171875,59.0,,,,
327,1,DDT500_num50.txt,fixed,1062,-3.8000000000000003,-0.3177092430499353,0.26249998807907104,0.023318452760577202,0.23999999463558197,0.30000001192092896,0.0530334578028747,0.059090420603752136,0.0019498477091214486,0.7031882745879037,0.012987338904557484,0.056360208695488315,0.0003,295,105,80.20733507990526,13.240684270858765,5.669489145278931,7.571178674697876,0,0.0,140,1.6802151999800117,5.192090394357728,33.0,0.0,7.585714285714285,8,132.75,5.629165172576904,5.632534980773926,8.08165168564301e-06,1.6802151999800117,0.25268870000400057,3.57235159999982,cpu,cuda:0,0.0,414.05908203125,59.0,,,,
328,1,DDT500_num50.txt,fixed,1048,-3.68,-0.31460670295702253,0.27000001072883606,0.024494903162121773,0.2199999988079071,0.30000001192092896,-0.028086151354587995,-0.02202672941180376,0.0016183395995400273,0.6868592363137466,0.015517343578931805,0.07966180045444232,0.0003,292,108,58.144816942061595,18.02396249771118,5.321607828140259,12.702337503433228,0,0.0,142,1.5382387999961793,5.0858778569079535,32.0,0.0,7.380281690140845,8,131.0,8.200610160827637,5.285429000854492,7.68876816437114e-06,1.5382387999961793,0.23647650001112197,3.3911897000161844,cpu,cuda:0,0.0,420.9091796875,59.0,,,,
329,1,DDT500_num50.txt,fixed,1056,-3.72,-0.31664775061862704,0.26749998331069946,0.02633913978934288,0.2199999988079071,0.30000001192092896,-0.04159669540822506,-0.03547895005904138,0.0013451979320961982,0.6790344893932343,0.01364120866637677,0.08295536804944277,0.0003,293,107,65.88845017321586,16.027088165283203,5.51644492149353,10.510627746582031,0,0.0,139,1.5713937999935297,4.989583331301357,27.0,0.0,7.597122302158273,8,132.0,4.062019348144531,5.4834394454956055,7.64428114052862e-06,1.5713937999935297,0.2500719000272511,3.5355135000336304,cpu,cuda:0,0.0,407.96337890625,59.0,,,,
330,1,DDT500_num50.txt,fixed,1024,-3.96,-0.33331894776940185,0.2524999976158142,0.02633913792669773,0.2199999988079071,0.30000001192092896,-0.05455939471721649,-0.04839411271469934,0.0019138861181480543,0.7122224909918649,0.009595374560116656,0.04817127130393471,0.0003,299,101,81.39887073226451,12.580027103424072,5.373417854309082,7.206579923629761,0,0.0,139,1.6274786000049062,5.213867188896984,35.0,0.0,7.366906474820144,8,128.0,6.689544200897217,5.3430914878845215,6.9469460868276656e-06,1.6274786000049062,0.24191039999277564,3.352773699993122,cpu,cuda:0,0.0,395.97314453125,59.0,,,,
331,1,DDT500_num50.txt,fixed,1053,-3.96,-0.31312419208818637,0.2524999976158142,0.01984313502907753,0.2199999988079071,0.2800000011920929,-0.013761188834905624,-0.007611680775880814,0.001565128118575861,0.6932068864504496,0.013615670303503672,0.05581130004591412,0.0003,299,101,71.87721919953755,14.649982452392578,5.389627456665039,9.260337591171265,0,0.0,137,1.5385611000128847,4.96011395875545,35.0,0.0,7.686131386861314,8,131.625,4.2112202644348145,5.3536200523376465,6.745602604496526e-06,1.5385611000128847,0.24688710004738823,3.4436512000083894,cpu,cuda:0,0.0,344.1875,59.0,,,,
332,1,DDT500_num50.txt,fixed,1040,-3.92,-0.32635606338412965,0.2549999952316284,0.02397916093468666,0.2199999988079071,0.30000001192092896,0.030138647449868067,0.03619948694748538,0.0016926795443786041,0.6907174587249756,0.013517677750704544,0.049394953197666576,0.0003,298,102,79.60235140729554,13.064940690994263,5.320538520812988,7.744388818740845,0,0.0,134,1.5172089000006963,4.825961539607782,27.0,0.0,7.7611940298507465,8,130.0,3.4278273582458496,5.2953104972839355,6.1088217080396134e-06,1.5172089000006963,0.2404345999857469,3.4163579999967624,cpu,cuda:0,0.0,405.90283203125,59.0,,,,
333,1,DDT500_num50.txt,fixed,1039,-3.88,-0.32508564199296325,0.2574999928474426,0.021065376698970795,0.2199999988079071,0.2800000011920929,-0.012333923950791359,-0.006445858006676038,0.0018725824387123187,0.6824355324109396,0.01345071481126878,0.054679669025871486,0.0003,297,103,68.73807737035246,15.11534857749939,5.309504508972168,9.805828094482422,0,0.0,139,1.5180597000126,5.089509142030306,32.0,0.0,7.474820143884892,8,129.875,5.109733581542969,5.277243614196777,6.496632977359695e-06,1.5180597000126,0.24112730001616,3.3970541000016965,cpu,cuda:0,0.0,383.73779296875,59.0,,,,
334,1,DDT500_num50.txt,fixed,1056,-3.92,-0.3281776900082843,0.2549999952316284,0.019364917650818825,0.2199999988079071,0.2800000011920929,-0.015735170380635696,-0.009649371558969671,0.0015887756281617012,0.6880188421769575,0.013544703452763233,0.07565436647696928,0.0003,298,102,61.432544370745575,17.18958592414856,5.481703042984009,11.70786428451538,0,0.0,143,1.5708277000157977,5.024621214604739,24.0,0.0,7.384615384615385,8,132.0,5.612485885620117,5.456871032714844,6.936710633453913e-06,1.5708277000157977,0.24936240001625265,3.511487700001453,cpu,cuda:0,0.0,407.96337890625,59.0,,,,
335,1,DDT500_num50.txt,fixed,1076,-3.64,-0.32461274511567284,0.27250000834465027,0.022220492362976074,0.23999999463558197,0.30000001192092896,0.019885820469685962,0.025400733841317042,0.0017421399160022183,0.6385982760361263,0.01607752072491816,0.06582084910145827,0.0003,291,109,51.21854179602086,21.00801706314087,5.607510805130005,15.400487661361694,0,0.0,142,1.5980920000001788,4.845724909057404,28.0,0.0,7.577464788732394,8,134.5,6.3442888259887695,5.571764945983887,7.813438969606068e-06,1.5980920000001788,0.252017499975409,3.5946537999952852,cpu,cuda:0,0.0,395.97509765625,57.0,,,,
336,1,DDT500_num50.txt,fixed,1058,-3.8000000000000003,-0.3238605692262579,0.26249998807907104,0.021065380424261093,0.23999999463558197,0.30000001192092896,-0.047230597171518535,-0.04206408311923345,0.0020156953380339676,0.6174361838234795,0.008905197545472119,0.04678163967198796,0.0003,295,105,68.76833625151608,15.384987592697144,5.607652902603149,9.777321338653564,0,0.0,141,1.6841597999937221,4.84404536140889,27.0,0.0,7.50354609929078,8,132.25,5.86834716796875,5.58106803894043,6.031566044839565e-06,1.6841597999937221,0.24885960000392515,3.5228508999680344,cpu,cuda:0,0.0,425.0146484375,59.0,,,,
337,1,DDT500_num50.txt,fixed,1048,-3.8000000000000003,-0.3163621860060353,0.26249998807907104,0.023318447172641754,0.23999999463558197,0.3199999928474426,-0.032241119005318196,-0.027478620409965515,0.002095536744621183,0.5810262241533825,0.014399477829491454,0.06319555427346911,0.0003,295,105,53.21869582679631,19.692327737808228,5.161224842071533,14.531087875366211,0,0.0,139,1.5142366000000038,4.838740456650275,28.0,0.0,7.539568345323741,8,131.0,5.5,5.136714458465576,6.125084382802015e-06,1.5142366000000038,0.22870660004628007,3.2777094000175566,cpu,cuda:0,0.0,424.0185546875,58.0,,,,
338,1,DDT500_num50.txt,fixed,1073,-3.7600000000000002,-0.31637900328630464,0.26499998569488525,0.02397916093468666,0.2199999988079071,0.30000001192092896,-0.024842829576560428,-0.01958863969360079,0.0022357686539180577,0.6372075251170567,0.011547951593196817,0.0540170499256679,0.0003,294,106,53.831623641026034,19.93252158164978,5.571673393249512,14.360832452774048,0,0.0,142,1.5991747000061878,5.0596458554156785,27.0,0.0,7.556338028169014,8,134.125,4.342738151550293,5.54518985748291,6.613698587898398e-06,1.5991747000061878,0.2520719000167446,3.5660867000096914,cpu,cuda:0,0.0,459.6103515625,58.0,,,,
339,1,DDT500_num50.txt,fixed,1058,-4.04,-0.3238163267275182,0.2474999874830246,0.024366986006498337,0.2199999988079071,0.2800000011920929,-0.032678893368159025,-0.027252000623515675,0.0019184462393500976,0.6386118360928127,0.009297372798235821,0.05657779212508883,0.0003,301,99,51.19785216949995,20.664929389953613,5.45634651184082,15.208569526672363,0,0.0,138,1.5422656999871833,4.778827976639644,30.0,0.0,7.666666666666667,8,132.25,5.71729850769043,5.334883213043213,6.017412943037925e-06,1.5422656999871833,0.24194780003199412,3.428718899951491,cpu,cuda:0,0.0,458.37841796875,58.0,,,,
340,1,DDT500_num50.txt,fixed,1035,-3.92,-0.32796912067767314,0.2549999952316284,0.021794499829411507,0.23999999463558197,0.30000001192092896,-0.11913429647684097,-0.11398900697628657,0.0029374015129481753,0.6613985816637675,0.01368622510926798,0.06305483703811963,0.0003,298,102,49.57035652228426,20.879414081573486,5.325124740600586,15.554275274276733,0,0.0,134,1.5155255000026955,4.879227055443658,27.0,0.0,7.723880597014926,8,129.375,2.912795066833496,5.28989315032959,6.120442321844166e-06,1.5155255000026955,0.24374599999464408,3.4095775000005233,cpu,cuda:0,0.0,436.86669921875,58.0,,,,
341,1,DDT500_num50.txt,fixed,1073,-3.7600000000000002,-0.3248089035778902,0.26499998569488525,0.01658312790095806,0.23999999463558197,0.2800000011920929,-0.042328858623902,-0.03716355835398038,0.002161007762576143,0.6245802481969197,0.016272621819128592,0.08792036026716232,0.0003,294,106,48.61476444802076,22.071484088897705,5.576250076293945,16.495216608047485,0,0.0,139,1.7072323999946093,4.841565701412688,30.0,0.0,7.719424460431655,8,134.125,5.48720121383667,5.540322303771973,6.63729224470444e-06,1.7072323999946093,0.24084799996307993,3.469454899937773,cpu,cuda:0,0.0,425.0146484375,58.0,,,,
342,1,DDT500_num50.txt,fixed,1065,-3.68,-0.306602137128529,0.27000001072883606,0.026457518339157104,0.2199999988079071,0.30000001192092896,-0.011342046848897423,-0.006027761979826859,0.001892849536878722,0.626071069921766,0.010878703922831587,0.04732416729841914,0.0003,292,108,77.21947944275301,13.79185676574707,5.393792390823364,8.398048400878906,0,0.0,140,1.5565808000174002,5.0234741777321545,32.0,0.0,7.607142857142857,8,133.125,5.109733581542969,5.362883567810059,7.231593372125644e-06,1.5565808000174002,0.2384419000154594,3.4466989999928046,cpu,cuda:0,0.0,453.90869140625,57.0,,,,
343,1,DDT500_num50.txt,fixed,1064,-3.8000000000000003,-0.31219985799858774,0.26250001788139343,0.03230712562799454,0.20000000298023224,0.30000001192092896,-0.047421512918339834,-0.04212719600440727,0.002088426094916132,0.6338530249065824,0.012297673888194064,0.07371637783944607,0.0003,295,105,66.506060072144,15.998542070388794,5.768165588378906,10.230359077453613,0,0.0,141,1.662985100005244,5.111842103470537,36.0,0.0,7.546099290780142,8,133.0,6.78233003616333,5.732337951660156,8.005682502698619e-06,1.662985100005244,0.26384949998828233,3.673913800066657,cpu,cuda:0,0.0,432.03759765625,58.0,,,,
344,1,DDT500_num50.txt,fixed,1057,-3.8000000000000003,-0.31797644640642364,0.26249998807907104,0.021065380424261093,0.23999999463558197,0.30000001192092896,-0.08028745899597804,-0.07517279249926408,0.0017227900098077953,0.5976058890422186,0.010874862569229057,0.051110170781612396,0.0003,295,105,88.87831526793397,11.892664670944214,5.66418719291687,6.228463649749756,0,0.0,139,1.5732108000102016,4.947019864617369,32.0,0.0,7.60431654676259,8,132.125,4.910130023956299,5.637070178985596,7.280555564648239e-06,1.5732108000102016,0.2543539000071178,3.6819531000473944,cpu,cuda:0,0.0,459.6103515625,59.0,,,,
345,1,DDT500_num50.txt,fixed,1055,-3.8000000000000003,-0.32603202200138676,0.26249998807907104,0.015612497925758362,0.23999999463558197,0.2800000011920929,-0.05748383936782678,-0.05230049639940262,0.001561158891612043,0.5963922381401062,0.008868589407453935,0.05464161733786265,0.0003,295,105,48.31483475445667,21.835943460464478,5.53436279296875,16.301564931869507,0,0.0,139,1.5602812999823072,4.9052132690122345,28.0,0.0,7.589928057553957,8,131.875,5.230618953704834,5.493902206420898,6.932611995580373e-06,1.5602812999823072,0.2475891000140109,3.560213200020371,cpu,cuda:0,0.0,420.9091796875,58.0,,,,
346,1,DDT500_num50.txt,fixed,1092,-3.7600000000000002,-0.3216067251388132,0.26499998569488525,0.019364923238754272,0.23999999463558197,0.30000001192092896,-0.04131985753774643,-0.03641177838047346,0.0015372029195229212,0.5676686684290568,0.009333190073569616,0.056447656949361165,0.0003,294,106,48.84659659353808,22.355702877044678,5.615707159042358,16.739982843399048,0,0.0,144,1.6231139999999868,4.821428571865235,25.0,0.0,7.583333333333333,8,136.5,5.431390285491943,5.590576648712158,6.768736511730822e-06,1.6231139999999868,0.25179830002707604,3.5875964999668213,cpu,cuda:0,0.0,370.72607421875,58.0,,,,
347,1,DDT500_num50.txt,fixed,1094,-3.56,-0.3284997990724227,0.2775000035762787,0.018540501594543457,0.23999999463558197,0.30000001192092896,-0.019626974128186703,-0.014965700233490982,0.001373407543481638,0.5347978790601094,0.0048728495215376215,0.05176221306125323,0.0003,289,111,49.413549312563724,22.139676570892334,5.5490288734436035,16.590628385543823,0,0.0,141,1.5983036999969045,4.763254112909655,30.0,0.0,7.75886524822695,8,136.75,3.7332961559295654,5.522121906280518,6.278607543208636e-06,1.5983036999969045,0.245542500011652,3.553450099991096,cpu,cuda:0,0.0,430.7587890625,58.0,,,,
348,1,DDT500_num50.txt,fixed,1071,-3.6,-0.3263486293541945,0.2749999761581421,0.019364917650818825,0.25999999046325684,0.3199999928474426,-0.05687039295832316,-0.05176021407047907,0.0015070929812888304,0.5863726218541463,0.0069645638732860485,0.0554151094208161,0.0003,290,110,49.8453378947982,21.486462831497192,5.578282117843628,15.908166408538818,0,0.0,136,1.5848780000178522,4.817927172204025,25.0,0.0,7.875,8,133.875,2.087911605834961,5.542974472045898,5.272232101560803e-06,1.5848780000178522,0.24797680001574918,3.585044400027982,cpu,cuda:0,0.0,417.93310546875,58.0,,,,
349,1,DDT500_num50.txt,fixed,1055,-3.6,-0.3224028948033696,0.2750000059604645,0.01658313348889351,0.25999999046325684,0.30000001192092896,-0.05949786628286044,-0.05451111930112044,0.0016334116614113252,0.5803455293178559,0.019320503071260948,0.06378616020083427,0.0003,290,110,49.78844726249772,21.18965458869934,5.451109170913696,15.738531112670898,0,0.0,142,1.5437246000055893,4.885308053708189,30.0,0.0,7.429577464788732,8,131.875,6.565773010253906,5.4260334968566895,7.912839464552235e-06,1.5437246000055893,0.242469800001345,3.517357599979732,cpu,cuda:0,0.0,398.13818359375,59.0,,,,
350,1,DDT500_num50.txt,fixed,1063,-3.8000000000000003,-0.3316820583698825,0.26249998807907104,0.018540501594543457,0.23999999463558197,0.30000001192092896,-0.028751863290866216,-0.02383485808968544,0.001707257105348011,0.5770633677641551,0.010079472294698159,0.06995423336823782,0.0003,295,105,50.115414929627136,21.21103858947754,5.478520154953003,15.732501029968262,0,0.0,140,1.560416600017561,4.880526810463935,32.0,0.0,7.5928571428571425,8,132.875,4.196352481842041,5.441890716552734,6.111147740739398e-06,1.560416600017561,0.24991810001665726,3.505977800075925,cpu,cuda:0,0.0,463.94287109375,59.0,,,,
351,1,DDT500_num50.txt,fixed,1083,-3.72,-0.3290613649997941,0.26750001311302185,0.028173571452498436,0.20000000298023224,0.30000001192092896,-0.018364414122576514,-0.013238223843897383,0.001470841304399073,0.5861611684163411,0.010368789088291426,0.05189451153079669,0.0003,293,107,49.52031322385717,21.869813203811646,5.685168027877808,16.184629201889038,0,0.0,144,1.5916000000142958,4.960295472669029,32.0,0.0,7.520833333333333,8,135.375,4.470388889312744,5.648568630218506,6.381873390637338e-06,1.5916000000142958,0.2621403999855829,3.663747900067392,cpu,cuda:0,0.0,421.81396484375,58.0,,,,
352,1,DDT500_num50.txt,fixed,1083,-3.68,-0.3180987835440148,0.27000001072883606,0.030000006780028343,0.2199999988079071,0.30000001192092896,-0.017206810414791107,-0.012532739589611689,0.0018879053532145917,0.5618024865786234,0.010350552387535572,0.05005576042458415,0.0003,292,108,57.45810297882494,18.8485164642334,5.596420764923096,13.252077341079712,0,0.0,142,1.5907643000064127,4.858725762873585,30.0,0.0,7.626760563380282,8,135.375,3.998046398162842,5.560214042663574,6.233175554370973e-06,1.5907643000064127,0.2499340000176744,3.5902504999667144,cpu,cuda:0,0.0,367.7783203125,58.0,,,,
353,1,DDT500_num50.txt,fixed,1066,-3.92,-0.32905849120886754,0.2549999952316284,0.019364917650818825,0.2199999988079071,0.2800000011920929,0.003359067440032959,0.008673514425754546,0.0016510455054230988,0.6139975368976593,0.015490705415140837,0.07321851477026939,0.0003,298,102,66.63721653334811,15.997066736221313,5.35258936882019,10.644461870193481,0,0.0,141,1.5461855000048672,4.892120075717876,30.0,0.0,7.560283687943262,8,133.25,5.043560028076172,5.32002592086792,6.255932476051385e-06,1.5461855000048672,0.24201560001893085,3.409788899947671,cpu,cuda:0,0.0,405.90283203125,58.0,,,,
354,1,DDT500_num50.txt,fixed,1043,-3.96,-0.3350165301343471,0.2524999976158142,0.017139138653874397,0.23999999463558197,0.2800000011920929,-0.01926011930812489,-0.013352702964435924,0.0014866663894446735,0.6650754077868029,0.011854866646568884,0.07879799824546684,0.0003,299,101,59.43237067669849,17.54935884475708,5.534418821334839,12.014923095703125,0,0.0,134,1.5195782000082545,5.047938644714575,32.0,0.0,7.7835820895522385,8,130.375,4.525966644287109,5.508857727050781,5.336530193744693e-06,1.5195782000082545,0.25372459997561236,3.6099719000194455,cpu,cuda:0,0.0,439.376953125,57.0,,,,
355,1,DDT500_num50.txt,fixed,1045,-4.04,-0.34018158567265516,0.2475000023841858,0.02989565208554268,0.20000000298023224,0.2800000011920929,-0.04604858309030533,-0.03965560356155038,0.001781196624506265,0.7283574521541596,0.024821517313830553,0.03863107729703188,0.0003,301,99,66.01040139715828,15.830838441848755,5.487408399581909,10.343414545059204,0,0.0,138,1.552248600004532,4.900478467074308,28.0,0.0,7.572463768115942,8,130.625,4.090766906738281,5.45393180847168,6.743495760019869e-06,1.552248600004532,0.2513150999784557,3.524848600009136,cpu,cuda:0,0.0,426.3349609375,58.0,,,,
356,1,DDT500_num50.txt,fixed,1056,-3.92,-0.3330514038558535,0.2549999952316284,0.019364917650818825,0.2199999988079071,0.2800000011920929,-0.02623591518827847,-0.020161346665450504,0.0018665318327423716,0.7007831803389958,0.011293973890133202,0.06860017111258847,0.0003,298,102,52.64707722507933,20.058093547821045,5.44075870513916,14.617321014404297,0,0.0,138,1.5426365000093938,5.043560603351304,24.0,0.0,7.6521739130434785,8,132.0,3.2015621662139893,5.416856288909912,5.51978928342578e-06,1.5426365000093938,0.25214759999835223,3.4961575999877823,cpu,cuda:0,0.0,403.716796875,57.0,,,,
357,1,DDT500_num50.txt,fixed,1066,-3.84,-0.31877249779282224,0.25999999046325684,0.026457516476511955,0.2199999988079071,0.30000001192092896,-0.1919590369798243,-0.18572968267835677,0.001238190227013547,0.6848445571959019,0.012550446845125407,0.055488426238298416,0.0003,296,104,80.7837491095929,13.195723295211792,5.609269142150879,7.5864386558532715,0,0.0,141,1.5771003999943787,4.710131332082551,28.0,0.0,7.560283687943262,8,133.25,6.777720928192139,5.585160732269287,6.633008979406441e-06,1.5771003999943787,0.24383040004613576,3.6391837000046507,cpu,cuda:0,0.0,525.119140625,59.0,,,,
358,1,DDT500_num50.txt,fixed,1078,-3.96,-0.31938766403799895,0.2524999976158142,0.022220488637685776,0.2199999988079071,0.30000001192092896,-0.10655009175340334,-0.10072634667158127,0.0015886361865947644,0.6618068973223369,0.01542219975963235,0.07983745485544205,0.0003,299,101,50.061587007304176,21.53347635269165,5.606768846511841,15.926693677902222,0,0.0,144,1.6071232999984204,4.7133580722702675,35.0,0.0,7.486111111111111,8,134.75,6.64736795425415,5.581862926483154,7.780632586218417e-06,1.6071232999984204,0.25006959997699596,3.59888320002392,cpu,cuda:0,0.0,393.8623046875,58.0,,,,
359,1,DDT500_num50.txt,fixed,1073,-3.96,-0.3270715145251725,0.2524999976158142,0.013919408433139324,0.2199999988079071,0.25999999046325684,-0.014677509168783824,-0.008512406051158905,0.0019036088914920887,0.7116909344991048,0.008691628075515231,0.07200977901617686,0.0003,299,101,49.708898075152206,21.585672616958618,5.399062156677246,16.186598300933838,0,0.0,139,1.5439281999988452,4.805219014559743,30.0,0.0,7.719424460431655,8,134.125,4.136348247528076,5.3696818351745605,4.756435828312533e-06,1.5439281999988452,0.2459517000006599,3.4567567000249255,cpu,cuda:0,0.0,409.12109375,58.0,,,,
360,1,DDT500_num50.txt,fixed,1077,-3.6,-0.33364822319220655,0.2750000059604645,0.021794503554701805,0.23999999463558197,0.30000001192092896,-0.039189935429021716,-0.03244653076399118,0.0015751567989354953,0.7530985064804554,0.011025871368474327,0.061088850954547524,0.0003,290,110,74.46714990705011,14.462753057479858,5.567686080932617,8.895054340362549,0,0.0,144,1.5888032000075327,4.95264623822608,35.0,0.0,7.479166666666667,8,134.625,5.146296977996826,5.532044410705566,7.219793133117491e-06,1.5888032000075327,0.24719809999623976,3.571144599967738,cpu,cuda:0,0.0,458.37841796875,57.0,,,,
361,1,DDT500_num50.txt,fixed,1069,-3.88,-0.3401554641721849,0.2574999928474426,0.023318450897932053,0.2199999988079071,0.30000001192092896,-0.0988400524482131,-0.09203159776516259,0.0018118374282494187,0.7714373469352722,0.015410427958704532,0.09107394739985467,0.0003,297,103,65.81982780429,16.24130654335022,5.57613468170166,10.66515302658081,0,0.0,142,1.5929859999960172,5.043030869525877,36.0,0.0,7.528169014084507,8,133.625,5.406882286071777,5.545710563659668,6.852201295259874e-06,1.5929859999960172,0.25100569997448474,3.574707900032081,cpu,cuda:0,0.0,421.81396484375,58.0,,,,
362,1,DDT500_num50.txt,fixed,1033,-3.92,-0.32636447689765447,0.2549999952316284,0.019364917650818825,0.2199999988079071,0.2800000011920929,-0.05250689294189215,-0.046363991788691945,0.0021472778947403035,0.7216544879807366,0.014792525804498129,0.06918211177819306,0.0003,298,102,67.81521785575733,15.232569217681885,5.242141485214233,9.990412712097168,0,0.0,135,1.5005488999904628,4.9496611780257105,32.0,0.0,7.651851851851852,8,129.125,5.9673590660095215,5.216053009033203,5.376325589168118e-06,1.5005488999904628,0.23994249997122097,3.356341300015629,cpu,cuda:0,0.0,416.9033203125,58.0,,,,
363,1,DDT500_num50.txt,fixed,1066,-3.84,-0.33813565830277875,0.25999999046325684,0.022360684350132942,0.23999999463558197,0.30000001192092896,-0.12203447669744491,-0.11613693001369635,0.0018104244062366584,0.6802761713663737,0.017066800547763706,0.09691539257764817,0.0003,296,104,50.0720981051731,21.28930163383484,5.342928647994995,15.946356296539307,0,0.0,139,1.5394121000026644,4.881801126150879,21.0,0.0,7.669064748201439,8,133.25,4.380353927612305,5.306443214416504,5.783801043435233e-06,1.5394121000026644,0.23317339999994147,3.4150837999404757,cpu,cuda:0,0.0,445.56591796875,58.0,,,,
364,1,DDT500_num50.txt,fixed,1072,-3.72,-0.3206941637701778,0.26750001311302185,0.017139142379164696,0.23999999463558197,0.30000001192092896,-0.03091868683695793,-0.02478627935051918,0.001694254344329238,0.6979536056518555,0.011530581675469876,0.0568894200026989,0.0003,293,107,65.58219277465663,16.345900535583496,5.585717678070068,10.760166883468628,0,0.0,139,1.58382850000271,4.848880597459736,32.0,0.0,7.712230215827338,8,134.0,3.1622776985168457,5.548094749450684,5.965231139271054e-06,1.58382850000271,0.25266339997142495,3.5842692000005627,cpu,cuda:0,0.0,403.716796875,58.0,,,,
365,1,DDT500_num50.txt,fixed,1068,-3.8000000000000003,-0.31881955167299636,0.26249998807907104,0.021065380424261093,0.23999999463558197,0.30000001192092896,-0.019003906473517417,-0.012788734833399455,0.0016589396477987369,0.7044641613960266,0.0125484233101209,0.06715557624896368,0.0003,295,105,49.14353781668103,21.73225712776184,5.6176183223724365,16.114623069763184,0,0.0,140,1.5858411000081105,4.75374531835206,25.0,0.0,7.628571428571429,8,133.5,5.590169906616211,5.580347537994385,6.408538865798619e-06,1.5858411000081105,0.255388400017182,3.610914499988212,cpu,cuda:0,0.0,441.8779296875,58.0,,,,
366,1,DDT500_num50.txt,fixed,1053,-3.8000000000000003,-0.31660342665257274,0.26249998807907104,0.021065376698970795,0.2199999988079071,0.2800000011920929,-0.08830994516611099,-0.08279520571231842,0.0029926163610070945,0.7011043816804886,0.008380987821146846,0.04286708235740662,0.0003,295,105,64.46139190506528,16.33535933494568,5.54642391204834,10.788918018341064,0,0.0,144,1.5745896000044013,4.86419752905285,32.0,0.0,7.3125,8,131.625,7.663835525512695,5.5107197761535645,9.241603947884869e-06,1.5745896000044013,0.25393329998041736,3.554746799984059,cpu,cuda:0,0.0,450.5791015625,58.0,,,,
367,1,DDT500_num50.txt,fixed,1047,-4.0,-0.2916975754031778,0.25,0.019999999552965164,0.2199999988079071,0.2800000011920929,-0.03053569495677948,-0.02443143626054128,0.0020503278511265913,0.7129419604937236,0.009618563732753197,0.05958201338847478,0.0003,300,100,49.089575404951,21.328357219696045,5.567208290100098,15.761134147644043,0,0.0,137,1.5672595000105503,4.883476597304103,32.0,0.0,7.642335766423358,8,130.875,5.48720121383667,5.540511608123779,6.35285960015608e-06,1.5672595000105503,0.25549499997759995,3.5905331000321894,cpu,cuda:0,0.0,397.0556640625,58.0,,,,
368,1,DDT500_num50.txt,fixed,1026,-4.08,-0.3139747446130061,0.24500000476837158,0.02179449237883091,0.20000000298023224,0.2800000011920929,-0.10537405963987112,-0.09925483042995135,0.0017941734792354207,0.7016313274701437,0.01346008041097472,0.06100100992868344,0.0003,302,98,93.65909225401946,10.954622507095337,5.395410060882568,5.559195280075073,0,0.0,136,1.5131642000123975,4.801169587622376,28.0,0.0,7.544117647058823,8,128.25,6.159342288970947,5.359055995941162,7.621940312674269e-06,1.5131642000123975,0.23999829997228517,3.4857511000245722,cpu,cuda:0,0.0,473.29052734375,58.0,,,,
369,1,DDT500_num50.txt,fixed,1065,-3.64,-0.3030513115766593,0.27250000834465027,0.033071890473365784,0.20000000298023224,0.3199999928474426,0.009264151964868819,0.014668651989528112,0.0019958823353850414,0.6402441433497837,0.013111301365175418,0.06911285540887288,0.0003,291,109,80.29633471905734,13.263370037078857,5.443999528884888,7.819353818893433,0,0.0,140,1.5576200000105018,4.84694836016552,30.0,0.0,7.607142857142857,8,133.125,4.9607834815979,5.41252326965332,7.190207725216169e-06,1.5576200000105018,0.24189000004662375,3.4897996000072453,cpu,cuda:0,0.0,459.6103515625,59.0,,,,
370,1,DDT500_num50.txt,fixed,1041,-3.72,-0.3364252569284587,0.26749998331069946,0.022220486775040627,0.23999999463558197,0.3199999928474426,0.04983890801668167,0.05494167190045118,0.0016409757954534143,0.5923249647021294,0.01676628814311698,0.052716978127136827,0.0003,293,107,77.29282802745449,13.468261241912842,5.329010963439941,8.139225006103516,0,0.0,138,1.521635700004481,4.979827087046892,35.0,0.0,7.543478260869565,8,130.125,8.267972946166992,5.2947869300842285,5.113508905196795e-06,1.521635700004481,0.2433683000090241,3.4077331000262348,cpu,cuda:0,0.0,390.82666015625,58.0,,,,
371,1,DDT500_num50.txt,fixed,1061,-3.6,-0.33185993489078475,0.2749999761581421,0.021794496104121208,0.23999999463558197,0.3199999928474426,-0.06483897101134062,-0.060274381190538406,0.0015877891855780035,0.5358487218618393,0.012017574263154529,0.04965563490986824,0.0003,290,110,106.93075657697133,9.922308921813965,5.556989669799805,4.365306854248047,0,0.0,140,1.5833725999909802,4.874646559849199,24.0,0.0,7.578571428571428,8,132.625,3.8058342933654785,5.531331539154053,6.628722530876985e-06,1.5833725999909802,0.2581090999465232,3.561466199997085,cpu,cuda:0,0.0,444.37890625,58.0,,,,
372,1,DDT500_num50.txt,fixed,1065,-3.6,-0.3277188928574691,0.2749999761581421,0.02397916465997696,0.23999999463558197,0.30000001192092896,-0.08942115896691878,-0.08452177420258522,0.0018557034006031852,0.5827233791351318,0.013372315540133664,0.06074978628506263,0.0003,290,110,58.32897961828307,18.25850558280945,5.603841304779053,12.654648780822754,0,0.0,139,1.5705430999969394,4.959624416279681,30.0,0.0,7.661870503597123,8,133.125,5.418429374694824,5.567372798919678,7.5394573286757804e-06,1.5705430999969394,0.25547580002421455,3.613071200032209,cpu,cuda:0,0.0,449.26416015625,58.0,,,,
373,1,DDT500_num50.txt,fixed,1033,-3.8000000000000003,-0.3263385052719722,0.26250001788139343,0.027271786704659462,0.2199999988079071,0.30000001192092896,-0.0648640429135412,-0.05972443742211908,0.0015688800194766372,0.5924048312008381,0.010326625168090686,0.04701044596731663,0.0003,295,105,78.85862221299405,13.09939193725586,5.210850954055786,7.88852334022522,0,0.0,141,1.508542200019292,5.062923524409735,25.0,0.0,7.326241134751773,8,129.125,6.641489028930664,5.174478054046631,7.016152721917024e-06,1.508542200019292,0.2348224999877857,3.313299100032964,cpu,cuda:0,0.0,388.77392578125,58.0,,,,
374,1,DDT500_num50.txt,fixed,1072,-3.32,-0.30245768792611344,0.29249998927116394,0.013919411227107048,0.2800000011920929,0.3199999928474426,0.010733552183955908,0.016278855440517267,0.001594654730676363,0.6342629472414653,0.007247202913276851,0.06708757386853298,0.0003,283,117,49.13600365540979,21.816996097564697,5.676923990249634,16.140055179595947,0,0.0,142,1.6062172999972972,4.873134335475181,21.0,0.0,7.549295774647887,8,134.0,6.3442888259887695,5.64225959777832,8.71451720740879e-06,1.6062172999972972,0.25666760001695366,3.649525499995434,cpu,cuda:0,0.0,476.35791015625,58.0,,,,
375,1,DDT500_num50.txt,fixed,1048,-3.6,-0.3146263696555683,0.2750000059604645,0.01658313348889351,0.25999999046325684,0.30000001192092896,-0.07613606506492943,-0.07088504906278104,0.0017071145339286886,0.610456794500351,0.012993936747079715,0.060784385073930025,0.0003,290,110,77.72417833900435,13.483577728271484,5.44982123374939,8.033740520477295,0,0.0,136,1.5439033999991807,4.8673664106212495,32.0,0.0,7.705882352941177,8,131.0,3.7749171257019043,5.415864944458008,4.859880846197484e-06,1.5439033999991807,0.2448991999754071,3.5043329000327503,cpu,cuda:0,0.0,421.81396484375,57.0,,,,
376,1,DDT500_num50.txt,fixed,1093,-3.44,-0.31240929621162733,0.2849999964237213,0.025980768725275993,0.23999999463558197,0.3199999928474426,-0.021849504339375665,-0.01677892210760287,0.0020616268905411872,0.6101397999695369,0.016193895018659532,0.05690738106412547,0.0003,286,114,83.25640261020203,13.128119468688965,5.782688617706299,7.345412254333496,0,0.0,145,1.6534805999890523,4.89021043393553,32.0,0.0,7.537931034482758,8,136.625,5.893587589263916,5.757035732269287,6.605098405998433e-06,1.6534805999890523,0.2587742000050639,3.7131452999747125,cpu,cuda:0,0.0,446.755859375,58.0,,,,
377,1,DDT500_num50.txt,fixed,1021,-4.08,-0.3354811608634556,0.24500000476837158,0.02179449237883091,0.20000000298023224,0.2800000011920929,-0.05085187554359436,-0.04515964463353157,0.0017699521267786622,0.6577208757400512,0.012318079872056843,0.06113509112037718,0.0003,302,98,65.41537838299817,15.607950687408447,5.348962783813477,10.258976221084595,0,0.0,136,1.5098084999990533,4.999999998598911,24.0,0.0,7.507352941176471,8,127.625,8.425222396850586,5.323357582092285,8.08692493592389e-06,1.5098084999990533,0.24684919995706878,3.4437928999868745,cpu,cuda:0,0.0,386.83251953125,58.0,,,,
378,1,DDT500_num50.txt,fixed,1056,-3.6,-0.3195814997098443,0.2749999761581421,0.027838826179504395,0.23999999463558197,0.3199999928474426,-0.0017772085964679718,0.0037197140355904896,0.0017634841535861293,0.6378666241963704,0.007525475804383556,0.05488112804790338,0.0003,290,110,50.539271367114736,20.89464235305786,5.296914577484131,15.597714900970459,0,0.0,142,1.5268267000192282,4.869318177754229,32.0,0.0,7.436619718309859,8,132.0,5.172039985656738,5.262145042419434,7.36786705601844e-06,1.5268267000192282,0.23746039999059576,3.3759759000076883,cpu,cuda:0,0.0,446.75537109375,59.0,,,,
379,1,DDT500_num50.txt,fixed,1062,-3.64,-0.32224108023736536,0.2724999785423279,0.022220488637685776,0.2199999988079071,0.30000001192092896,-0.10322864146696197,-0.09793186808625857,0.0017499622837122944,0.617175238000022,0.017239560476607747,0.0919482513434357,0.0003,291,109,71.50946087638489,14.851181745529175,5.488017797470093,9.36314845085144,0,0.0,140,1.562806300002194,4.848399247602329,24.0,0.0,7.585714285714285,8,132.75,4.943429946899414,5.4521870613098145,6.2921731114329305e-06,1.562806300002194,0.24598160000641656,3.5186444999853848,cpu,cuda:0,0.0,384.73828125,58.0,,,,
380,1,DDT500_num50.txt,fixed,1048,-3.88,-0.32434496536539065,0.2574999928474426,0.011989579536020756,0.23999999463558197,0.2800000011920929,-0.06234824098646641,-0.057097455486655235,0.001293221692321822,0.5897393822669983,0.019855436636134982,0.08601660374552011,0.0003,297,103,72.94368262835454,14.367248296737671,5.3547327518463135,9.012501001358032,0,0.0,142,1.540136200008419,4.8874045810626665,30.0,0.0,7.380281690140845,8,131.0,6.633249759674072,5.330935478210449,1.0322451089450624e-05,1.540136200008419,0.24335450000762648,3.426074199993309,cpu,cuda:0,0.0,409.12109375,58.0,,,,
381,1,DDT500_num50.txt,fixed,1038,-3.68,-0.31438019282344215,0.27000001072883606,0.028284277766942978,0.2199999988079071,0.30000001192092896,-0.11587661212931076,-0.11036946068828304,0.0016678054040918748,0.6341052790482838,0.01039443826302886,0.06638601571321487,0.0003,292,108,49.968795977546904,20.772964000701904,5.2862865924835205,15.486660480499268,0,0.0,141,1.5193619999954535,5.1348747543287185,48.0,0.0,7.361702127659575,8,129.75,6.339361190795898,5.2505927085876465,7.511131116189063e-06,1.5193619999954535,0.23891830000502523,3.3728221999972448,cpu,cuda:0,0.0,425.0146484375,58.0,,,,
382,1,DDT500_num50.txt,fixed,1048,-3.6,-0.2989671457630223,0.2750000059604645,0.019364923238754272,0.23999999463558197,0.30000001192092896,-0.0897267880583448,-0.0840477320764746,0.0015304397093132138,0.6444278359413147,0.01753024690385376,0.0930476686252015,0.0003,290,110,86.4805135611405,12.118336915969849,5.46693229675293,6.6513893604278564,0,0.0,141,1.556465899984687,5.033396944972395,28.0,0.0,7.432624113475177,8,131.0,5.916079998016357,5.4398016929626465,7.257095148816006e-06,1.556465899984687,0.24916229999689676,3.5097456999919814,cpu,cuda:0,0.0,373.103515625,58.0,,,,
383,1,DDT500_num50.txt,fixed,1066,-3.88,-0.30726290706500137,0.2574999928474426,0.021065376698970795,0.2199999988079071,0.30000001192092896,-0.019579035540421803,-0.013721703241268793,0.001374037373655786,0.6544351577758789,0.012806480944467088,0.08162855884681146,0.0003,297,103,85.98769343840186,12.397122859954834,5.530123710632324,6.86698055267334,0,0.0,139,1.563922100007403,5.051594746269384,33.0,0.0,7.669064748201439,8,133.25,3.766629695892334,5.4959869384765625,4.662897026719293e-06,1.563922100007403,0.24697259998902155,3.559225700018942,cpu,cuda:0,0.0,413.15234375,58.0,,,,
384,1,DDT500_num50.txt,fixed,1057,-3.88,-0.32146752604841805,0.2574999928474426,0.018540499731898308,0.23999999463558197,0.2800000011920929,-0.2940030265599489,-0.28829666040837765,0.0017401045770384371,0.6576431095600128,0.02076345169916749,0.11533423885703087,0.0003,297,103,148.4278217722205,7.121306419372559,5.5527870655059814,1.568505048751831,0,0.0,143,1.5805287000057433,4.882686849574267,30.0,0.0,7.391608391608392,8,132.125,5.109733581542969,5.529867649078369,5.317856903275242e-06,1.5805287000057433,0.2509019999833981,3.5714421000193397,cpu,cuda:0,0.0,289.609375,59.0,,,,
385,1,DDT500_num50.txt,fixed,1060,-3.68,-0.3124460158981225,0.26999998092651367,0.01732051372528076,0.23999999463558197,0.30000001192092896,-0.0839468709060124,-0.07779257797769137,0.0013808762388569967,0.6844732058899743,0.01852800590651376,0.10902775158839566,0.0003,292,108,54.07453553276908,19.602572441101074,5.643910884857178,13.958647012710571,0,0.0,138,1.5741901000019425,5.088679239884862,28.0,0.0,7.681159420289855,8,132.5,4.213074684143066,5.609048366546631,6.579229648195906e-06,1.5741901000019425,0.2593729999898642,3.6456812000524224,cpu,cuda:0,0.0,476.35791015625,58.0,,,,
386,1,DDT500_num50.txt,fixed,1056,-3.72,-0.3030204908972751,0.26749998331069946,0.024366989731788635,0.2199999988079071,0.30000001192092896,-0.010519886016845703,-0.005211877822875977,0.001710942666977644,0.6163482248783112,0.01854641465470195,0.11496840193867683,0.0003,293,107,98.03070590071283,10.772135019302368,5.429212331771851,5.342906951904297,0,0.0,137,1.542532300005405,4.858901512667988,25.0,0.0,7.708029197080292,8,132.0,4.949747562408447,5.405235290527344,5.2316445362521335e-06,1.542532300005405,0.24603270001534838,3.4929105000228446,cpu,cuda:0,0.0,407.96337890625,59.0,,,,
387,1,DDT500_num50.txt,fixed,1046,-3.72,-0.31040059638707185,0.26750001311302185,0.037332963198423386,0.20000000298023224,0.3400000035762787,-0.0448483519256115,-0.039388293959200384,0.002037617762107402,0.6478870034217834,0.030367887439206244,0.08258121609687805,0.0003,293,107,63.35395480592304,16.510413646697998,5.4814982414245605,11.028900384902954,0,0.0,147,1.548948299998301,5.047801147227533,32.0,0.0,7.115646258503402,8,130.75,8.870597839355469,5.455718040466309,9.946656064130366e-06,1.548948299998301,0.2424579999769776,3.5426578000369773,cpu,cuda:0,0.0,369.9443359375,59.0,,,,
388,1,DDT500_num50.txt,fixed,1062,-3.56,-0.29710776291800084,0.2775000035762787,0.04175823554396629,0.20000000298023224,0.36000001430511475,-0.007483786996454,-0.0021340912207961082,0.0018829498905688525,0.6291170835494995,0.01616145856678486,0.07300710082054138,0.0003,289,111,94.44533327639637,11.244600057601929,5.611814260482788,5.632768630981445,0,0.0,144,1.610297300008824,4.947269297140017,35.0,0.0,7.375,8,132.75,9.781998634338379,5.579015254974365,9.07244611880742e-06,1.610297300008824,0.25251109997407184,3.58825500000421,cpu,cuda:0,0.0,382.73486328125,58.0,,,,
389,1,DDT500_num50.txt,fixed,1071,-3.52,-0.2906014137793529,0.2800000011920929,0.030000003054738045,0.2199999988079071,0.3199999928474426,-0.18712539970874786,-0.18177971740563711,0.001850087777711451,0.6270739436149597,0.014929520936372379,0.07705562375485897,0.0003,288,112,133.29392320185084,8.03487491607666,5.554548263549805,2.480313539505005,0,0.0,142,1.5948903000116843,5.056022411189716,28.0,0.0,7.542253521126761,8,133.875,4.106017112731934,5.518316268920898,6.11579662290751e-06,1.5948903000116843,0.24858440004391014,3.54893950004589,cpu,cuda:0,0.0,330.48974609375,59.0,,,,
390,1,DDT500_num50.txt,fixed,1012,-3.72,-0.2981417552937545,0.26749998331069946,0.019843140617012978,0.23999999463558197,0.30000001192092896,0.003946067299693823,0.009299253579229116,0.0016015465662349015,0.6153960600495338,0.01699055265635252,0.07824085792526603,0.0003,293,107,108.78952430728059,9.302366256713867,5.299792528152466,4.002557277679443,0,0.0,136,1.5224420000140526,4.928853756825443,30.0,0.0,7.4411764705882355,8,126.5,6.4031243324279785,5.262367248535156,6.7392797973298e-06,1.5224420000140526,0.23841109996465093,3.3804595000274276,cpu,cuda:0,0.0,353.70556640625,59.0,,,,
391,1,DDT500_num50.txt,fixed,1059,-3.88,-0.3005994241701742,0.2574999928474426,0.027271781116724014,0.20000000298023224,0.30000001192092896,-0.1010475969976849,-0.09554157985581292,0.0015226795286354092,0.6267354190349579,0.013918186175740428,0.06863961699936125,0.0003,297,103,71.64249295997504,14.78173017501831,5.669811248779297,9.111903429031372,0,0.0,145,1.7020829000139202,4.883852690317588,30.0,0.0,7.303448275862069,8,132.375,6.479535102844238,5.633785247802734,7.33500473870663e-06,1.7020829000139202,0.24640149997685512,3.559425499995996,cpu,cuda:0,0.0,434.36376953125,60.0,,,,
392,1,DDT500_num50.txt,fixed,1067,-3.52,-0.2909730581188915,0.2799999713897705,0.014142143540084362,0.25999999046325684,0.30000001192092896,-0.010685528495482035,-0.0052458106407097405,0.0014396965769784792,0.6159562638827732,0.03291426319628954,0.06589947161929947,0.0003,288,112,79.39501573593435,13.439130783081055,5.622360944747925,7.816753149032593,0,0.0,142,1.6161058000052435,4.860356137142521,32.0,0.0,7.514084507042254,8,133.375,6.203577518463135,5.58701229095459,7.268834906426491e-06,1.6161058000052435,0.2518080000500049,3.5908335000040097,cpu,cuda:0,0.0,414.05908203125,59.0,,,,
393,1,DDT500_num50.txt,fixed,1063,-3.8000000000000003,-0.3018855686134153,0.26249998807907104,0.021065380424261093,0.23999999463558197,0.30000001192092896,-0.0873197370341846,-0.08243635509695325,0.0017683910472052439,0.5767575289521899,0.017795470376898135,0.10123639128037862,0.0003,295,105,82.11689581349154,12.944960832595825,5.500163793563843,7.4447832107543945,0,0.0,138,1.585485100005826,5.1589840025915255,40.0,0.0,7.702898550724638,8,132.875,5.301827430725098,5.474145889282227,7.467489012924489e-06,1.585485100005826,0.24634649997096858,3.5168293999759044,cpu,cuda:0,0.0,489.11474609375,59.0,,,,
394,1,DDT500_num50.txt,fixed,1082,-3.88,-0.2955230522896838,0.2574999928474426,0.011989579536020756,0.23999999463558197,0.2800000011920929,0.1361593003384769,0.14184379298239946,0.0013527024711947888,0.6360849142074585,0.02646016573999077,0.07954329997301102,0.0003,297,103,103.14785987433392,10.489795923233032,5.656269311904907,4.833509683609009,0,0.0,144,1.6266351000031136,4.771719038817006,32.0,0.0,7.513888888888889,8,135.25,5.673402786254883,5.619696617126465,6.997900072747143e-06,1.6266351000031136,0.251108300029955,3.6132890000098996,cpu,cuda:0,0.0,381.60791015625,59.0,,,,
395,1,DDT500_num50.txt,fixed,1082,-3.48,-0.2958759827916364,0.2824999988079071,0.01854049786925316,0.25999999046325684,0.3199999928474426,0.0123806013725698,0.018048558849841356,0.0016762760642450303,0.6506093256175518,0.014508287276839837,0.07829623448196799,0.0003,287,113,73.31806908641036,14.757617235183716,5.7086310386657715,9.048975467681885,0,0.0,141,1.5941944000041985,4.965804065441689,36.0,0.0,7.673758865248227,8,135.25,4.683748722076416,5.68579626083374,5.532646810024744e-06,1.5941944000041985,0.2552449999802775,3.7082313999617327,cpu,cuda:0,0.0,379.47021484375,59.0,,,,
396,1,DDT500_num50.txt,fixed,1045,-3.84,-0.3091141213776228,0.25999999046325684,0.028284277766942978,0.2199999988079071,0.30000001192092896,0.0120054897852242,0.017720140051096678,0.001642448376514949,0.6535875163972378,0.012853760155849159,0.04781151784118265,0.0003,296,104,73.55782260808564,14.206510782241821,5.406344652175903,8.80015516281128,0,0.0,142,1.5497406999966188,5.037320573706376,33.0,0.0,7.359154929577465,8,130.625,6.060888767242432,5.370602607727051,7.567677585029742e-06,1.5497406999966188,0.24472749998494692,3.4526994000061677,cpu,cuda:0,0.0,427.2978515625,59.0,,,,
397,1,DDT500_num50.txt,fixed,1055,-3.7600000000000002,-0.3215800205793664,0.26499998569488525,0.025980761274695396,0.2199999988079071,0.3199999928474426,-0.0587588669015811,-0.052734237450819746,0.0019840665358620193,0.7016662817734939,0.014504093121593961,0.06173086653535183,0.0003,294,106,54.08762781238836,19.505384922027588,5.394032955169678,14.111334800720215,0,0.0,138,1.5526971999988746,4.940284360641551,30.0,0.0,7.644927536231884,8,131.875,3.2185983657836914,5.367894172668457,5.969993708276888e-06,1.5526971999988746,0.24575749995165097,3.4466012000284536,cpu,cuda:0,0.0,439.376953125,59.0,,,,
398,1,DDT500_num50.txt,fixed,1043,-3.92,-0.3416015315116085,0.2549999952316284,0.016583126038312912,0.23999999463558197,0.2800000011920929,-0.01196580150952706,-0.006556982604356913,0.0018895997110610972,0.6353615407760327,0.014484226587228477,0.07354519201012757,0.0003,298,102,50.97278891938821,20.46189785003662,5.51226019859314,14.949623346328735,0,0.0,139,1.5495822000048065,4.99137104529091,36.0,0.0,7.503597122302159,8,130.375,6.362733364105225,5.484522819519043,7.160500445024809e-06,1.5495822000048065,0.2509886999960145,3.559814500016728,cpu,cuda:0,0.0,432.03759765625,59.0,,,,
399,1,DDT500_num50.txt,fixed,1027,-3.7600000000000002,-0.33985026392821915,0.26499998569488525,0.019364917650818825,0.2199999988079071,0.2800000011920929,0.028303962666541338,0.034302639309316874,0.001798087527276948,0.6897720694541931,0.01717893872410059,0.06680289981886744,0.0003,294,106,99.06675736008556,10.36674690246582,5.403042316436768,4.963688850402832,0,0.0,136,1.5332334999893646,5.337877309775051,32.0,0.0,7.551470588235294,8,128.375,5.097486972808838,5.366899013519287,6.671461505902698e-06,1.5332334999893646,0.2506255000062083,3.458303599993087,cpu,cuda:0,0.0,395.97509765625,59.0,,,,
400,1,DDT500_num50.txt,fixed,1068,-3.8000000000000003,-0.3493261728109587,0.26249998807907104,0.025372235104441643,0.23999999463558197,0.30000001192092896,-0.07956703007221222,-0.0738074891269207,0.0015166625671554357,0.6517874777317048,0.01999602010473609,0.07885329574346542,0.0003,295,105,64.68550840187187,16.510653257369995,5.50408148765564,11.006556987762451,0,0.0,140,1.5628410999888729,4.947565542624685,32.0,0.0,7.628571428571429,8,133.5,3.4278273582458496,5.46978235244751,5.714590315619716e-06,1.5628410999888729,0.2478199999932258,3.534059400049955,cpu,cuda:0,0.0,457.2734375,58.0,,,,
401,1,DDT500_num50.txt,fixed,1049,-3.92,-0.3352453706905844,0.2549999952316284,0.019364917650818825,0.2199999988079071,0.2800000011920929,-0.0932631333772507,-0.08758192023055421,0.001632281889518102,0.6497352553738488,0.010390770078326264,0.05148749570879671,0.0003,298,102,67.1952900824632,15.611213207244873,5.569223403930664,10.041974544525146,0,0.0,141,1.6768109999920853,5.055290752643625,32.0,0.0,7.439716312056738,8,131.125,5.818881034851074,5.544245719909668,7.690616257605143e-06,1.6768109999920853,0.2530489999680867,3.48838869998508,cpu,cuda:0,0.0,443.06591796875,58.0,,,,
402,1,DDT500_num50.txt,fixed,1061,-3.7600000000000002,-0.3273297814866812,0.26499998569488525,0.025980768725275993,0.23999999463558197,0.30000001192092896,-0.03622412458062172,-0.03047912158071995,0.001304842735407874,0.6397424459457397,0.013461584178730845,0.06197834871709347,0.0003,294,106,64.49106318632381,16.451891899108887,5.466011047363281,10.985867977142334,0,0.0,141,1.5720433999813395,5.003770031870591,33.0,0.0,7.524822695035461,8,132.625,7.069962978363037,5.442132949829102,8.155169780366123e-06,1.5720433999813395,0.25084840004456055,3.4935930999927223,cpu,cuda:0,0.0,421.81396484375,58.0,,,,
403,1,DDT500_num50.txt,fixed,1057,-3.64,-0.32357026983173354,0.27250000834465027,0.04235268756747246,0.20000000298023224,0.3400000035762787,0.03412143313991172,0.03962025033043964,0.0018625185641992306,0.6430077616657529,0.012104719245274152,0.07238915349755969,0.0003,291,109,51.03878618162456,20.709740161895752,5.477599143981934,15.23212194442749,0,0.0,137,1.554501500000697,5.038789027799608,25.0,0.0,7.7153284671532845,8,132.125,4.013648509979248,5.450324535369873,6.800155915698269e-06,1.554501500000697,0.2528075999653083,3.5174984999684966,cpu,cuda:0,0.0,386.83447265625,58.0,,,,
404,1,DDT500_num50.txt,fixed,1026,-4.0,-0.37049443322206566,0.25,0.019999999552965164,0.2199999988079071,0.2800000011920929,-0.15374106417099634,-0.1480124332010746,0.002145012898836285,0.6801144182682037,0.011821617255918682,0.06779757017890613,0.0003,300,100,92.49518172843571,11.092469692230225,5.3111045360565186,5.781352996826172,0,0.0,140,1.5255549000066821,5.235867444999501,50.0,0.0,7.328571428571428,8,128.25,4.84122896194458,5.287983417510986,6.944900178496027e-06,1.5255549000066821,0.25223380001807527,3.3865185000122437,cpu,cuda:0,0.0,420.9091796875,58.0,,,,
405,1,DDT500_num50.txt,fixed,1036,-3.96,-0.3551350708184461,0.2524999976158142,0.031523801386356354,0.18000000715255737,0.30000001192092896,-0.07638366986066103,-0.0704541839659214,0.0021449793712235987,0.7001975663006306,0.01031301633338444,0.05417581833899021,0.0003,299,101,83.84915723404424,12.355520725250244,5.173559665679932,7.181945323944092,0,0.0,136,1.4913923000076466,4.916023163261561,30.0,0.0,7.617647058823529,8,129.5,4.873397350311279,5.142553806304932,6.868772743473528e-06,1.4913923000076466,0.2290085999902658,3.305592200042156,cpu,cuda:0,0.0,440.56298828125,59.0,,,,
406,1,DDT500_num50.txt,fixed,1034,-3.8000000000000003,-0.3508311228840331,0.26249998807907104,0.015612497925758362,0.23999999463558197,0.2800000011920929,-0.1135021224617958,-0.10781615475813548,0.001820489822421223,0.6596214721600214,0.012815823157628378,0.060643889009952545,0.0003,295,105,90.78080486958557,11.39007306098938,5.352551221847534,6.0375072956085205,0,0.0,136,1.5239587999949435,5.016441002113446,27.0,0.0,7.602941176470588,8,129.25,3.1523799896240234,5.328607559204102,6.40410235064337e-06,1.5239587999949435,0.2456993999585393,3.4357286999820644,cpu,cuda:0,0.0,398.13818359375,58.0,,,,
407,1,DDT500_num50.txt,fixed,1061,-3.7600000000000002,-0.3328941280446923,0.26499998569488525,0.02397916465997696,0.23999999463558197,0.30000001192092896,0.13070417242124677,0.13701343996217474,0.001841752789914608,0.7230146825313568,0.028314714436419308,0.06986082997173071,0.0003,294,106,103.84006765374107,10.217635869979858,5.483372449874878,4.734248399734497,0,0.0,144,1.562088999993648,4.729500471253535,25.0,0.0,7.368055555555555,8,132.625,7.873015403747559,5.447638988494873,7.239449587359559e-06,1.562088999993648,0.24262730002010358,3.519288100013,cpu,cuda:0,0.0,488.1064453125,59.0,,,,
408,1,DDT500_num50.txt,fixed,1029,-4.16,-0.3493174669813285,0.24000000953674316,0.019999995827674866,0.20000000298023224,0.25999999046325684,-0.05173701056363908,-0.04598113196499815,0.0018940726824274118,0.670291705565019,0.012089080727574501,0.058521420948884705,0.0003,304,96,61.820625999433894,16.644930124282837,5.204769849777222,11.440145492553711,0,0.0,135,1.4931354999953328,4.804664723495469,30.0,0.0,7.622222222222222,8,128.625,3.568525552749634,5.176247596740723,4.647633886634139e-06,1.4931354999953328,0.23453159997552575,3.330170599918347,cpu,cuda:0,0.0,409.12109375,59.0,,,,
409,1,DDT500_num50.txt,fixed,1028,-4.04,-0.3497591839882708,0.2475000023841858,0.017139136791229248,0.2199999988079071,0.2800000011920929,-0.02477248551117049,-0.01847894738117854,0.0018203402740053004,0.720371233092414,0.010713241347629163,0.05437297932803631,0.0003,301,99,68.0433174402058,15.108022928237915,5.37284517288208,9.735162019729614,0,0.0,137,1.5318637999953353,4.966926068647362,30.0,0.0,7.5036496350364965,8,128.5,4.27200174331665,5.344944000244141,6.465936621680157e-06,1.5318637999953353,0.2442323999639484,3.446266899991315,cpu,cuda:0,0.0,430.75830078125,58.0,,,,
410,1,DDT500_num50.txt,fixed,1000,-3.88,-0.3454900680766602,0.2574999928474426,0.03230712190270424,0.20000000298023224,0.30000001192092896,-0.09489173218607902,-0.08910400867462158,0.0020364047959446907,0.6805925766626993,0.010445481957867741,0.07089299534757933,0.0003,297,103,49.24469640831531,20.306755304336548,5.203090667724609,15.103641986846924,0,0.0,135,1.4891638000008243,5.106000001430512,32.0,0.0,7.407407407407407,8,125.0,5.385164737701416,5.169456958770752,6.965332431718707e-06,1.4891638000008243,0.24461630003315804,3.3153548000045703,cpu,cuda:0,0.0,393.8603515625,58.0,,,,
411,1,DDT500_num50.txt,fixed,1045,-4.08,-0.36129694307224514,0.24500000476837158,0.019364915788173676,0.2199999988079071,0.2800000011920929,-0.07571993296345075,-0.069782996053497,0.0016161791359384854,0.674502694606781,0.013055039492125312,0.07925335094332694,0.0003,302,98,49.918994187057294,20.933915376663208,5.310598611831665,15.623302221298218,0,0.0,137,1.5122274000059406,4.877511962406944,27.0,0.0,7.627737226277373,8,130.625,4.3857011795043945,5.278162479400635,4.324521341914078e-06,1.5122274000059406,0.24326579999797104,3.401594099972499,cpu,cuda:0,0.0,434.36376953125,58.0,,,,
412,1,DDT500_num50.txt,fixed,1022,-4.0,-0.36295002286263195,0.25,0.041231051087379456,0.18000000715255737,0.3199999928474426,-0.0522836409509182,-0.046732306480407715,0.0023401125059039755,0.672139208425175,0.013788251121613112,0.04574223624711687,0.0003,300,100,62.58844389295398,16.328892946243286,5.258700609207153,11.070178270339966,0,0.0,136,1.517138099996373,4.785714284547854,21.0,0.0,7.514705882352941,8,127.75,6.628536701202393,5.231716156005859,8.419247933488805e-06,1.517138099996373,0.23502519996327464,3.3604641999791056,cpu,cuda:0,0.0,349.09033203125,58.0,,,,
413,1,DDT500_num50.txt,fixed,1039,-3.84,-0.3563667436513546,0.25999999046325684,0.022360684350132942,0.2199999988079071,0.30000001192092896,-0.05922600949803988,-0.05318008959293365,0.0017723807909836371,0.6932109316190084,0.01051567616717269,0.06425717864185572,0.0003,296,104,48.33514738499154,21.495744943618774,5.448976993560791,16.046753883361816,0,0.0,137,1.5437228000046161,4.948989415650647,32.0,0.0,7.583941605839416,8,129.875,4.106017112731934,5.4255876541137695,5.253330527921207e-06,1.5437228000046161,0.23929219997808104,3.5210103999579587,cpu,cuda:0,0.0,434.36376953125,58.0,,,,
414,1,DDT500_num50.txt,fixed,1058,-3.68,-0.33560357831370125,0.26999998092651367,0.02828427217900753,0.20000000298023224,0.30000001192092896,-0.1271339679757754,-0.12137306109070778,0.001815408099597941,0.6668610672156016,0.015029028504310796,0.07543077195684116,0.0003,292,108,91.73225161287428,11.533566236495972,5.400777101516724,6.132775783538818,0,0.0,142,1.5591807999971934,4.845935731393854,33.0,0.0,7.450704225352113,8,132.25,6.179603576660156,5.375157833099365,6.8168537836754695e-06,1.5591807999971934,0.24573049997161434,3.447392200028844,cpu,cuda:0,0.0,417.93310546875,58.0,,,,
415,1,DDT500_num50.txt,fixed,1048,-3.96,-0.34081455652377757,0.2524999976158142,0.034550685435533524,0.20000000298023224,0.3199999928474426,-0.06046009094764789,-0.05474225369592508,0.0017382915636214118,0.6586978783210119,0.011761877375344435,0.07331636579086383,0.0003,299,101,90.72197380052829,11.551776885986328,5.444822311401367,6.106938123703003,0,0.0,142,1.5387170000140031,4.936068699332594,30.0,0.0,7.380281690140845,8,131.0,7.382411479949951,5.409809112548828,6.6522629822429735e-06,1.5387170000140031,0.24880629999461235,3.4978560999716137,cpu,cuda:0,0.0,399.34619140625,58.0,,,,
416,1,DDT500_num50.txt,fixed,1066,-3.68,-0.3227224088886393,0.26999998092651367,0.02828427217900753,0.2199999988079071,0.3199999928474426,-0.0009921548577646415,0.00523604778572917,0.0013373507471341225,0.6896879606776767,0.016753013582072325,0.07586039333707756,0.0003,292,108,68.84685201589004,15.483641862869263,5.462212562561035,10.021410703659058,0,0.0,141,1.568840200003251,4.886491558788865,33.0,0.0,7.560283687943262,8,133.25,4.84122896194458,5.425874710083008,5.820539172418648e-06,1.568840200003251,0.24421819999770378,3.4887898999968456,cpu,cuda:0,0.0,388.77392578125,58.0,,,,
417,1,DDT500_num50.txt,fixed,1046,-3.72,-0.3344076847073446,0.26750001311302185,0.031523801386356354,0.2199999988079071,0.3199999928474426,-0.07041197802339282,-0.06473563664725848,0.0020050553970837165,0.6678865211350578,0.016953993123024702,0.09442490685198988,0.0003,293,107,81.5860309508464,12.82082223892212,5.208455324172974,7.612353563308716,0,0.0,137,1.4930456000038248,4.963671128562942,32.0,0.0,7.635036496350365,8,130.75,3.8649063110351562,5.1816487312316895,6.507560556201497e-06,1.4930456000038248,0.23028559998965648,3.3416412000406126,cpu,cuda:0,0.0,373.103515625,58.0,,,,
418,1,DDT500_num50.txt,fixed,1033,-4.04,-0.3438880739769494,0.2474999874830246,0.022220484912395477,0.20000000298023224,0.2800000011920929,-0.06826339266262949,-0.06255079689435661,0.0021074927353765815,0.6766342446208,0.011688191414577886,0.06771468464285135,0.0003,301,99,77.48076399216286,13.332341432571411,5.354864120483398,7.977464914321899,0,0.0,139,1.5195046000044385,5.030009677310881,36.0,0.0,7.431654676258993,8,129.125,5.085211277008057,5.319359302520752,7.545109838247299e-06,1.5195046000044385,0.24902980000661046,3.4273856000145315,cpu,cuda:0,0.0,421.81396484375,58.0,,,,
419,1,DDT500_num50.txt,fixed,1020,-4.0,-0.3379794310414658,0.25,0.04690415784716606,0.18000000715255737,0.30000001192092896,-0.031210491290459268,-0.025463073299481317,0.0024894601217685984,0.6992147977535541,0.012010181627164666,0.058722888047878556,0.0003,300,100,57.94651392438373,17.602439403533936,5.238633155822754,12.36378788948059,0,0.0,138,1.5147362999978213,5.098039214050068,35.0,0.0,7.391304347826087,8,127.5,8.411301612854004,5.212514877319336,8.252176485257223e-06,1.5147362999978213,0.2330944999721396,3.347286900047038,cpu,cuda:0,0.0,414.05712890625,58.0,,,,
420,1,DDT500_num50.txt,fixed,1042,-4.28,-0.3498977392753293,0.23250000178813934,0.02817356586456299,0.18000000715255737,0.2800000011920929,-0.060900092823430896,-0.055178883277291715,0.0019226541671042258,0.6682542883432828,0.013900524811246075,0.09281320311129093,0.0003,307,93,55.709471711380466,18.704180240631104,5.49523401260376,13.208930969238281,0,0.0,137,1.550444200003767,4.868522071563809,27.0,0.0,7.605839416058394,8,130.25,5.889609336853027,5.465760231018066,6.498819857370108e-06,1.550444200003767,0.24897430007513321,3.540529699976105,cpu,cuda:0,0.0,388.77392578125,58.0,,,,
421,1,DDT500_num50.txt,fixed,1039,-3.88,-0.3547279850211753,0.2574999928474426,0.029047377407550812,0.20000000298023224,0.30000001192092896,-0.052106790244579315,-0.046188187785446644,0.0022496489254990593,0.7043426483869553,0.019668346270918846,0.056711768731474876,0.0003,297,103,78.38951297602864,13.254323959350586,5.333226442337036,7.921085596084595,0,0.0,137,1.5347559000019828,5.177093357622222,35.0,0.0,7.583941605839416,8,129.875,7.440388202667236,5.3087663650512695,7.268834906426491e-06,1.5347559000019828,0.24345409999114054,3.4089957999894978,cpu,cuda:0,0.0,363.33056640625,58.0,,,,
422,1,DDT500_num50.txt,fixed,1000,-4.04,-0.3509788695137633,0.2475000023841858,0.031523797661066055,0.18000000715255737,0.2800000011920929,-0.07366531093915303,-0.0680166052447425,0.002338063734997478,0.6817733413643308,0.023638105175147455,0.06269855103972885,0.0003,301,99,65.83079957796632,15.190458059310913,5.2823357582092285,9.908109426498413,0,0.0,133,1.5005964000120002,5.117999992847443,35.0,0.0,7.518796992481203,8,125.0,6.538348197937012,5.259960651397705,6.097179266362218e-06,1.5005964000120002,0.24730260001160786,3.390474399950108,cpu,cuda:0,0.0,427.2958984375,58.0,,,,
423,1,DDT500_num50.txt,fixed,1026,-3.92,-0.3670654966427483,0.2549999952316284,0.021794496104121208,0.2199999988079071,0.2800000011920929,-0.007870789586255948,-0.0012335768823201457,0.0017369544366374612,0.7505690972010295,0.00909484166962405,0.061038176715373996,0.0003,298,102,45.80148182307305,22.40102195739746,5.713121175765991,16.687885522842407,0,0.0,141,1.5957017999917298,5.236842105495534,32.0,0.0,7.276595744680851,8,128.25,6.64736795425415,5.682794094085693,6.669331014563795e-06,1.5957017999917298,0.25233959995057376,3.7052141000076517,cpu,cuda:0,0.0,424.0185546875,58.0,,,,
424,1,DDT500_num50.txt,fixed,1020,-4.16,-0.3746270660176604,0.23999999463558197,0.028284268453717232,0.18000000715255737,0.2800000011920929,-0.06553521868772805,-0.06004784535616636,0.0034066316147800535,0.7190688649813334,0.01281813306074279,0.05278895469382405,0.0003,304,96,57.26344991817031,17.812409162521362,5.412486791610718,12.399906873703003,0,0.0,137,1.5327862999984063,5.1117647051811215,35.0,0.0,7.445255474452555,8,127.5,9.124143600463867,5.3764543533325195,7.3039404924202245e-06,1.5327862999984063,0.2484655000116618,3.471644799976275,cpu,cuda:0,0.0,381.60595703125,58.0,,,,
425,1,DDT500_num50.txt,fixed,1016,-4.04,-0.36397967741831055,0.2475000023841858,0.03455068916082382,0.18000000715255737,0.30000001192092896,-0.048518861777016094,-0.04417146236768791,0.006210646242834628,0.7452723681926727,0.012955351474894477,0.058061138460678716,0.0003,301,99,52.6080927554885,19.312618017196655,5.31334662437439,13.99925422668457,0,0.0,133,1.502425199993013,5.044291338582677,45.0,0.0,7.639097744360902,8,127.0,5.93717098236084,5.278350830078125,7.712757906119805e-06,1.502425199993013,0.24098989997401077,3.4137077999748726,cpu,cuda:0,0.0,426.3330078125,58.0,,,,
426,1,DDT500_num50.txt,fixed,1013,-4.08,-0.44535300404716577,0.24500000476837158,0.016583120450377464,0.2199999988079071,0.25999999046325684,-0.04404733330011368,-0.03861629217863083,0.0028063070494681597,0.6834195256233215,0.04353531822562218,0.06422018259763718,0.0003,302,98,170.22491790295342,5.9509501457214355,5.347738981246948,0.6031975746154785,0,0.0,135,1.530725300015547,5.012833168805528,24.0,0.0,7.503703703703704,8,126.625,5.072906017303467,5.312481880187988,6.472526365541853e-06,1.530725300015547,0.25239900001361093,3.406690100016931,cpu,cuda:0,0.0,166.3359375,57.0,,,,
427,1,DDT500_num50.txt,fixed,1045,-4.08,-0.4304330311290087,0.24500000476837158,0.04974937438964844,0.1599999964237213,0.3199999928474426,0.01045373206337293,0.015492697556813559,0.0035002457443624735,0.6789090732733408,0.012612420095441243,0.042610966910918556,0.0003,302,98,86.96414124330822,12.016447067260742,5.392167806625366,6.624263048171997,0,0.0,146,1.5628211999919586,4.690909092278002,24.0,0.0,7.157534246575342,8,130.625,9.218696594238281,5.3581719398498535,8.289975085062906e-06,1.5628211999919586,0.23650640003143053,3.4380610000080196,cpu,cuda:0,0.0,360.548828125,58.0,,,,
428,1,DDT500_num50.txt,fixed,989,-4.12,-0.4464708651055071,0.24250000715255737,0.025372225791215897,0.20000000298023224,0.2800000011920929,-0.039375029504299164,-0.03418344259262085,0.0045093455507109565,0.7446252902348837,0.00920864474028349,0.036550837103277445,0.0003,303,97,89.64349656186269,11.032590627670288,5.125571250915527,5.9070045948028564,0,0.0,138,1.472274199988533,5.031344789344934,36.0,0.0,7.166666666666667,8,123.625,8.845019340515137,5.088238716125488,9.229293937096372e-06,1.472274199988533,0.23811080001541995,3.2595314000082,cpu,cuda:0,0.0,378.46630859375,58.0,,,,
429,1,DDT500_num50.txt,fixed,1016,-4.12,-0.3916317320198675,0.24249999225139618,0.021065372973680496,0.20000000298023224,0.2800000011920929,-0.08462270116433501,-0.0784656684845686,0.00268118352687452,0.7497624829411507,0.019316981080919504,0.05702489987015724,0.0003,303,97,69.13177065569438,14.696571350097656,5.251370429992676,9.445184707641602,0,0.0,136,1.5052212999962649,5.00393700693536,48.0,0.0,7.470588235294118,8,127.0,7.035623550415039,5.21585750579834,7.278603334270883e-06,1.5052212999962649,0.23601470002358838,3.3541947999801778,cpu,cuda:0,0.0,432.03564453125,58.0,,,,
430,1,DDT500_num50.txt,fixed,1015,-4.32,-0.3960777372395116,0.23000000417232513,0.019999995827674866,0.20000000298023224,0.25999999046325684,-0.09550088395675023,-0.08928679674863815,0.0030601012016025684,0.7744139134883881,0.012102545549472174,0.05315816107516488,0.0003,308,92,55.304422941939286,18.352962493896484,5.317887306213379,13.035059213638306,0,0.0,133,1.4995084000074712,4.995073887397503,32.0,0.0,7.631578947368421,8,126.875,4.2260355949401855,5.283588886260986,5.1632900976983365e-06,1.4995084000074712,0.24433209998096572,3.4189545999488473,cpu,cuda:0,0.0,412.11328125,58.0,,,,
431,1,DDT500_num50.txt,fixed,1003,-4.32,-0.35953630401300846,0.23000000417232513,0.024494891986250877,0.18000000715255737,0.25999999046325684,0.037123225836290255,0.043112419131729335,0.0030138754648052985,0.7496125433180068,0.011692926494611634,0.05360153110490905,0.0003,308,92,68.24738220776499,14.696534395217896,5.236499786376953,9.460020303726196,0,0.0,131,1.4858243000126095,5.0079760705961185,28.0,0.0,7.656488549618321,8,125.375,5.146296977996826,5.211337089538574,5.6721578403085005e-06,1.4858243000126095,0.23893669999779377,3.3661909000056767,cpu,cuda:0,0.0,433.185546875,58.0,,,,
432,1,DDT500_num50.txt,fixed,1032,-4.08,-0.30964920640813853,0.24500000476837158,0.013228753581643105,0.2199999988079071,0.25999999046325684,-0.05348022282123566,-0.04761476229344096,0.0023828752455301583,0.7056903839111328,0.015477970009669662,0.0743808424366372,0.0003,302,98,84.80152395517887,12.16959261894226,5.386926174163818,6.782639026641846,0,0.0,141,1.5443963000016083,5.031007751706959,28.0,0.0,7.319148936170213,8,129.0,5.787918567657471,5.363658428192139,5.325867732608458e-06,1.5443963000016083,0.2498801000365347,3.444724299988593,cpu,cuda:0,0.0,386.83447265625,58.0,,,,
433,1,DDT500_num50.txt,fixed,1040,-3.92,-0.3287644051705989,0.2549999952316284,0.031224995851516724,0.2199999988079071,0.30000001192092896,-0.05098094573865334,-0.0451463075975577,0.002551601287753632,0.7110439638296763,0.02154080969436715,0.10161420765022437,0.0003,298,102,91.03459237416409,11.42422866821289,5.299084186553955,6.125125885009766,0,0.0,140,1.5252106000025378,5.158653842944365,36.0,0.0,7.428571428571429,8,130.0,5.979130268096924,5.263189315795898,9.35014304559445e-06,1.5252106000025378,0.23722889999407926,3.380333699982657,cpu,cuda:0,0.0,429.60693359375,58.0,,,,
434,1,DDT500_num50.txt,fixed,1060,-3.84,-0.33131861481582187,0.25999999046325684,0.014142137952148914,0.23999999463558197,0.2800000011920929,-0.025424146226474216,-0.01933016095842634,0.0017465468762176378,0.6967254791940961,0.01598994487098285,0.07333191909960338,0.0003,296,104,83.53130207129327,12.68985366821289,5.51213526725769,7.177704572677612,0,0.0,137,1.55875560000095,4.8849056599275125,25.0,0.0,7.737226277372263,8,132.5,2.2360680103302,5.487020969390869,5.583781330642523e-06,1.55875560000095,0.25353359999462555,3.5473545000240847,cpu,cuda:0,0.0,444.37890625,58.0,,,,
435,1,DDT500_num50.txt,fixed,1003,-4.04,-0.3432001523000562,0.24750001728534698,0.028173569589853287,0.20000000298023224,0.2800000011920929,-0.05264111696742475,-0.04662796170450747,0.001687189715448767,0.6856749594211579,0.01552225104533136,0.06587084457278251,0.0003,301,99,66.17568523248393,15.15662431716919,5.084383726119995,10.072225093841553,0,0.0,133,1.472595299994282,5.220338980436088,36.0,0.0,7.541353383458647,8,125.375,7.296189308166504,5.058476448059082,8.272815648524556e-06,1.472595299994282,0.2331943000026513,3.2368486000050325,cpu,cuda:0,0.0,415.9931640625,58.0,,,,
436,1,DDT500_num50.txt,fixed,1023,-4.12,-0.3329819650754672,0.24250000715255737,0.03230711817741394,0.18000000715255737,0.30000001192092896,0.01279330054918925,0.01891072764992714,0.0018103464467761417,0.7022598187128702,0.012183611917619904,0.07030061086018881,0.0003,303,97,49.71441712340849,20.577531814575195,5.352246522903442,15.2252676486969,0,0.0,134,1.504464099994948,5.065493646138807,52.0,0.0,7.634328358208955,8,127.875,3.72281813621521,5.328578948974609,5.739404059568187e-06,1.504464099994948,0.24386870000125782,3.459066500021436,cpu,cuda:0,0.0,432.03564453125,58.0,,,,
437,1,DDT500_num50.txt,fixed,1041,-4.2,-0.3499607332790432,0.23749999701976776,0.027271773666143417,0.18000000715255737,0.25999999046325684,-0.017750253280003864,-0.011652943988641104,0.0016855465817368692,0.6940082576539781,0.01072717033740547,0.0737412018287513,0.0003,305,95,70.23206857223559,14.822288751602173,5.374299764633179,9.447972536087036,0,0.0,136,1.5371968999916135,4.988472622020329,36.0,0.0,7.654411764705882,8,130.125,3.854785919189453,5.338831424713135,1.2485715160437394e-05,1.5371968999916135,0.24312759997519606,3.435668700003589,cpu,cuda:0,0.0,370.7255859375,58.0,,,,
438,1,DDT500_num50.txt,fixed,1023,-4.0,-0.3345573923637169,0.25,0.03162277489900589,0.2199999988079071,0.3199999928474426,-0.042548476019874215,-0.03626772585945825,0.0018895125792672237,0.7225507100423177,0.012568890334417422,0.08216051558653513,0.0003,300,100,49.31083731530887,20.745946645736694,5.335489273071289,15.410441398620605,0,0.0,137,1.511510799984535,4.9824046925482275,30.0,0.0,7.467153284671533,8,127.875,5.395310401916504,5.299340724945068,5.958079782431014e-06,1.511510799984535,0.2426316000000952,3.4237655000179075,cpu,cuda:0,0.0,417.93115234375,58.0,,,,
439,1,DDT500_num50.txt,fixed,1048,-3.72,-0.33960392573155207,0.26749998331069946,0.024366989731788635,0.2199999988079071,0.30000001192092896,0.04436908825300634,0.05072915321215987,0.001962093898328021,0.7341109365224838,0.011592357564950362,0.050088479882106185,0.0003,293,107,79.93053445544675,13.111384868621826,5.314967393875122,7.796397686004639,0,0.0,136,1.5319403000012244,5.050572521813953,30.0,0.0,7.705882352941177,8,131.0,3.9370038509368896,5.289380073547363,7.154543709475547e-06,1.5319403000012244,0.2417271999638615,3.394172200005414,cpu,cuda:0,0.0,425.0146484375,58.0,,,,
440,1,DDT500_num50.txt,fixed,1035,-4.0,-0.3513106097846331,0.25,0.022360680624842644,0.2199999988079071,0.2800000011920929,-0.010753896087408066,-0.004512389190495014,0.00249487224209588,0.7488941848278046,0.015438783128047362,0.07489362638443708,0.0003,300,100,73.88533636428947,14.008192300796509,5.3498711585998535,8.658305168151855,0,0.0,134,1.5344248999954289,5.208695653095337,30.0,0.0,7.723880597014926,8,129.375,3.935019016265869,5.313867568969727,6.457139079429908e-06,1.5344248999954289,0.240587799999048,3.4164820999612857,cpu,cuda:0,0.0,427.2978515625,59.0,,,,
441,1,DDT500_num50.txt,fixed,1031,-3.96,-0.3575415268376084,0.2524999976158142,0.03596873953938484,0.18000000715255737,0.30000001192092896,-0.053066828986629844,-0.04764493298716843,0.002302991721080616,0.6573386043310165,0.014499120530672371,0.06140553415752947,0.0003,299,101,74.92350245080408,13.760702133178711,5.400366544723511,8.360320329666138,0,0.0,137,1.5262602000075276,5.0785645032599644,24.0,0.0,7.525547445255475,8,128.875,7.183966636657715,5.366205215454102,5.664636773872189e-06,1.5262602000075276,0.24858259999928123,3.4664704000588245,cpu,cuda:0,0.0,368.48095703125,58.0,,,,
442,1,DDT500_num50.txt,fixed,1067,-3.68,-0.3512392595690084,0.27000001072883606,0.03162277862429619,0.2199999988079071,0.3199999928474426,-0.06405838380257288,-0.058950950081149735,0.002505121830229958,0.6359995762507121,0.008442069465915362,0.06269640903919935,0.0003,292,108,50.02523178122313,21.32923650741577,5.506424427032471,15.822795867919922,0,0.0,145,1.5623196000051394,4.962511712407664,52.0,0.0,7.358620689655172,8,133.375,6.460214614868164,5.369612216949463,6.012687663314864e-06,1.5623196000051394,0.24185049998777686,3.4424775000243244,cpu,cuda:0,0.0,401.64306640625,58.0,,,,
443,1,DDT500_num50.txt,fixed,1089,-3.68,-0.3542485341162637,0.26999998092651367,0.030000003054738045,0.23999999463558197,0.3400000035762787,-0.07965912939980627,-0.07433851542882622,0.0025660359999164937,0.6603636682033539,0.014451978786382824,0.07445335406810046,0.0003,292,108,66.97009458439638,16.26098942756653,5.55224084854126,10.708733797073364,0,0.0,142,1.6136242999928072,4.9265381087941575,33.0,0.0,7.669014084507042,8,136.125,4.371427059173584,5.5247650146484375,5.426314601209015e-06,1.6136242999928072,0.2507460000397259,3.5333920000230137,cpu,cuda:0,0.0,453.9091796875,58.0,,,,
444,1,DDT500_num50.txt,fixed,1089,-3.7600000000000002,-0.38616155430337923,0.26499998569488525,0.019364923238754272,0.23999999463558197,0.30000001192092896,-0.052746865484449595,-0.04683301680617862,0.0021479999155013096,0.698784781826867,0.021209884745379288,0.08795855111545986,0.0003,294,106,69.27863995852744,15.719130754470825,5.52577805519104,10.193337202072144,0,0.0,139,1.5713274999980058,4.80440771393649,35.0,0.0,7.83453237410072,8,136.125,1.763342022895813,5.4887213706970215,5.309833795763552e-06,1.5713274999980058,0.24879030001648061,3.543746699966505,cpu,cuda:0,0.0,446.755859375,58.0,,,,
445,1,DDT500_num50.txt,fixed,1057,-4.0,-0.3836846947844308,0.25,0.020000001415610313,0.2199999988079071,0.2800000011920929,-0.05282400781288743,-0.04775768565014005,0.002834284052369185,0.6483467221260071,0.012751696136547253,0.04720778274349868,0.0003,300,100,79.79535202776245,13.24638557434082,5.356537342071533,7.889834880828857,0,0.0,136,1.5193052999838983,5.017029329189853,52.0,0.0,7.772058823529412,8,132.125,3.4798526763916016,5.331456184387207,6.930561994522577e-06,1.5193052999838983,0.24665429999549815,3.4424390000240237,cpu,cuda:0,0.0,429.60693359375,58.0,,,,
446,1,DDT500_num50.txt,fixed,1058,-3.88,-0.31943841405771656,0.2574999928474426,0.023318450897932053,0.2199999988079071,0.30000001192092896,-0.0037665183345476786,0.00194275031487147,0.002165673129881422,0.6792105038960775,0.007520179978261391,0.05026986350615819,0.0003,297,103,49.761924758190496,21.26123547554016,5.372720718383789,15.888497591018677,0,0.0,142,1.5525871999980154,4.8676748568709725,30.0,0.0,7.450704225352113,8,132.25,6.37867546081543,5.347259044647217,7.989690857357346e-06,1.5525871999980154,0.24260250002407702,3.4301216999683675,cpu,cuda:0,0.0,405.90283203125,58.0,,,,
447,1,DDT500_num50.txt,fixed,1077,-3.84,-0.3130214084606932,0.25999999046325684,0.014142137952148914,0.23999999463558197,0.2800000011920929,-0.05046481868395439,-0.0444901786171473,0.0017082539673608083,0.6828765869140625,0.014183413595534287,0.058448202621478304,0.0003,296,104,56.273591232867865,19.1386399269104,5.424275875091553,13.714347839355469,0,0.0,143,1.5661678000142274,4.8523676840375725,30.0,0.0,7.531468531468532,8,134.625,5.851015090942383,5.388452053070068,7.742181878711563e-06,1.5661678000142274,0.23695250001219392,3.4625966000276094,cpu,cuda:0,0.0,479.3984375,58.0,,,,
448,1,DDT500_num50.txt,fixed,1065,-3.96,-0.31250521304659123,0.2524999976158142,0.029895653948187828,0.20000000298023224,0.30000001192092896,-0.0728621798257033,-0.0666243257621924,0.0018669220308462778,0.717131761709849,0.007698927447199822,0.03453393044571082,0.0003,299,101,50.18235055952971,21.22260093688965,5.487697601318359,15.734889030456543,0,0.0,142,1.583918000005724,4.759624413817142,28.0,0.0,7.5,8,133.125,7.833222389221191,5.451594829559326,8.4814710135106e-06,1.583918000005724,0.24357560003227263,3.4991019999688433,cpu,cuda:0,0.0,423.0947265625,58.0,,,,
449,1,DDT500_num50.txt,fixed,1018,-4.28,-0.3477014062234891,0.23250001668930054,0.02436698041856289,0.18000000715255737,0.25999999046325684,-0.040084779262542725,-0.03403399015466372,0.002816336927935481,0.7458958923816681,0.010432545115084698,0.0371340224519372,0.0003,307,93,91.36538699962018,11.142075061798096,5.240955829620361,5.901105880737305,0,0.0,136,1.5069144000062806,5.044204322200393,30.0,0.0,7.485294117647059,8,127.25,6.887488842010498,5.214866638183594,7.313662536034826e-06,1.5069144000062806,0.2387812999986636,3.3497851000192895,cpu,cuda:0,0.0,438.1767578125,58.0,,,,
450,1,DDT500_num50.txt,fixed,1027,-3.92,-0.32049676249878095,0.2549999952316284,0.019364917650818825,0.2199999988079071,0.2800000011920929,-0.1109519386664033,-0.10554443237682183,0.0021265705775779984,0.6470790008703867,0.019545224805672962,0.0622175627698501,0.0003,298,102,85.84183278138127,11.963863849639893,5.341509819030762,6.622333765029907,0,0.0,136,1.600974999997561,4.925998052580331,30.0,0.0,7.551470588235294,8,128.375,3.9031238555908203,5.305825710296631,7.170416665758239e-06,1.600974999997561,0.2330947999998898,3.353837900001963,cpu,cuda:0,0.0,418.837890625,58.0,,,,
451,1,DDT500_num50.txt,fixed,1041,-4.04,-0.2875854655446751,0.2475000023841858,0.013919412158429623,0.23999999463558197,0.2800000011920929,-0.07483656245928544,-0.0696346450310487,0.003144698477206895,0.6774263634131505,0.012230259984230192,0.06945108163815278,0.0003,301,99,52.993746554815765,19.643827199935913,5.513674020767212,14.13013505935669,0,0.0,141,1.5765956999875925,5.025936595759177,32.0,0.0,7.382978723404255,8,130.125,8.022429466247559,5.487987041473389,9.230833711626474e-06,1.5765956999875925,0.25039630001083424,3.5350390000057814,cpu,cuda:0,0.0,446.75537109375,58.0,,,,
452,1,DDT500_num50.txt,fixed,1065,-3.8000000000000003,-0.2944901884968994,0.26249998807907104,0.021065380424261093,0.23999999463558197,0.30000001192092896,-0.1231526792049408,-0.11831239461898804,0.0029106557834893466,0.629561448097229,0.017000063322484493,0.07561600804328919,0.0003,295,105,96.58385723159057,11.026687383651733,5.5044426918029785,5.522233486175537,0,0.0,144,1.586415500003568,4.964319246587619,32.0,0.0,7.395833333333333,8,133.125,5.775757312774658,5.477851390838623,7.73116153141018e-06,1.586415500003568,0.24881490004736406,3.5165638999933435,cpu,cuda:0,0.0,513.236328125,58.0,,,,
453,1,DDT500_num50.txt,fixed,1047,-3.8000000000000003,-0.2859320950507177,0.26249998807907104,0.027271786704659462,0.2199999988079071,0.30000001192092896,-0.04571886832515399,-0.04016510546207428,0.0019569591463853915,0.6532246549924214,0.009659382421523333,0.07055433616042137,0.0003,295,105,49.035504453524624,21.35187578201294,5.515928030014038,15.835930824279785,0,0.0,140,1.5757575999959954,4.995224453089003,30.0,0.0,7.478571428571429,8,130.875,5.395310401916504,5.479747295379639,8.24528524390189e-06,1.5757575999959954,0.24798289998216205,3.5308416999741894,cpu,cuda:0,0.0,425.0146484375,58.0,,,,
454,1,DDT500_num50.txt,fixed,1058,-3.92,-0.29923258553712057,0.2549999952316284,0.02397916093468666,0.2199999988079071,0.30000001192092896,-0.04832031279802322,-0.04271234124898911,0.0026457477593794464,0.6930848717689514,0.013292516465298831,0.05144581198692322,0.0003,298,102,66.03507034258917,16.02178955078125,5.529664993286133,10.492109298706055,0,0.0,144,1.5871396000038658,4.998109642183849,32.0,0.0,7.347222222222222,8,132.25,5.86834716796875,5.505370140075684,6.615847269131336e-06,1.5871396000038658,0.2556732999983069,3.5348557000143046,cpu,cuda:0,0.0,400.42578125,58.0,,,,
455,1,DDT500_num50.txt,fixed,1039,-4.12,-0.2966229697791124,0.24250000715255737,0.01561249140650034,0.2199999988079071,0.25999999046325684,-0.09918516005078952,-0.09304815789477693,0.0014852455222151345,0.6879622538884481,0.010362235027261905,0.07221896884342034,0.0003,303,97,69.35321355665143,14.981281280517578,5.2740395069122314,9.7072274684906,0,0.0,140,1.53015779999987,5.08662175237272,24.0,0.0,7.421428571428572,8,129.875,6.66028356552124,5.248518943786621,7.518695383623708e-06,1.53015779999987,0.23975850006536348,3.3578926999925898,cpu,cuda:0,0.0,435.6767578125,58.0,,,,
456,1,DDT500_num50.txt,fixed,1083,-3.84,-0.2857906068611596,0.25999999046325684,0.020000001415610313,0.2199999988079071,0.2800000011920929,-0.03839918179437518,-0.03299260092899203,0.0017098535754485056,0.6261506378650665,0.017619531223317608,0.08379141241312027,0.0003,296,104,74.03418972643166,14.628376483917236,5.749982833862305,8.87837839126587,0,0.0,146,1.6155677000042488,4.7857802394134294,28.0,0.0,7.417808219178082,8,135.375,6.081478118896484,5.723851203918457,6.75191995469504e-06,1.6155677000042488,0.25172140001632215,3.72803990002285,cpu,cuda:0,0.0,456.17041015625,58.0,,,,
457,1,DDT500_num50.txt,fixed,1030,-3.92,-0.30936724180112746,0.2549999952316284,0.03278719261288643,0.20000000298023224,0.3199999928474426,-0.03505791863426566,-0.02919798515116175,0.0021008828577275076,0.6910374959309896,0.014271537327052405,0.11018788705890377,0.0003,298,102,57.276472824085786,17.982950925827026,5.444284677505493,12.538649797439575,0,0.0,140,1.5480042999970465,5.123300970642312,28.0,0.0,7.357142857142857,8,128.75,8.166241645812988,5.408578872680664,6.758230938430643e-06,1.5480042999970465,0.2475020000110817,3.487776199979635,cpu,cuda:0,0.0,379.47021484375,58.0,,,,
458,1,DDT500_num50.txt,fixed,1046,-3.84,-0.3299662292952252,0.25999999046325684,0.024494901299476624,0.2199999988079071,0.30000001192092896,-0.08722773513623647,-0.08088956320924419,0.0017221208046456532,0.7199230406965528,0.01916682331024536,0.09479779776717935,0.0003,296,104,53.73629367112993,19.465428829193115,5.210503816604614,14.25490951538086,0,0.0,140,1.5211749999944004,5.198852771098937,35.0,0.0,7.4714285714285715,8,130.75,5.825590133666992,5.182723045349121,7.64056221669307e-06,1.5211749999944004,0.23599490000742662,3.306349300002694,cpu,cuda:0,0.0,390.82666015625,58.0,,,,
459,1,DDT500_num50.txt,fixed,1045,-3.96,-0.34626889847784564,0.2524999976158142,0.02989565022289753,0.2199999988079071,0.3199999928474426,-0.02341336425807741,-0.016858377390437655,0.0019283779482874605,0.7519176801045736,0.03083296585828066,0.08610212057828903,0.0003,299,101,67.03457660294822,15.588969945907593,5.593311071395874,9.995644092559814,0,0.0,138,1.6857386999909068,5.187559804277557,28.0,0.0,7.572463768115942,8,130.625,5.242554187774658,5.56713342666626,6.450533419410931e-06,1.6857386999909068,0.24892070000169042,3.5068457999568636,cpu,cuda:0,0.0,393.8623046875,58.0,,,,
460,1,DDT500_num50.txt,fixed,1077,-3.72,-0.3583336090323202,0.26749998331069946,0.029895653948187828,0.2199999988079071,0.3199999928474426,-0.02747227530926466,-0.021258197103937466,0.0017612034765382607,0.7094684342543284,0.017543057144697134,0.06815777874241273,0.0003,293,107,58.52388007136566,18.40274429321289,5.660250902175903,12.742478609085083,0,0.0,143,1.6135915000031673,4.792014854974844,30.0,0.0,7.531468531468532,8,134.625,6.650892734527588,5.633950710296631,5.8424716371519025e-06,1.6135915000031673,0.2544905000140716,3.638124900002367,cpu,cuda:0,0.0,389.845703125,58.0,,,,
461,1,DDT500_num50.txt,fixed,1033,-4.16,-0.35372953887688646,0.24000000953674316,0.017320504412055016,0.2199999988079071,0.25999999046325684,-0.02921254774555564,-0.023022047244012356,0.0019435741240158677,0.7162287533283234,0.012491365219466389,0.0821744317188859,0.0003,304,96,66.04163325246044,15.641648292541504,5.33289909362793,10.308733940124512,0,0.0,144,1.538087800010544,4.8654404632812085,32.0,0.0,7.173611111111111,8,129.125,7.688261985778809,5.297022342681885,9.022181984619237e-06,1.538087800010544,0.24143779997211823,3.395646200002375,cpu,cuda:0,0.0,425.0146484375,58.0,,,,
462,1,DDT500_num50.txt,fixed,986,-4.44,-0.3652374777273531,0.2225000113248825,0.023318443447351456,0.20000000298023224,0.25999999046325684,-0.029393285512924194,-0.02279728651046753,0.0014361783396452665,0.7314085364341736,0.013122652114058534,0.058058384185036026,0.0003,311,89,117.58043510277098,8.385748863220215,5.229607820510864,3.1561245918273926,0,0.0,134,1.569080399993254,5.247464500866362,30.0,0.0,7.358208955223881,8,123.25,6.057020664215088,5.194200038909912,5.934180535405176e-06,1.569080399993254,0.24138359999597014,3.2645566999708535,cpu,cuda:0,0.0,414.05712890625,58.0,,,,
463,1,DDT500_num50.txt,fixed,1042,-3.7600000000000002,-0.34743720378869875,0.26499998569488525,0.023979157209396362,0.23999999463558197,0.3199999928474426,-0.055781979400378004,-0.049065615695256456,0.0015858961179709206,0.7509307723778945,0.016390886551772173,0.07849655142770363,0.0003,294,106,56.123810290514875,18.566095113754272,5.353925943374634,13.212156295776367,0,0.0,140,1.5373052999966603,5.04510556461715,54.0,0.0,7.442857142857143,8,130.25,7.395099639892578,5.329899787902832,7.152557373046875e-06,1.5373052999966603,0.2519064999814873,3.4153050999702828,cpu,cuda:0,0.0,383.73779296875,58.0,,,,
464,1,DDT500_num50.txt,fixed,1053,-3.88,-0.33288905153706544,0.2574999928474426,0.044087983667850494,0.1599999964237213,0.30000001192092896,-0.046450163636888774,-0.040396315178700855,0.0021265077936862197,0.7117103849138532,0.011573707485305411,0.07670279911586217,0.0003,297,103,84.2002019271096,12.505908250808716,5.351808071136475,7.154087066650391,0,0.0,140,1.537887699994826,5.033238371552905,32.0,0.0,7.521428571428571,8,131.625,7.728801727294922,5.316460609436035,7.480798558390234e-06,1.537887699994826,0.24132240003928018,3.4155241000207752,cpu,cuda:0,0.0,398.13818359375,58.0,,,,
465,1,DDT500_num50.txt,fixed,1054,-3.88,-0.3298871941169126,0.2574999928474426,0.021065376698970795,0.2199999988079071,0.30000001192092896,-0.05879177869512485,-0.05293400069841972,0.0018047009048481972,0.6760129928588867,0.011307091667101933,0.06685025502855961,0.0003,297,103,58.29454937873293,18.0805926322937,5.342309951782227,12.738266706466675,0,0.0,141,1.5562557999910496,4.90607210626186,32.0,0.0,7.475177304964539,8,131.75,5.471517086029053,5.307255744934082,7.57330917622312e-06,1.5562557999910496,0.23988130003635888,3.3843030000352883,cpu,cuda:0,0.0,400.42578125,58.0,,,,
466,1,DDT500_num50.txt,fixed,1044,-4.0,-0.3246631554702047,0.2499999850988388,0.022360680624842644,0.2199999988079071,0.2800000011920929,-0.017882954080899557,-0.011694168051083883,0.0014569664839655162,0.6917267918586731,0.005698149767704308,0.04625044030447801,0.0003,300,100,49.938612179911885,20.905667066574097,5.458266019821167,15.447384357452393,0,0.0,137,1.5501103000133298,4.805555555327185,27.0,0.0,7.62043795620438,8,130.5,6.144103050231934,5.422367095947266,7.116704637155635e-06,1.5501103000133298,0.24868620001871022,3.4996176000058767,cpu,cuda:0,0.0,392.7919921875,58.0,,,,
467,1,DDT500_num50.txt,fixed,1015,-4.0,-0.3247258317076951,0.25,0.024494899436831474,0.2199999988079071,0.30000001192092896,-0.036203380674123764,-0.029807675762900283,0.0017683552328630217,0.7279887454850333,0.009486479418618339,0.05978285148739815,0.0003,300,100,53.60910141869197,18.93335223197937,5.173146963119507,13.760191202163696,0,0.0,133,1.4884099999926548,5.012807878719762,24.0,0.0,7.631578947368421,8,126.875,4.106017112731934,5.147381782531738,6.930561994522577e-06,1.4884099999926548,0.24189919994751108,3.29705639999338,cpu,cuda:0,0.0,389.84375,58.0,,,,
468,1,DDT500_num50.txt,fixed,1018,-4.04,-0.325560390673883,0.2475000023841858,0.013919408433139324,0.2199999988079071,0.25999999046325684,-0.1016636360436678,-0.0955017883873855,0.0014625172480009496,0.6893109182516733,0.01548054387482504,0.06701080252726872,0.0003,301,99,85.94122510263057,11.845304727554321,5.369887113571167,6.4754016399383545,0,0.0,136,1.5011116999994556,5.009823183179604,21.0,0.0,7.485294117647059,8,127.25,5.952940464019775,5.333252906799316,8.451257599517703e-06,1.5011116999994556,0.24203940000734292,3.468871200004287,cpu,cuda:0,0.0,392.7900390625,58.0,,,,
469,1,DDT500_num50.txt,fixed,1041,-3.8000000000000003,-0.3209861846579281,0.26249998807907104,0.021065376698970795,0.2199999988079071,0.2800000011920929,-0.023800227791070938,-0.017238080268725753,0.0014470805326709524,0.72856854647398,0.01288131091860123,0.05368148465640843,0.0003,295,105,74.81867728635382,13.9136381149292,5.385260820388794,8.528362035751343,0,0.0,142,1.542053000002852,4.904899134072515,24.0,0.0,7.330985915492958,8,130.125,6.697714328765869,5.358333587646484,7.301994628505781e-06,1.542053000002852,0.24762200002078316,3.4455669000162743,cpu,cuda:0,0.0,371.9638671875,58.0,,,,
470,1,DDT500_num50.txt,fixed,1048,-4.04,-0.33663703233618375,0.2475000023841858,0.022220490500330925,0.2199999988079071,0.30000001192092896,-0.03285979905298778,-0.02698445745876857,0.0014859003505469964,0.6618298036711556,0.011132218467537314,0.059750988480768034,0.0003,301,99,51.87209805150799,20.203539848327637,5.471170902252197,14.732356071472168,0,0.0,142,1.5805118000007496,4.812022896895882,24.0,0.0,7.380281690140845,8,131.0,7.889866828918457,5.447032451629639,8.963714208221063e-06,1.5805118000007496,0.24563980000311858,3.496915599993372,cpu,cuda:0,0.0,449.26416015625,58.0,,,,
471,1,DDT500_num50.txt,fixed,1032,-4.16,-0.34599230546106563,0.24000000953674316,0.019999999552965164,0.2199999988079071,0.2800000011920929,-0.045398995466530326,-0.03928206699589888,0.0016118541243486106,0.6922856251398722,0.010951055206047992,0.0700289315233628,0.0003,304,96,50.01428352700228,20.634105443954468,5.495438814163208,15.138650894165039,0,0.0,133,1.531111799999053,4.763565889855688,21.0,0.0,7.7593984962406015,8,129.0,2.8284270763397217,5.460288047790527,5.06604419570067e-06,1.531111799999053,0.2427688999887323,3.563133299983747,cpu,cuda:0,0.0,427.2978515625,58.0,,,,
472,1,DDT500_num50.txt,fixed,1072,-4.04,-0.3259873248216933,0.2474999874830246,0.01984313316643238,0.2199999988079071,0.2800000011920929,-0.051105423768361406,-0.04526628255844116,0.0013739284554806848,0.6526105205217997,0.01065572672523558,0.06046044665078322,0.0003,301,99,49.81644005693505,21.51900053024292,5.591380596160889,15.92760419845581,0,0.0,141,1.591049299995575,4.771455224325408,35.0,0.0,7.602836879432624,8,134.0,3.9370038509368896,5.556456565856934,6.175915586936753e-06,1.591049299995575,0.24653209995994985,3.593717099984133,cpu,cuda:0,0.0,384.73828125,58.0,,,,
473,1,DDT500_num50.txt,fixed,1035,-4.24,-0.34430516731837457,0.23500001430511475,0.027838824316859245,0.20000000298023224,0.30000001192092896,-0.038273604462544124,-0.03227312366167704,0.0020099996123462915,0.7005478660265605,0.006276436848565936,0.04114737485845884,0.0003,306,94,50.057540453381925,20.6762056350708,5.303565979003906,15.372622966766357,0,0.0,140,1.5176848000028258,4.9700483096394565,32.0,0.0,7.392857142857143,8,129.375,6.303520679473877,5.267242431640625,8.375248398806434e-06,1.5176848000028258,0.24273040001753543,3.384772199955478,cpu,cuda:0,0.0,420.9091796875,58.0,,,,
474,1,DDT500_num50.txt,fixed,1051,-4.12,-0.34289726351009714,0.24250000715255737,0.021065372973680496,0.2199999988079071,0.2800000011920929,-0.11306018116218704,-0.10751317507986512,0.001703182002529502,0.6398596721036094,0.017746277718937824,0.03576163109391928,0.0003,303,97,85.41287372014048,12.304936647415161,5.246498346328735,7.058420181274414,0,0.0,140,1.5303537000127108,4.82492863802996,33.0,0.0,7.507142857142857,8,131.375,5.935854911804199,5.222039699554443,7.36786705601844e-06,1.5303537000127108,0.23417359998711618,3.3379299000407627,cpu,cuda:0,0.0,448.06787109375,58.0,,,,
475,1,DDT500_num50.txt,fixed,1041,-3.84,-0.35005818885041445,0.25999999046325684,0.026457518339157104,0.2199999988079071,0.30000001192092896,-0.20408889651298523,-0.19830786383577756,0.002125487496544208,0.6843775085040501,0.014156338891812734,0.053870504056768756,0.0003,296,104,89.65528843292962,11.611138820648193,5.2251880168914795,6.385936737060547,0,0.0,141,1.5176124999943568,4.938520654134173,32.0,0.0,7.382978723404255,8,130.125,6.173279285430908,5.200631618499756,8.47476621856913e-06,1.5176124999943568,0.23129070000140928,3.3334871999686584,cpu,cuda:0,0.0,419.87060546875,58.0,,,,
476,1,DDT500_num50.txt,fixed,1033,-4.24,-0.33213960467666226,0.23500001430511475,0.016583120450377464,0.2199999988079071,0.25999999046325684,-0.007217590564063617,-0.0013205638554479396,0.0015266000991687179,0.6660327996526446,0.015410967370761293,0.06171878693359239,0.0003,306,94,82.02673481964361,12.593455076217651,5.453123092651367,7.140315771102905,0,0.0,137,1.5380413999810116,5.031945787117765,32.0,0.0,7.54014598540146,8,129.125,5.754074573516846,5.416343688964844,8.053467354329769e-06,1.5380413999810116,0.24723610002365604,3.5070571999876847,cpu,cuda:0,0.0,446.75537109375,57.0,,,,
477,1,DDT500_num50.txt,fixed,1065,-3.7600000000000002,-0.30540721209397487,0.26499998569488525,0.013228763826191425,0.25999999046325684,0.30000001192092896,0.006065196756805692,0.011841517740062304,0.0013975643586101277,0.6475102007389069,0.013952493875487042,0.08384331482063447,0.0003,294,106,51.249179823131605,20.78082036972046,5.576195955276489,15.204607486724854,0,0.0,139,1.549955599986788,4.861971832552986,27.0,0.0,7.661870503597123,8,133.125,4.428247451782227,5.539473533630371,6.296688297879882e-06,1.549955599986788,0.24652660001447657,3.617387099962798,cpu,cuda:0,0.0,417.93310546875,58.0,,,,
478,1,DDT500_num50.txt,fixed,1067,-4.04,-0.3278064527238067,0.2474999874830246,0.017139136791229248,0.2199999988079071,0.2800000011920929,-0.08479890779902538,-0.07909429977201701,0.0013708811951801182,0.63900505900383,0.007684687431901693,0.0540911798675855,0.0003,301,99,48.980468838796355,21.78419327735901,5.487074136734009,16.29710340499878,0,0.0,141,1.5695665000002919,4.842549202480155,25.0,0.0,7.567375886524823,8,133.375,3.568525552749634,5.457204341888428,6.760333690181142e-06,1.5695665000002919,0.24976390003575943,3.5121661000011954,cpu,cuda:0,0.0,467.05712890625,58.0,,,,
479,1,DDT500_num50.txt,fixed,1045,-3.72,-0.33156298569646037,0.26749998331069946,0.019843140617012978,0.23999999463558197,0.30000001192092896,-0.011518196513255438,-0.006180834708114465,0.0018369944533333181,0.6255859772364298,0.012383014464285224,0.07608544137328863,0.0003,293,107,48.32881673863535,21.62271022796631,5.500345706939697,16.122348070144653,0,0.0,136,1.5468570999910298,4.907177031895761,36.0,0.0,7.6838235294117645,8,130.625,4.270172595977783,5.464170455932617,6.9714506025775336e-06,1.5468570999910298,0.25317229997745017,3.5370976000122027,cpu,cuda:0,0.0,499.01611328125,58.0,,,,
480,1,DDT500_num50.txt,fixed,1083,-3.72,-0.33257323907342357,0.26750001311302185,0.031523801386356354,0.2199999988079071,0.3199999928474426,-0.09728780811031659,-0.09230124602715174,0.001921291269051532,0.5947206616401672,0.010264814800272385,0.06647603797415892,0.0003,293,107,48.72211600205137,22.22809863090515,5.5780205726623535,16.65006422996521,0,0.0,143,1.5873151999949187,4.783933517565247,40.0,0.0,7.573426573426573,8,135.375,3.5333235263824463,5.543455600738525,4.231510047247866e-06,1.5873151999949187,0.24265450001257705,3.588627000028282,cpu,cuda:0,0.0,403.716796875,58.0,,,,
481,1,DDT500_num50.txt,fixed,1062,-3.84,-0.32536864415227335,0.25999999046325684,0.022360684350132942,0.23999999463558197,0.30000001192092896,-0.06295145462666239,-0.057895584830216,0.002263657732068428,0.6187699628727776,0.012608186707698874,0.0630412083119154,0.0003,296,104,49.31538769558643,21.534860610961914,5.571289539337158,15.963546752929688,0,0.0,143,1.584631800002171,4.9133710008107565,32.0,0.0,7.426573426573427,8,132.75,7.693341255187988,5.540807247161865,5.339192284736782e-06,1.584631800002171,0.2545743000373477,3.573548500002289,cpu,cuda:0,0.0,513.236328125,58.0,,,,
482,1,DDT500_num50.txt,fixed,1083,-3.7600000000000002,-0.3051790021742425,0.26499998569488525,0.027838828042149544,0.2199999988079071,0.30000001192092896,-0.010622758728762468,-0.005121958752473195,0.0019068217273646344,0.6454212814569473,0.012169056572020054,0.05110521102324128,0.0003,294,106,56.561286117900785,19.147372245788574,5.654090642929077,13.49326777458191,0,0.0,141,1.6034107999948901,4.867036011080333,28.0,0.0,7.680851063829787,8,135.375,5.242554187774658,5.624001502990723,5.776425041403854e-06,1.6034107999948901,0.2553572999804601,3.636426799936089,cpu,cuda:0,0.0,433.1875,58.0,,,,
483,1,DDT500_num50.txt,fixed,1050,-3.8000000000000003,-0.3019060391943335,0.26249998807907104,0.027271779254078865,0.2199999988079071,0.3199999928474426,-0.008755255490541458,-0.002525296062231064,0.0017815386527217925,0.7120738128821055,0.010638821540245166,0.07006101729348302,0.0003,295,105,89.72566192862637,11.702337741851807,5.354551553726196,6.3477678298950195,0,0.0,135,1.519558899997719,5.140952380952381,52.0,0.0,7.777777777777778,8,131.25,2.817356824874878,5.316614151000977,8.092194548225962e-06,1.519558899997719,0.24448699999265955,3.4298765000075946,cpu,cuda:0,0.0,450.5791015625,58.0,,,,
484,1,DDT500_num50.txt,fixed,1110,-3.64,-0.3059385096988227,0.27250000834465027,0.024366993457078934,0.23999999463558197,0.30000001192092896,-0.010755082326275962,-0.005739987428699221,0.0014280385138200863,0.5729116201400757,0.018786600923963954,0.11297127870576722,0.0003,291,109,80.11089244469079,13.855793714523315,5.708795070648193,8.146984338760376,0,0.0,147,1.6287102000042069,4.627927927068762,24.0,0.0,7.551020408163265,8,138.75,6.199798583984375,5.681982040405273,7.964750693645328e-06,1.6287102000042069,0.2500044999997044,3.6745538999712153,cpu,cuda:0,0.0,370.72607421875,58.0,,,,
485,1,DDT500_num50.txt,fixed,1050,-3.84,-0.3128879349369712,0.25999999046325684,0.022360684350132942,0.23999999463558197,0.30000001192092896,-0.0835129083134234,-0.0783318062312901,0.0014291382904048078,0.5895672142505646,0.00675726990448311,0.05500252638012171,0.0003,296,104,80.08994913164706,13.110259294509888,5.416883230209351,7.693361043930054,0,0.0,140,1.5486360999966564,5.111428570293245,36.0,0.0,7.5,8,131.25,7.292975902557373,5.389430522918701,7.893059773778077e-06,1.5486360999966564,0.2519981000368716,3.4635355999926105,cpu,cuda:0,0.0,416.9033203125,58.0,,,,
486,1,DDT500_num50.txt,fixed,1056,-3.56,-0.30968631405107494,0.2775000035762787,0.03230712562799454,0.23999999463558197,0.3400000035762787,-0.02756620333953337,-0.02244651046666232,0.0015288690655407581,0.5884128104556691,0.013167723420668732,0.04986160468648781,0.0003,289,111,61.73987211138573,17.1040198802948,5.590768575668335,11.51323652267456,0,0.0,145,1.5994191999943723,5.093750001806201,39.0,0.0,7.2827586206896555,8,132.0,7.952986717224121,5.555689334869385,7.342750450334279e-06,1.5994191999943723,0.25616510000327253,3.5721319999993284,cpu,cuda:0,0.0,430.75830078125,58.0,,,,
487,1,DDT500_num50.txt,fixed,1055,-3.84,-0.3203447146126918,0.25999999046325684,0.024494901299476624,0.2199999988079071,0.30000001192092896,0.011714228532380529,0.017237600042588182,0.0020392581613527406,0.6543002989557054,0.010677382556928528,0.04365777369174692,0.0003,296,104,70.98753574971883,14.861763954162598,5.45902681350708,9.402721881866455,0,0.0,135,1.5436889000029623,5.1014217982359975,40.0,0.0,7.814814814814815,8,131.875,2.5708703994750977,5.423644065856934,5.7862571338773705e-06,1.5436889000029623,0.24916619995929068,3.5060899000054633,cpu,cuda:0,0.0,500.06298828125,58.0,,,,
488,1,DDT500_num50.txt,fixed,1035,-3.84,-0.3168792020338378,0.25999999046325684,0.020000005140900612,0.23999999463558197,0.30000001192092896,-0.026893272136266414,-0.02142017076794918,0.001866384382502964,0.640629346554096,0.0073906981941455835,0.0365927886361113,0.0003,296,104,53.20382356772564,19.453489065170288,5.1934051513671875,14.26006531715393,0,0.0,139,1.5019537999978638,5.105314006897562,36.0,0.0,7.446043165467626,8,129.375,6.537153244018555,5.1690168380737305,8.060523214226123e-06,1.5019537999978638,0.23475420002432656,3.3143691000295803,cpu,cuda:0,0.0,444.37890625,58.0,,,,
489,1,DDT500_num50.txt,fixed,1026,-3.96,-0.3431973767408877,0.2524999976158142,0.024366989731788635,0.2199999988079071,0.30000001192092896,-0.10994303698341051,-0.1043247103691101,0.001592236151918769,0.6414447625478109,0.011540460431327422,0.06743567194789649,0.0003,299,101,49.96366299239454,20.534923553466797,5.351977348327637,15.182931900024414,0,0.0,134,1.5208262999949511,5.154970760466295,35.0,0.0,7.656716417910448,8,128.25,5.847007751464844,5.316716194152832,6.8168537836754695e-06,1.5208262999949511,0.24458650000451598,3.429255499944702,cpu,cuda:0,0.0,435.6767578125,58.0,,,,
490,1,DDT500_num50.txt,fixed,1076,-3.7600000000000002,-0.33142031090977386,0.26499998569488525,0.031224993988871574,0.20000000298023224,0.30000001192092896,-0.0027858914186557134,0.0027227431535720827,0.001412244684373339,0.6214757899443308,0.009818772226572037,0.04909982557098071,0.0003,294,106,49.68071538398504,21.658303260803223,5.624019384384155,16.03426742553711,0,0.0,140,1.6745301999962976,4.837360594352382,35.0,0.0,7.685714285714286,8,134.5,3.8078866004943848,5.588901996612549,6.446126008086139e-06,1.6745301999962976,0.24553719999312307,3.543268899922623,cpu,cuda:0,0.0,395.97509765625,58.0,,,,
491,1,DDT500_num50.txt,fixed,1055,-3.68,-0.33707532370680043,0.26999998092651367,0.02236068621277809,0.23999999463558197,0.30000001192092896,-0.04546732041570875,-0.04034727687637011,0.0015327447197503513,0.5886421071158515,0.012152855556147793,0.04928551479760143,0.0003,292,108,72.06421998925272,14.63971996307373,5.4792516231536865,9.160452127456665,0,0.0,135,1.548961499986035,4.994312796660509,40.0,0.0,7.814814814814815,8,131.875,2.315032482147217,5.44547700881958,4.0810687096382026e-06,1.548961499986035,0.2535225000719947,3.5165155999929993,cpu,cuda:0,0.0,380.59765625,58.0,,,,
492,1,DDT500_num50.txt,fixed,1064,-3.72,-0.32719925065474875,0.26749998331069946,0.029895653948187828,0.2199999988079071,0.3199999928474426,-0.05333798480304805,-0.048000934957103294,0.001433940995907919,0.6054018221118234,0.014592303449965337,0.05923294157467105,0.0003,293,107,60.7816645538255,17.505279064178467,5.526636362075806,11.978625059127808,0,0.0,144,1.5971823999952903,4.953007517004371,30.0,0.0,7.388888888888889,8,133.0,6.304759979248047,5.501562118530273,7.824343811080325e-06,1.5971823999952903,0.2518052000013995,3.525603499925637,cpu,cuda:0,0.0,416.9033203125,58.0,,,,
493,1,DDT500_num50.txt,fixed,1032,-3.88,-0.32791020455629005,0.2574999928474426,0.03072051890194416,0.2199999988079071,0.30000001192092896,-0.019629989564418793,-0.014601299166679382,0.001543234009295702,0.580030357837677,0.014362155459821224,0.04504456296563149,0.0003,297,103,96.63953371419039,10.67885947227478,5.570876359939575,5.107966184616089,0,0.0,137,1.5467105000061565,5.034883721854335,28.0,0.0,7.532846715328467,8,129.0,5.431390285491943,5.534465789794922,9.243140993930865e-06,1.5467105000061565,0.25282129993502167,3.609107500014943,cpu,cuda:0,0.0,443.06591796875,58.0,,,,
494,1,DDT500_num50.txt,fixed,1103,-3.56,-0.3233473854356831,0.2775000035762787,0.021065382286906242,0.23999999463558197,0.30000001192092896,-0.09111406033237775,-0.08611984644085169,0.0014214768210270752,0.5704950665434202,0.012662338519779345,0.07379481320579846,0.0003,289,111,58.52268331501304,18.847392797470093,5.656700849533081,13.190674543380737,0,0.0,143,1.6184470000207511,4.917497733886525,25.0,0.0,7.713286713286713,8,137.875,4.807220935821533,5.620556831359863,8.382032319786958e-06,1.6184470000207511,0.25293900000542635,3.6207058999698347,cpu,cuda:0,0.0,432.0380859375,58.0,,,,
495,1,DDT500_num50.txt,fixed,1087,-3.68,-0.32500566395274777,0.26999998092651367,0.01000000536441803,0.25999999046325684,0.2800000011920929,0.024842495719591778,0.030081524203221004,0.0012633564474526793,0.5870704799890518,0.01535380344527463,0.06307781239350636,0.0003,292,108,87.76708224215835,12.385053396224976,5.667482137680054,6.717555284500122,0,0.0,143,1.615277300017624,5.093836243918102,36.0,0.0,7.601398601398602,8,135.875,6.029873371124268,5.631072521209717,8.114991942420602e-06,1.615277300017624,0.2594966000142449,3.626369200002955,cpu,cuda:0,0.0,430.75830078125,58.0,,,,
496,1,DDT500_num50.txt,fixed,1050,-3.68,-0.32288744094583255,0.26999998092651367,0.01732051372528076,0.23999999463558197,0.30000001192092896,-0.038473910093307494,-0.03301150128245354,0.001376694351589928,0.6150755941867828,0.009316508014065524,0.04947433943549792,0.0003,292,108,49.360396177096575,21.272114515304565,5.634782552719116,15.63731861114502,0,0.0,137,1.5570902000017668,5.219047620864141,35.0,0.0,7.664233576642336,8,131.25,3.799670934677124,5.608830451965332,6.2921731114329305e-06,1.5570902000017668,0.2566074999940611,3.6671974000055343,cpu,cuda:0,0.0,427.2978515625,58.0,,,,
497,1,DDT500_num50.txt,fixed,1058,-3.88,-0.3273942307369169,0.2574999928474426,0.025372227653861046,0.20000000298023224,0.2800000011920929,-0.008831579238176346,-0.003405413031578064,0.0015680591226555408,0.6210193067789078,0.008025303052272647,0.04438795130699873,0.0003,297,103,67.06080232162081,15.776727437973022,5.37161922454834,10.405091762542725,0,0.0,137,1.5423885000072914,4.844045365465161,32.0,0.0,7.7226277372262775,8,132.25,4.575751304626465,5.342880725860596,6.226332061487483e-06,1.5423885000072914,0.24578640003164764,3.4320764999847597,cpu,cuda:0,0.0,414.05908203125,58.0,,,,
498,1,DDT500_num50.txt,fixed,1046,-3.88,-0.3277337689493596,0.2574999928474426,0.027271779254078865,0.2199999988079071,0.3199999928474426,-0.06786306841032845,-0.06302290941987719,0.0018902493175119162,0.5785283999783652,0.020267524091260775,0.07790843823126384,0.0003,297,103,82.27021896641563,12.714199781417847,5.398510217666626,7.315672874450684,0,0.0,138,1.5324636999921495,4.767686421966918,30.0,0.0,7.579710144927536,8,130.75,5.494315147399902,5.3634419441223145,6.474721885751933e-06,1.5324636999921495,0.24146570002449153,3.4678263000187144,cpu,cuda:0,0.0,389.845703125,58.0,,,,
499,1,DDT500_num50.txt,fixed,1084,-3.6,-0.32690781388714296,0.2749999761581421,0.02397916093468666,0.23999999463558197,0.3199999928474426,-0.09321646361301343,-0.08906237563739221,0.0020188075529100993,0.5163485159476598,0.011058763523275653,0.04631857015192509,0.0003,290,110,92.1728475472178,11.760513305664062,5.55243182182312,6.208065509796143,0,0.0,141,1.5557450000069366,4.921586716307045,35.0,0.0,7.6879432624113475,8,135.5,3.2015621662139893,5.525475978851318,5.563384092965862e-06,1.5557450000069366,0.23962500002380693,3.6075274999820977,cpu,cuda:0,0.0,414.05908203125,59.0,,,,
500,1,DDT500_num50.txt,fixed,1069,-3.68,-0.3288111468518469,0.26999998092651367,0.01732051372528076,0.23999999463558197,0.30000001192092896,-0.0007582865655422211,0.0037044944862524667,0.001797629384479175,0.5361595153808594,0.011639698563764492,0.05710072194536527,0.0003,292,108,88.78214364324417,12.040709495544434,5.588712215423584,6.451983213424683,0,0.0,140,1.5911688000032882,4.958840039648443,24.0,0.0,7.635714285714286,8,133.625,4.580870628356934,5.5522871017456055,6.55325902698678e-06,1.5911688000032882,0.25201560001551115,3.5819682000037574,cpu,cuda:0,0.0,398.13818359375,58.0,,,,
501,1,DDT500_num50.txt,fixed,1051,-3.84,-0.3467958255568196,0.25999999046325684,0.022360684350132942,0.2199999988079071,0.30000001192092896,-0.032566935569047925,-0.027750221070164116,0.001631593471392989,0.5632511585950851,0.01730021700495854,0.0505219466984272,0.0003,296,104,65.99693162068412,15.924982786178589,5.374212265014648,10.550753831863403,0,0.0,136,1.540918699993199,4.921979065739916,28.0,0.0,7.727941176470588,8,131.375,4.060095310211182,5.338024139404297,6.804334134358214e-06,1.540918699993199,0.24230080001143506,3.431926100012788,cpu,cuda:0,0.0,369.9443359375,58.0,,,,
502,1,DDT500_num50.txt,fixed,1029,-3.84,-0.3354054053217387,0.25999999046325684,0.020000001415610313,0.2199999988079071,0.2800000011920929,-0.06046662240156105,-0.05529137354876314,0.0019379015346722944,0.6144199456487384,0.009503149859873312,0.04373913976762976,0.0003,296,104,77.61888529499802,13.25708293914795,5.549540996551514,7.707528829574585,0,0.0,142,1.5828630000087287,5.206025268871652,32.0,0.0,7.246478873239437,8,128.625,7.663835525512695,5.515990734100342,5.905373654968571e-06,1.5828630000087287,0.255670700014889,3.5502506000048015,cpu,cuda:0,0.0,414.9638671875,58.0,,,,
503,1,DDT500_num50.txt,fixed,1067,-3.8000000000000003,-0.33205962097349373,0.26249998807907104,0.021065380424261093,0.23999999463558197,0.30000001192092896,-0.04203542973846197,-0.037112246826291086,0.0012821133073884993,0.5564240396022797,0.015183730470016598,0.08588369488716126,0.0003,295,105,66.74114742451192,15.987138986587524,5.466192007064819,10.520931959152222,0,0.0,136,1.5583258000078786,5.000000001340686,48.0,0.0,7.845588235294118,8,133.375,2.496873140335083,5.439262390136719,5.739404059568187e-06,1.5583258000078786,0.2550546999918879,3.4988533000196185,cpu,cuda:0,0.0,368.48095703125,58.0,,,,
504,1,DDT500_num50.txt,fixed,1060,-3.6,-0.32260064588535575,0.2750000059604645,0.027838826179504395,0.23999999463558197,0.3199999928474426,-0.0654045853477258,-0.06055467346539864,0.0015958465250710456,0.5647829060371106,0.007472490748533836,0.03547866441882574,0.0003,290,110,56.12755136036489,18.885555744171143,5.4469544887542725,13.43858551979065,0,0.0,138,1.5609315000128845,5.063207546270118,28.0,0.0,7.681159420289855,8,132.5,4.636809349060059,5.4198737144470215,6.1459295466193e-06,1.5609315000128845,0.2482490000074904,3.485423800057106,cpu,cuda:0,0.0,362.6220703125,58.0,,,,
505,1,DDT500_num50.txt,fixed,1033,-4.04,-0.3341684372067363,0.2474999874830246,0.01984313689172268,0.2199999988079071,0.2800000011920929,-0.0805964183062315,-0.07528376169502735,0.0017665261344518512,0.6195917248725891,0.018310171482153238,0.04910464212298393,0.0003,301,99,65.03455360842045,15.883863925933838,5.33202338218689,10.551823139190674,0,0.0,138,1.5296410999981163,5.086156821781761,40.0,0.0,7.4855072463768115,8,129.125,5.230618953704834,5.294771671295166,7.086689038260374e-06,1.5296410999981163,0.24489640001411317,3.3968922999938513,cpu,cuda:0,0.0,425.0146484375,58.0,,,,
506,1,DDT500_num50.txt,fixed,1059,-3.88,-0.31780980456568614,0.2574999928474426,0.025372227653861046,0.20000000298023224,0.2800000011920929,-0.06507725678384305,-0.06032423712313175,0.0014969730225857347,0.550150653719902,0.010552488313987852,0.03677467610687017,0.0003,297,103,64.8642450682271,16.326406002044678,5.638220310211182,10.688168048858643,0,0.0,139,1.5948424999878625,4.997167137909656,36.0,0.0,7.618705035971223,8,132.375,5.633327007293701,5.612090110778809,5.950920240138657e-06,1.5948424999878625,0.2636657999828458,3.6230836999893654,cpu,cuda:0,0.0,382.73486328125,58.0,,,,
507,1,DDT500_num50.txt,fixed,1053,-3.52,-0.3070639589549959,0.2800000011920929,0.02828427031636238,0.23999999463558197,0.3199999928474426,0.022236024495214224,0.027704739710316062,0.002054547643638216,0.649598591029644,0.011758703214582056,0.045464552007615566,0.0003,288,112,74.57943611245815,14.119173526763916,5.4474592208862305,8.671699285507202,0,0.0,142,1.5445738000144047,5.219373216882617,32.0,0.0,7.415492957746479,8,131.625,6.142831325531006,5.412438869476318,7.578936219942989e-06,1.5445738000144047,0.2536060999973415,3.4876825000192184,cpu,cuda:0,0.0,425.0146484375,58.0,,,,
508,1,DDT500_num50.txt,fixed,1034,-3.8000000000000003,-0.3255176591742398,0.26249998807907104,0.027271786704659462,0.2199999988079071,0.30000001192092896,-0.05192758056024711,-0.04687401801347733,0.0019544412304336825,0.6030783653259277,0.011754234639617304,0.055627536152799924,0.0003,295,105,48.98503535528772,21.108487367630005,5.35223126411438,15.756242990493774,0,0.0,142,1.549533799998244,5.060928433730017,40.0,0.0,7.28169014084507,8,129.25,7.806247711181641,5.325491428375244,7.880445991759188e-06,1.549533799998244,0.24503179997009283,3.408230899975024,cpu,cuda:0,0.0,384.73828125,58.0,,,,
509,1,DDT500_num50.txt,fixed,1035,-3.8000000000000003,-0.31776409730363114,0.26249998807907104,0.027271786704659462,0.2199999988079071,0.30000001192092896,-0.02632319461554289,-0.019935599993914366,0.0017135434318333864,0.7244366481900215,0.011096659349277616,0.08742206171154976,0.0003,295,105,72.8695428264006,14.203464984893799,5.390629291534424,8.812821626663208,0,0.0,137,1.5282203999940975,4.999999996083946,30.0,0.0,7.554744525547445,8,129.375,5.0482048988342285,5.356785297393799,4.897746748611098e-06,1.5282203999940975,0.24987650002731243,3.454036300032385,cpu,cuda:0,0.0,369.9443359375,58.0,,,,
510,1,DDT500_num50.txt,fixed,1085,-3.64,-0.31167789292630455,0.27250000834465027,0.017139142379164696,0.23999999463558197,0.30000001192092896,-0.07282792936478343,-0.06699728566621031,0.0017710919491946697,0.6716194536004748,0.01890010217071644,0.03707847225346735,0.0003,291,109,82.3787224876803,13.170876741409302,5.66219687461853,7.508663177490234,0,0.0,143,1.6095053000062762,5.068202761241368,55.0,0.0,7.5874125874125875,8,135.625,5.633327007293701,5.62750768661499,5.560828867601231e-06,1.6095053000062762,0.25555939999685506,3.632323899983021,cpu,cuda:0,0.0,406.93359375,58.0,,,,
511,1,DDT500_num50.txt,fixed,1032,-3.92,-0.35211193257740936,0.2549999952316284,0.02958039939403534,0.20000000298023224,0.30000001192092896,-0.07528271919323339,-0.06904753690792455,0.0019232975577728616,0.7196835875511169,0.009454953665327694,0.041531111838089094,0.0003,298,102,71.02123557920108,14.53086519241333,5.3024444580078125,9.228404998779297,0,0.0,135,1.50260660001004,4.906007751013881,32.0,0.0,7.644444444444445,8,129.0,4.092676162719727,5.271735191345215,6.5619274209893774e-06,1.50260660001004,0.2434340999898268,3.4042257001201506,cpu,cuda:0,0.0,401.64306640625,58.0,,,,
512,1,DDT500_num50.txt,fixed,1087,-3.92,-0.3415969313739104,0.2549999952316284,0.016583126038312912,0.23999999463558197,0.2800000011920929,-0.05552813175988073,-0.049623562420795984,0.0014461248259370525,0.6627631733814875,0.01516926527256146,0.08614260423928499,0.0003,298,102,59.231090974991034,18.351848363876343,5.546478271484375,12.805357933044434,0,0.0,139,1.591508999987127,4.825206991281658,35.0,0.0,7.820143884892087,8,135.875,1.899835467338562,5.520702362060547,4.726464339910308e-06,1.591508999987127,0.25156179992700345,3.549821999949927,cpu,cuda:0,0.0,412.115234375,58.0,,,,
513,1,DDT500_num50.txt,fixed,1052,-3.92,-0.31950378911603766,0.2549999952316284,0.02397916093468666,0.2199999988079071,0.30000001192092896,-0.03864381623764833,-0.03202329845322917,0.0014694211849321922,0.7355230291684468,0.012846455963638922,0.06954177878797055,0.0003,298,102,48.90489329588295,21.51113986968994,5.622755527496338,15.888368606567383,0,0.0,137,1.577876900013507,5.045627373252985,50.0,0.0,7.678832116788321,8,131.5,4.153311729431152,5.596495151519775,6.514108918054262e-06,1.577876900013507,0.2674460000198451,3.6203203000550275,cpu,cuda:0,0.0,473.29052734375,58.0,,,,
514,1,DDT500_num50.txt,fixed,1045,-3.88,-0.32548138301345775,0.2574999928474426,0.01854049600660801,0.2199999988079071,0.2800000011920929,0.0021970026195049287,0.008477246388792992,0.0017833883757703006,0.7171936213970185,0.014604850858449935,0.056592817232012746,0.0003,297,103,65.43881240492588,15.9691162109375,5.5001606941223145,10.468941450119019,0,0.0,136,1.658437000005506,4.9741626766880165,28.0,0.0,7.6838235294117645,8,130.625,5.7432026863098145,5.4749531745910645,5.7862571338773705e-06,1.658437000005506,0.24556780000057188,3.4473203999768884,cpu,cuda:0,0.0,392.7919921875,58.0,,,,
515,1,DDT500_num50.txt,fixed,1061,-4.24,-0.3327142262890973,0.23500001430511475,0.023979155346751213,0.20000000298023224,0.2800000011920929,-0.0033457759353849622,0.0030559334490034315,0.0023800458810809585,0.7591730819808112,0.01700520458527737,0.04946226026448938,0.0003,306,94,67.80035451177356,15.648885726928711,5.399606227874756,10.249262809753418,0,0.0,142,1.540395800031547,4.694627707236,24.0,0.0,7.471830985915493,8,132.625,5.146296977996826,5.365576267242432,5.57614112040028e-06,1.540395800031547,0.24199620004947064,3.4608682999460143,cpu,cuda:0,0.0,440.56298828125,58.0,,,,
516,1,DDT500_num50.txt,fixed,1035,-3.8000000000000003,-0.3369910873866459,0.26249998807907104,0.023318452760577202,0.23999999463558197,0.30000001192092896,-0.029435856533902034,-0.023379975131579807,0.0018389155323218023,0.6975343142236982,0.01462243011753474,0.04046168737113476,0.0003,295,105,88.16162583259805,11.73980164527893,5.3480064868927,6.391779184341431,0,0.0,137,1.515921399997751,5.089855070390563,28.0,0.0,7.554744525547445,8,129.375,5.566360950469971,5.31322717666626,6.007958745612996e-06,1.515921399997751,0.24898069998744177,3.424049799927161,cpu,cuda:0,0.0,406.93359375,58.0,,,,
517,1,DDT500_num50.txt,fixed,1065,-3.6,-0.3161198427404991,0.2750000059604645,0.029580403119325638,0.23999999463558197,0.3199999928474426,0.07790561823640019,0.08392948591790628,0.001566779479617253,0.6807258278131485,0.016236761905020103,0.061283210408873856,0.0003,290,110,101.06028128160726,10.538264751434326,5.665256023406982,4.8729963302612305,0,0.0,143,1.602784199967573,5.036619714280249,35.0,0.0,7.4475524475524475,8,133.125,7.166545391082764,5.635732173919678,6.503191798401531e-06,1.602784199967573,0.25684439994074637,3.64696480004568,cpu,cuda:0,0.0,384.73828125,58.0,,,,
518,1,DDT500_num50.txt,fixed,1035,-3.92,-0.33343297249507636,0.2549999952316284,0.013228753581643105,0.2199999988079071,0.25999999046325684,-0.040814693706731,-0.03519683914879958,0.001710422911370794,0.6473069906234741,0.014850895308579007,0.07728928079207738,0.0003,298,102,49.658919055373545,20.842177391052246,5.3035054206848145,15.538654088973999,0,0.0,132,1.5109572000001208,5.121739130434783,28.0,0.0,7.840909090909091,8,129.375,2.8256635665893555,5.276461124420166,5.761645297752693e-06,1.5109572000001208,0.24423210005261353,3.3987758999828657,cpu,cuda:0,0.0,423.0947265625,58.0,,,,
519,1,DDT500_num50.txt,fixed,1037,-3.6,-0.31998718587973024,0.2750000059604645,0.013228763826191425,0.25999999046325684,0.30000001192092896,-0.05081483083111899,-0.045349669243608205,0.0012791952966446324,0.6104758892740522,0.01712605671491474,0.052946035617164204,0.0003,290,110,82.60524308892924,12.553682565689087,5.508770227432251,7.04489803314209,0,0.0,136,1.5308226000015566,5.269045324196811,32.0,0.0,7.625,8,129.625,5.242554187774658,5.473661422729492,1.078959303413285e-05,1.5308226000015566,0.2614454999966256,3.5530794000296737,cpu,cuda:0,0.0,377.4677734375,58.0,,,,
520,1,DDT500_num50.txt,fixed,1049,-3.88,-0.3158139423159338,0.2574999928474426,0.01854049600660801,0.2199999988079071,0.2800000011920929,-0.024453085598846278,-0.018814961325066784,0.0015517071549159785,0.6413977563381195,0.010544327817236384,0.07481800417105357,0.0003,297,103,49.590691402676455,21.15316343307495,5.396982669830322,15.756161451339722,0,0.0,143,1.5461808999607456,5.136320301643204,35.0,0.0,7.335664335664336,8,131.125,6.66028356552124,5.360452175140381,6.967372428334784e-06,1.5461808999607456,0.24581629993917886,3.4442933000973426,cpu,cuda:0,0.0,394.8056640625,58.0,,,,
521,1,DDT500_num50.txt,fixed,1033,-3.88,-0.3207751960742604,0.2574999928474426,0.033819377422332764,0.2199999988079071,0.30000001192092896,0.004644555350144704,0.010238576059540113,0.0018569988023955375,0.6522515068451563,0.0102855006698519,0.04945454987076422,0.0003,297,103,55.85143601352031,18.495495796203613,5.220074892044067,13.275403261184692,0,0.0,134,1.4937707999779377,4.934172311803147,25.0,0.0,7.708955223880597,8,129.125,3.6890885829925537,5.1853718757629395,6.210334959177999e-06,1.4937707999779377,0.2437218999803008,3.3279372999495536,cpu,cuda:0,0.0,445.56591796875,58.0,,,,
522,1,DDT500_num50.txt,fixed,1054,-3.72,-0.30985335425388855,0.26749998331069946,0.028173569589853287,0.2199999988079071,0.3199999928474426,0.03523909114301205,0.04112260160036385,0.0018859168631024659,0.6826475113630295,0.010064924659673125,0.039557483163662255,0.0003,293,107,76.47923315874297,13.781518936157227,5.38338565826416,8.398117065429688,0,0.0,137,1.5375487000164867,5.060721061261375,35.0,0.0,7.693430656934306,8,131.75,5.5621490478515625,5.34703254699707,8.521587915311102e-06,1.5375487000164867,0.24970359993676539,3.4352761000045575,cpu,cuda:0,0.0,342.29150390625,58.0,,,,
523,1,DDT500_num50.txt,fixed,1045,-3.88,-0.326604754584983,0.2574999928474426,0.030720515176653862,0.20000000298023224,0.2800000011920929,0.0037013478577136993,0.008782119490206242,0.001958770299097523,0.6060151755809784,0.017625171691179276,0.06222961004823446,0.0003,297,103,106.89575684555248,9.775879144668579,5.353657484054565,4.42220664024353,0,0.0,140,1.52750249998644,5.160765546816958,36.0,0.0,7.464285714285714,8,130.625,6.263734817504883,5.328740119934082,5.895739832340041e-06,1.52750249998644,0.2488265999381838,3.428296100017178,cpu,cuda:0,0.0,412.115234375,58.0,,,,
524,1,DDT500_num50.txt,fixed,1046,-3.88,-0.34269829139538355,0.2574999928474426,0.03230711817741394,0.2199999988079071,0.3199999928474426,-0.04527430650260714,-0.039720830818017326,0.0017562410664848154,0.6431597736146715,0.00854269900203993,0.0547465615802341,0.0003,297,103,68.59522467543248,15.24887490272522,5.428034543991089,9.82082223892212,0,0.0,143,1.5426433000029647,5.27342256077389,35.0,0.0,7.314685314685315,8,130.75,6.279928207397461,5.394473075866699,8.699827958480455e-06,1.5426433000029647,0.24999599994771415,3.4753662000039185,cpu,cuda:0,0.0,436.86669921875,58.0,,,,
525,1,DDT500_num50.txt,fixed,1060,-3.7600000000000002,-0.33321328718507476,0.26499998569488525,0.021794499829411507,0.23999999463558197,0.30000001192092896,-0.022490040957927705,-0.017116762697696686,0.0018629605416208505,0.6304766178131104,0.03349807718768716,0.04136258661746979,0.0003,294,106,97.8218531871614,10.836024522781372,5.5309131145477295,5.305095434188843,0,0.0,138,1.565478799984703,5.007547165987627,30.0,0.0,7.681159420289855,8,132.5,5.024937629699707,5.500890731811523,7.148582426452776e-06,1.565478799984703,0.25917430004119524,3.5486091000202578,cpu,cuda:0,0.0,457.2734375,58.0,,,,
526,1,DDT500_num50.txt,fixed,1070,-3.56,-0.31504340160435157,0.2775000035762787,0.023318450897932053,0.23999999463558197,0.3199999928474426,0.09895712835714221,0.10438117757439613,0.0014903866103850305,0.6169240474700928,0.014499172393698245,0.05276863358449191,0.0003,289,111,104.24225649854903,10.264551401138306,5.706590175628662,4.557947874069214,0,0.0,140,1.5996800000284566,5.07943925456466,30.0,0.0,7.642857142857143,8,133.75,2.989565134048462,5.670684814453125,5.2262093959143385e-06,1.5996800000284566,0.2666770000505494,3.672420100087038,cpu,cuda:0,0.0,373.103515625,58.0,,,,
527,1,DDT500_num50.txt,fixed,1049,-3.64,-0.30915577299988367,0.2724999785423279,0.03596873953938484,0.20000000298023224,0.3199999928474426,-0.02380927855318243,-0.018059939061376182,0.0017229976259510625,0.6610836549238726,0.011308908070945605,0.04604174789379944,0.0003,291,109,62.50899076311924,16.781585931777954,5.528785943984985,11.252782821655273,0,0.0,145,1.5771196000168857,5.351763582093245,35.0,0.0,7.23448275862069,8,131.125,7.440388202667236,5.502401828765869,8.592996891820803e-06,1.5771196000168857,0.25920649998806766,3.5379819000190764,cpu,cuda:0,0.0,392.7919921875,58.0,,,,
528,1,DDT500_num50.txt,fixed,1088,-3.6,-0.3148969528936943,0.2749999761581421,0.021794503554701805,0.23999999463558197,0.30000001192092896,0.004338379669934511,0.009397360030561686,0.0020174078643321993,0.6067684113979339,0.01706079540308565,0.06988275274634362,0.0003,290,110,65.30415954216996,16.6605007648468,5.7297399044036865,10.930744647979736,0,0.0,143,1.6174993000349787,5.105698528096957,36.0,0.0,7.608391608391608,8,136.0,4.84768009185791,5.694228172302246,5.805871751363156e-06,1.6174993000349787,0.2667921000356728,3.6769706000122824,cpu,cuda:0,0.0,369.9443359375,58.0,,,,
529,1,DDT500_num50.txt,fixed,1048,-3.68,-0.33903397512485817,0.26999998092651367,0.01000000536441803,0.25999999046325684,0.2800000011920929,-0.10390923065798623,-0.09804535550730568,0.001822514126875571,0.677513701575143,0.01238222945747631,0.0650677581849907,0.0003,292,108,86.12657406798552,12.168137550354004,5.250286340713501,6.917836427688599,0,0.0,137,1.5071728000111762,5.347328241544825,32.0,0.0,7.649635036496351,8,131.0,5.123475551605225,5.222573757171631,5.679668902303092e-06,1.5071728000111762,0.252527399938117,3.339630300004501,cpu,cuda:0,0.0,425.0146484375,58.0,,,,
530,1,DDT500_num50.txt,fixed,1053,-3.68,-0.31962021848369604,0.27000001072883606,0.024494897574186325,0.23999999463558197,0.3199999928474426,0.029691371652815077,0.035222100714842476,0.0015383064940882225,0.6299886968400743,0.010870218833184076,0.0544228996667597,0.0003,292,108,70.15937608224074,15.00868535041809,5.666361570358276,9.34230899810791,0,0.0,136,1.5744871999850147,5.153846156563175,30.0,0.0,7.742647058823529,8,131.625,2.6896793842315674,5.640636444091797,6.000858775223605e-06,1.5744871999850147,0.2695608000140055,3.662685099978262,cpu,cuda:0,0.0,395.97509765625,58.0,,,,
531,1,DDT500_num50.txt,fixed,1041,-3.6,-0.3260005297505442,0.2750000059604645,0.019364923238754272,0.23999999463558197,0.30000001192092896,-0.06553826481103897,-0.060290030602897914,0.0016930400826303022,0.6094756807599749,0.012060044832261545,0.06006948643230966,0.0003,290,110,86.25056849550003,12.069485664367676,5.377451658248901,6.692020416259766,0,0.0,135,1.5079545000189682,5.210374639769452,32.0,0.0,7.711111111111111,8,130.125,5.8829731941223145,5.353431701660156,4.5330889406614006e-06,1.5079545000189682,0.25151529996219324,3.469069600017974,cpu,cuda:0,0.0,366.42626953125,58.0,,,,
532,1,DDT500_num50.txt,fixed,1064,-3.88,-0.32158082681147054,0.2574999928474426,0.021065376698970795,0.2199999988079071,0.2800000011920929,0.038411976769566536,0.044356517804165684,0.001633317112767448,0.6761202017466227,0.00979295012075454,0.04408313318466147,0.0003,297,103,93.2394789516354,11.41147518157959,5.3447160720825195,6.066744089126587,0,0.0,138,1.5468353999822284,5.103383460663315,30.0,0.0,7.7101449275362315,8,133.0,3.708099126815796,5.319453716278076,5.018130650569219e-06,1.5468353999822284,0.24792240004535415,3.400976399982028,cpu,cuda:0,0.0,441.8779296875,58.0,,,,
533,1,DDT500_num50.txt,fixed,1039,-3.96,-0.32677167123611855,0.2524999976158142,0.017139136791229248,0.2199999988079071,0.2800000011920929,0.03116709366440773,0.037686657160520554,0.0020563545695040375,0.7547745704650879,0.018354314495809376,0.03410151228308678,0.0003,299,101,102.80463643079425,10.106548070907593,5.53973388671875,4.56679892539978,0,0.0,139,1.565773900005297,5.244465836661727,27.0,0.0,7.474820143884892,8,129.875,7.270445346832275,5.511664390563965,7.618210474902298e-06,1.565773900005297,0.2599750000190397,3.557289500040497,cpu,cuda:0,0.0,467.05712890625,58.0,,,,
534,1,DDT500_num50.txt,fixed,1045,-3.96,-0.3456715991696311,0.2524999976158142,0.026339136064052582,0.20000000298023224,0.30000001192092896,0.02923729786506066,0.03559723310172558,0.0017080849457460528,0.7213978859094473,0.009574972469216356,0.05847224507194299,0.0003,299,101,54.152601012065645,19.297318696975708,5.618910789489746,13.678395509719849,0,0.0,137,1.569712900021841,5.222966502842151,32.0,0.0,7.627737226277373,8,130.625,5.146296977996826,5.597053050994873,5.102380328025902e-06,1.569712900021841,0.2593916999649082,3.6387537000409793,cpu,cuda:0,0.0,432.03759765625,58.0,,,,
535,1,DDT500_num50.txt,fixed,1018,-4.04,-0.3640096605335701,0.2475000023841858,0.017139136791229248,0.2199999988079071,0.2800000011920929,-0.05607804004102945,-0.04950538103003055,0.002368630433920771,0.7756972685456276,0.01769296478596516,0.046737371711060405,0.0003,301,99,73.8575176230155,13.783295631408691,5.441807985305786,8.341471672058105,0,0.0,135,1.5163701999990735,5.343811393486727,32.0,0.0,7.54074074074074,8,127.25,6.64736795425415,5.405594825744629,8.342946784978267e-06,1.5163701999990735,0.2593772000109311,3.5027361000065866,cpu,cuda:0,0.0,415.9931640625,58.0,,,,
536,1,DDT500_num50.txt,fixed,1038,-3.96,-0.34553329677154443,0.2524999976158142,0.024366987869143486,0.2199999988079071,0.2800000011920929,-0.025999423923591773,-0.019089783258580913,0.001579187197300295,0.7699233770370484,0.004696115486634274,0.04130818881094456,0.0003,299,101,49.810594059590585,20.838940382003784,5.374030590057373,15.46489429473877,0,0.0,137,1.5176090000022668,5.136801539128915,40.0,0.0,7.576642335766423,8,129.75,5.673402786254883,5.339548110961914,7.760515472909901e-06,1.5176090000022668,0.25514499997370876,3.4413378000281227,cpu,cuda:0,0.0,383.73779296875,58.0,,,,
537,1,DDT500_num50.txt,fixed,1016,-3.92,-0.3533923488381969,0.2549999952316284,0.034278277307748795,0.20000000298023224,0.30000001192092896,-0.03535512139399846,-0.029054309676090875,0.002217226033098996,0.7409425020217896,0.008100566027375558,0.05917312835032741,0.0003,298,102,49.872707758600015,20.37186360359192,5.2184343338012695,15.153413534164429,0,0.0,141,1.4969113999868568,5.357283460812305,35.0,0.0,7.205673758865248,8,127.0,8.185352325439453,5.1925368309021,6.570583991560852e-06,1.4969113999868568,0.24432790001446847,3.329671700063045,cpu,cuda:0,0.0,371.9619140625,58.0,,,,
538,1,DDT500_num50.txt,fixed,1018,-4.12,-0.3551101617295896,0.24250000715255737,0.021065372973680496,0.2199999988079071,0.2800000011920929,-0.09276512296249469,-0.08653882870243655,0.0017979926972960432,0.7125286989741855,0.01838363506572528,0.08976178957770269,0.0003,303,97,70.35242075564089,14.470006704330444,5.207061290740967,9.262928247451782,0,0.0,146,1.495597799996176,5.14145383361749,35.0,0.0,6.972602739726027,8,127.25,8.166241645812988,5.171036720275879,8.025184797588736e-06,1.495597799996176,0.24623319996680948,3.308291700006521,cpu,cuda:0,0.0,401.64111328125,58.0,,,,
539,1,DDT500_num50.txt,fixed,1053,-4.04,-0.36185412164331604,0.24750003218650818,0.045757509768009186,0.18000000715255737,0.3199999928474426,-0.015611177931229273,-0.009821552162369093,0.001981614506803453,0.678043415149053,0.011554994872615984,0.04436615606149038,0.0003,301,99,83.8365057942091,12.560160875320435,5.370197296142578,7.189945459365845,0,0.0,147,1.5578487000093446,5.033238370420813,36.0,0.0,7.163265306122449,8,131.625,9.40661334991455,5.334123611450195,9.34558283915976e-06,1.5578487000093446,0.2421498000367137,3.411588599981769,cpu,cuda:0,0.0,457.2734375,59.0,,,,
540,1,DDT500_num50.txt,fixed,1020,-3.96,-0.359470920925352,0.2524999976158142,0.031523797661066055,0.18000000715255737,0.2800000011920929,-0.014920944658418497,-0.009121155987183252,0.002104427975912889,0.6852003435293833,0.012294673904155692,0.03603411753041049,0.0003,299,101,84.97110773051381,12.004080295562744,5.449052095413208,6.555016756057739,0,0.0,143,1.527098999984446,5.14019607515896,36.0,0.0,7.1328671328671325,8,127.5,8.108637809753418,5.419547080993652,8.781121323409025e-06,1.527098999984446,0.26010149995272513,3.505142000030901,cpu,cuda:0,0.0,434.36181640625,58.0,,,,
541,1,DDT500_num50.txt,fixed,1051,-3.96,-0.3567351817793807,0.2524999976158142,0.031523797661066055,0.18000000715255737,0.2800000011920929,0.00631282664835453,0.012850599363446236,0.0017926695145433769,0.7434103488922119,0.008759781456319615,0.034661411540582776,0.0003,299,101,73.08130705688028,14.381242513656616,5.679569721221924,8.701656818389893,0,0.0,144,1.59616659999665,4.996194101763725,24.0,0.0,7.298611111111111,8,131.375,8.75981616973877,5.644487380981445,7.664702934562229e-06,1.59616659999665,0.2635056000253826,3.6536392000307387,cpu,cuda:0,0.0,450.5791015625,58.0,,,,
542,1,DDT500_num50.txt,fixed,1049,-3.96,-0.34911882722765936,0.2524999976158142,0.017139138653874397,0.23999999463558197,0.2800000011920929,-0.03257305761799216,-0.026045494340360166,0.0016812346875667572,0.7368184089660644,0.011704949708655477,0.04239498851820826,0.0003,299,101,96.31479660143218,10.891369104385376,5.458187103271484,5.433166980743408,0,0.0,137,1.550234399997862,5.217349857006673,36.0,0.0,7.656934306569343,8,131.125,4.371427059173584,5.423030853271484,6.993837359914323e-06,1.550234399997862,0.2524964000440377,3.4943178000066837,cpu,cuda:0,0.0,416.9033203125,58.0,,,,
543,1,DDT500_num50.txt,fixed,1048,-4.04,-0.35258914337639274,0.2475000023841858,0.024366986006498337,0.2199999988079071,0.2800000011920929,-0.03454030914740129,-0.028306185521862724,0.0019938196055591106,0.7231034419753335,0.01089672474402257,0.03785512935031544,0.0003,301,99,61.19291258584503,17.126166343688965,5.615285158157349,11.510861158370972,0,0.0,143,1.6008872000129486,5.074427477048554,28.0,0.0,7.328671328671328,8,131.0,7.088723659515381,5.591492176055908,7.098710284481058e-06,1.6008872000129486,0.26374739998573205,3.595895300099073,cpu,cuda:0,0.0,395.97509765625,58.0,,,,
544,1,DDT500_num50.txt,fixed,1061,-3.96,-0.36236297896412123,0.2524999976158142,0.02633913792669773,0.2199999988079071,0.30000001192092896,-0.026422333226285198,-0.02020199673080986,0.0020329976158047266,0.7236837257038463,0.010763796236874028,0.03489443930712613,0.0003,299,101,58.8444709656916,18.03058099746704,5.309072256088257,12.721492528915405,0,0.0,147,1.5517393000227457,5.161168710113583,35.0,0.0,7.217687074829932,8,132.625,8.061288833618164,5.2827677726745605,8.860065463522915e-06,1.5517393000227457,0.24466839999877266,3.3634942000717274,cpu,cuda:0,0.0,407.96337890625,58.0,,,,
545,1,DDT500_num50.txt,fixed,1052,-3.96,-0.3547438746738867,0.2524999976158142,0.013919411227107048,0.23999999463558197,0.2800000011920929,0.002740438717106978,0.00914546425661279,0.0019315260514203045,0.737079295847151,0.013263238348170288,0.05530109339290195,0.0003,299,101,67.0397075710158,15.692192554473877,5.458004713058472,10.234171152114868,0,0.0,142,1.5473674000022584,5.036121675723406,30.0,0.0,7.408450704225352,8,131.5,5.590169906616211,5.420668601989746,7.623804322065553e-06,1.5473674000022584,0.2505811999908474,3.4970506000026944,cpu,cuda:0,0.0,417.93310546875,58.0,,,,
546,1,DDT500_num50.txt,fixed,1048,-3.84,-0.35855558890136935,0.25999999046325684,0.020000003278255463,0.2199999988079071,0.30000001192092896,-0.07737391607628928,-0.07140953342119853,0.0019773488165810704,0.6953053143289354,0.013692454208568152,0.05513320407933659,0.0003,296,104,70.86320412786093,14.789057493209839,5.567469120025635,9.221574783325195,0,0.0,141,1.5458199000167951,5.15458014857678,32.0,0.0,7.432624113475177,8,131.0,7.29725980758667,5.541412353515625,7.55075825509266e-06,1.5458199000167951,0.25637760004610755,3.6126193000091007,cpu,cuda:0,0.0,436.86669921875,58.0,,,,
547,1,DDT500_num50.txt,fixed,1018,-3.92,-0.3670484891978905,0.2549999952316284,0.019364917650818825,0.2199999988079071,0.2800000011920929,-0.049661897122859955,-0.04414063468575478,0.0022198050826167065,0.6631165822347005,0.010760657264230152,0.05695424862205982,0.0003,298,102,49.132992186455375,20.71927547454834,5.216872453689575,15.502384901046753,0,0.0,139,1.499941799989756,5.233791748058117,40.0,0.0,7.323741007194244,8,127.25,8.525696754455566,5.180319309234619,9.756244253367186e-06,1.499941799989756,0.2474731999427604,3.312527200065233,cpu,cuda:0,0.0,428.31787109375,58.0,,,,
548,1,DDT500_num50.txt,fixed,1069,-3.88,-0.3433450373068602,0.2574999928474426,0.021065380424261093,0.23999999463558197,0.30000001192092896,-0.06590927578508854,-0.06015363708138466,0.001384770541335456,0.6448022574186325,0.013873332980438136,0.05435473413672298,0.0003,297,103,74.46706859442071,14.35533881187439,5.503331661224365,8.851991891860962,0,0.0,145,1.5756260000125621,5.008419075895404,35.0,0.0,7.372413793103449,8,133.625,9.150649070739746,5.472089767456055,7.33500473870663e-06,1.5756260000125621,0.2534159000169893,3.515320199992857,cpu,cuda:0,0.0,393.8623046875,58.0,,,,
549,1,DDT500_num50.txt,fixed,1051,-3.72,-0.3393673632110918,0.26749998331069946,0.02633913978934288,0.2199999988079071,0.30000001192092896,-0.041214443329307765,-0.03546648451851474,0.0015904305166461402,0.6543171803156534,0.01209809346538451,0.049680026868979134,0.0003,293,107,72.87988584467715,14.4209885597229,5.399037837982178,9.02193808555603,0,0.0,138,1.630816099979711,5.039961939874317,28.0,0.0,7.615942028985507,8,131.375,4.3571062088012695,5.373365879058838,7.627531431353418e-06,1.630816099979711,0.24170889996457845,3.379580700016959,cpu,cuda:0,0.0,453.90869140625,58.0,,,,
550,1,DDT500_num50.txt,fixed,1054,-3.68,-0.337096629850251,0.26999998092651367,0.02236068621277809,0.23999999463558197,0.30000001192092896,-0.11870297673158348,-0.11268125381320715,0.0014208702486939728,0.6732157245278358,0.009559880330925807,0.05784239969216287,0.0003,292,108,81.75804831869804,12.89169716835022,5.631145477294922,7.26053524017334,0,0.0,147,1.6009983000039938,5.2314990503285825,40.0,0.0,7.170068027210885,8,131.75,6.832825183868408,5.605656147003174,6.682103503408143e-06,1.6009983000039938,0.2654707999790844,3.6075426999595948,cpu,cuda:0,0.0,444.37890625,59.0,,,,
551,1,DDT500_num50.txt,fixed,1042,-3.72,-0.3360115154417111,0.26749998331069946,0.026339136064052582,0.23999999463558197,0.3199999928474426,-0.09038660716679361,-0.0850373480675949,0.001747714905326979,0.6223116715749105,0.009716919558640156,0.040286218023134604,0.0003,293,107,69.40177502921631,15.014025211334229,5.494961261749268,9.519050121307373,0,0.0,143,1.5488420000256156,5.3090211141589965,36.0,0.0,7.286713286713287,8,130.25,6.098155498504639,5.466464042663574,7.712757906119805e-06,1.5488420000256156,0.25829660007730126,3.530073099922447,cpu,cuda:0,0.0,458.37841796875,58.0,,,,
552,1,DDT500_num50.txt,fixed,1068,-3.96,-0.3322064670052154,0.2524999976158142,0.01984313502907753,0.2199999988079071,0.2800000011920929,-0.011239243050416311,-0.005581847081581752,0.0013576073203391086,0.63362056016922,0.008292901911772788,0.031025323706368606,0.0003,299,101,90.40951963186116,11.812915325164795,5.614705562591553,6.198193788528442,0,0.0,139,1.581312300011632,5.049625471959846,39.0,0.0,7.683453237410072,8,133.5,5.4543561935424805,5.579452037811279,7.223728971439414e-06,1.581312300011632,0.2571811000452726,3.6117294999530714,cpu,cuda:0,0.0,420.9091796875,58.0,,,,
553,1,DDT500_num50.txt,fixed,1045,-4.04,-0.3450398997880495,0.2475000023841858,0.01713913306593895,0.2199999988079071,0.25999999046325684,-0.008584408927708865,-0.0030007697641849518,0.0014390040305443108,0.6303141087293624,0.013227999629452824,0.08603797741234302,0.0003,301,99,66.14722189142263,15.798093557357788,5.349339485168457,10.448737144470215,0,0.0,137,1.5163044999972044,5.128229664615467,28.0,0.0,7.627737226277373,8,130.625,3.998046398162842,5.313036918640137,6.507560556201497e-06,1.5163044999972044,0.24483550001241383,3.4296700999257155,cpu,cuda:0,0.0,467.05712890625,58.0,,,,
554,1,DDT500_num50.txt,fixed,1058,-3.7600000000000002,-0.3319565130486367,0.26499998569488525,0.021794497966766357,0.2199999988079071,0.30000001192092896,-0.06463999152183533,-0.058864141503969826,0.0013911188153239587,0.6471407810846964,0.009746868846317132,0.07206481024622917,0.0003,294,106,49.88180969124476,21.210136651992798,5.534598350524902,15.675523042678833,0,0.0,137,1.5558623000142688,5.1323251431290275,35.0,0.0,7.7226277372262775,8,132.25,4.205650806427002,5.507287979125977,5.936574780207593e-06,1.5558623000142688,0.25351460007732385,3.5708142000221414,cpu,cuda:0,0.0,436.86669921875,58.0,,,,
555,1,DDT500_num50.txt,fixed,1071,-3.56,-0.30723708596843013,0.2775000035762787,0.027271784842014313,0.23999999463558197,0.3199999928474426,-0.10478977610667546,-0.09946800818045934,0.001637837546877563,0.6140693267186482,0.010972926936422786,0.06787412017583846,0.0003,289,111,49.71658449722291,21.542107343673706,5.426858186721802,16.115230798721313,0,0.0,141,1.555047400004696,4.999066294297005,30.0,0.0,7.595744680851064,8,133.875,3.3330729007720947,5.40347146987915,5.4836273193359375e-06,1.555047400004696,0.25067640001361724,3.4709319999928994,cpu,cuda:0,0.0,426.3349609375,58.0,,,,
556,1,DDT500_num50.txt,fixed,1055,-3.96,-0.3081925119186719,0.2524999976158142,0.02633913792669773,0.2199999988079071,0.30000001192092896,0.027472760528326035,0.032564650475978854,0.002723074867390096,0.6453429996967316,0.00950366830220446,0.0322240493260324,0.0003,299,101,66.02024953468681,15.979945659637451,5.466779470443726,10.513135194778442,0,0.0,141,1.5391609000034805,5.252132697579985,32.0,0.0,7.4822695035460995,8,131.875,6.050568103790283,5.431897163391113,7.987911885720678e-06,1.5391609000034805,0.25450459996500285,3.5117235000834626,cpu,cuda:0,0.0,478.42724609375,58.0,,,,
557,1,DDT500_num50.txt,fixed,1049,-3.8000000000000003,-0.2883895977372777,0.26249998807907104,0.023318447172641754,0.23999999463558197,0.3199999928474426,0.0006190619685433128,0.004506959156556563,0.0033213232157074594,0.5548557503656908,0.016380181218582122,0.056052003733136437,0.0003,295,105,63.775888638228395,16.448222398757935,5.412289142608643,11.035918951034546,0,0.0,137,1.5248630000241974,5.020972353941605,30.0,0.0,7.656934306569343,8,131.125,5.4414496421813965,5.379484176635742,5.61929891773616e-06,1.5248630000241974,0.2527585000389081,3.4768858999887016,cpu,cuda:0,0.0,471.171875,58.0,,,,
558,1,DDT500_num50.txt,fixed,1043,-3.84,-0.29111615313144185,0.25999999046325684,0.014142137952148914,0.23999999463558197,0.2800000011920929,0.017915936807791393,0.023287212269173727,0.001764703425578773,0.6253625982337527,0.010269139375951555,0.04509388293243117,0.0003,296,104,68.21085529622479,15.290821313858032,5.434341907501221,9.856467008590698,0,0.0,141,1.644674400016811,5.209971234759571,40.0,0.0,7.397163120567376,8,130.375,6.382348537445068,5.398748397827148,8.00745783635648e-06,1.644674400016811,0.24026809994029463,3.3924823999805085,cpu,cuda:0,0.0,425.0146484375,58.0,,,,
559,1,DDT500_num50.txt,fixed,1072,-3.6,-0.31358998294744345,0.2750000059604645,0.021794503554701805,0.23999999463558197,0.30000001192092896,-0.06176369916647673,-0.05675650807097554,0.0018474387907190248,0.5930900536477566,0.01569789731001947,0.05209079710766673,0.0003,290,110,72.01038175772099,14.886742353439331,5.488771438598633,9.397943019866943,0,0.0,137,1.538653899995552,5.091417911337383,30.0,0.0,7.824817518248175,8,134.0,2.5,5.452622890472412,4.938200618198607e-06,1.538653899995552,0.25521910006864346,3.5317350000113947,cpu,cuda:0,0.0,418.837890625,58.0,,,,
560,1,DDT500_num50.txt,fixed,1042,-3.6,-0.32839230596841523,0.2750000059604645,0.02397916093468666,0.23999999463558197,0.3199999928474426,-0.037462522834539415,-0.03211752884089947,0.0016550374566577375,0.6172514259815216,0.010081756638828664,0.037991145998239516,0.0003,290,110,66.3994345982934,15.692904710769653,5.358182668685913,10.334708213806152,0,0.0,138,1.530941500037443,5.190978887213856,32.0,0.0,7.550724637681159,8,130.25,4.14578104019165,5.3229570388793945,6.823104740760755e-06,1.530941500037443,0.24624009989929618,3.4234511999966344,cpu,cuda:0,0.0,433.1875,58.0,,,,
561,1,DDT500_num50.txt,fixed,1042,-3.72,-0.3301043723295352,0.26750001311302185,0.017139142379164696,0.23999999463558197,0.30000001192092896,-0.01598718777919809,-0.010862492412949601,0.0017189957240285973,0.5984193036953608,0.012298995687160641,0.03361180362602075,0.0003,293,107,90.02333164854493,11.574777126312256,5.429351568222046,6.145412445068359,0,0.0,142,1.5446313000284135,5.357005759530241,35.0,0.0,7.338028169014085,8,130.25,5.952940464019775,5.399990558624268,7.670263585168868e-06,1.5446313000284135,0.25174300001526717,3.478115899994009,cpu,cuda:0,0.0,414.05908203125,58.0,,,,
562,1,DDT500_num50.txt,fixed,1029,-3.64,-0.3266634218585165,0.2724999785423279,0.019843142479658127,0.23999999463558197,0.30000001192092896,-0.05233872557679812,-0.0471407746275266,0.0014500983331042032,0.5922999729712805,0.009938362161240851,0.03580668568611145,0.0003,291,109,85.11675747099461,12.089276313781738,5.4267473220825195,6.662513732910156,0,0.0,139,1.53735259998939,5.102040812619342,35.0,0.0,7.402877697841727,8,128.625,5.521265506744385,5.390140056610107,6.647988811891992e-06,1.53735259998939,0.2473740000386897,3.4819037999877764,cpu,cuda:0,0.0,409.12109375,58.0,,,,
563,1,DDT500_num50.txt,fixed,1076,-3.96,-0.33788287845579473,0.2524999976158142,0.026339134201407433,0.23999999463558197,0.3199999928474426,0.019402624832259283,0.024760282701916166,0.0014590495071994762,0.6087185939153036,0.00919568607221461,0.04304484133091238,0.0003,299,101,69.91039441047862,15.391130447387695,5.690150499343872,9.700962543487549,0,0.0,137,1.5985462000062398,5.269516730397164,35.0,0.0,7.854014598540146,8,134.5,2.2360680103302,5.656780242919922,4.174027708359063e-06,1.5985462000062398,0.256646499998169,3.671496400023898,cpu,cuda:0,0.0,348.103515625,58.0,,,,
564,1,DDT500_num50.txt,fixed,1046,-3.7600000000000002,-0.34419921172992496,0.26499998569488525,0.02958040125668049,0.20000000298023224,0.30000001192092896,-0.02480602181620068,-0.019741804235511355,0.0017921770599463747,0.5960306094752418,0.014521918078470562,0.07139403000473976,0.0003,294,106,72.73346555051795,14.381275415420532,5.395658731460571,8.985599994659424,0,0.0,136,1.5327185000132886,5.200764815620437,32.0,0.0,7.6911764705882355,8,130.75,5.86834716796875,5.359372138977051,7.90385456639342e-06,1.5327185000132886,0.25165920002473285,3.4507452999896486,cpu,cuda:0,0.0,420.9091796875,58.0,,,,
565,1,DDT500_num50.txt,fixed,1054,-3.68,-0.3367847844755143,0.26999998092651367,0.01732051372528076,0.23999999463558197,0.30000001192092896,-0.04291415853159768,-0.037716995392526896,0.0012550460690233325,0.5824690290859768,0.009289044504319983,0.04595595651439258,0.0003,292,108,86.1982843704141,12.22762155532837,5.49248194694519,6.7351233959198,0,0.0,139,1.5626414999715053,5.216318783316712,35.0,0.0,7.58273381294964,8,131.75,4.789310932159424,5.465651035308838,4.868645191891119e-06,1.5626414999715053,0.25652029996490455,3.520032100052049,cpu,cuda:0,0.0,414.9638671875,58.0,,,,
566,1,DDT500_num50.txt,fixed,1067,-3.48,-0.3230027540925065,0.2824999690055847,0.023318449035286903,0.25999999046325684,0.3199999928474426,-0.04994085331757863,-0.04484371095895767,0.0012751878045188885,0.5734732786814372,0.009689837088808417,0.06632919299105804,0.0003,287,113,50.28948213093381,21.21716022491455,5.465707778930664,15.751436948776245,0,0.0,141,1.5677021000046807,5.230552951755541,35.0,0.0,7.567375886524823,8,133.375,4.299345970153809,5.440443515777588,7.686920071137138e-06,1.5677021000046807,0.25426360003621085,3.492020300029253,cpu,cuda:0,0.0,367.7783203125,58.0,,,,
567,1,DDT500_num50.txt,fixed,1066,-3.6,-0.33548200491702124,0.2750000059604645,0.02397916093468666,0.23999999463558197,0.3199999928474426,-0.055073672107287815,-0.05032332773719515,0.0014711526787972876,0.5485921416963849,0.022991101257503033,0.056872637676341195,0.0003,290,110,81.92453758716006,13.011974573135376,5.554471254348755,7.4574875831604,0,0.0,137,1.5542562000046019,5.085365853882194,28.0,0.0,7.781021897810219,8,133.25,3.7332961559295654,5.518964767456055,6.9775633164681494e-06,1.5542562000046019,0.2600082000317343,3.576617000020633,cpu,cuda:0,0.0,398.13818359375,58.0,,,,
568,1,DDT500_num50.txt,fixed,1093,-3.6,-0.32673789923844615,0.2749999761581421,0.019364923238754272,0.23999999463558197,0.30000001192092896,0.03227721030513445,0.03751402907073498,0.0013919292735711981,0.5932784030834833,0.021967279724776745,0.06661920249462128,0.0003,290,110,57.40916020110801,19.03877353668213,5.800596475601196,13.238160610198975,0,0.0,142,1.5952877999880002,4.985361390231622,30.0,0.0,7.697183098591549,8,136.625,3.461845636367798,5.667633056640625,6.087849214964081e-06,1.5952877999880002,0.26088119995984016,3.679638099998556,cpu,cuda:0,0.0,381.6083984375,58.0,,,,
569,1,DDT500_num50.txt,fixed,1058,-3.68,-0.33536478402062714,0.26999998092651367,0.02236068621277809,0.23999999463558197,0.30000001192092896,-0.03239774610847235,-0.027395235374569893,0.0012367547897156328,0.562088668346405,0.010876145155634731,0.024774944875389338,0.0003,292,108,105.4792646775616,10.030407428741455,5.572402477264404,4.457987546920776,0,0.0,141,1.5832742999409675,5.130434779679167,30.0,0.0,7.50354609929078,8,132.25,5.695393085479736,5.536980628967285,6.669331014563795e-06,1.5832742999409675,0.25727349999942817,3.5674079000746133,cpu,cuda:0,0.0,392.7919921875,58.0,,,,
570,1,DDT500_num50.txt,fixed,1058,-3.84,-0.3350551413501872,0.25999999046325684,0.014142137952148914,0.23999999463558197,0.2800000011920929,-0.13171630295423362,-0.12602505489037588,0.0019024609892557447,0.664248349574896,0.010539410904479714,0.07024547142478135,0.0003,296,104,57.353235241347846,18.44708490371704,5.4665367603302,12.980531692504883,0,0.0,142,1.5587777999971877,5.1550094497677055,36.0,0.0,7.450704225352113,8,132.25,6.9417219161987305,5.430603981018066,5.697156666428782e-06,1.5587777999971877,0.254008700063423,3.4908081000103266,cpu,cuda:0,0.0,441.8779296875,58.0,,,,
571,1,DDT500_num50.txt,fixed,1062,-3.68,-0.3212806674958063,0.26999998092651367,0.01732051372528076,0.23999999463558197,0.30000001192092896,0.009808530507143587,0.015648584987502545,0.001308266531850677,0.6494187787175179,0.012556682588183321,0.04754653759300709,0.0003,292,108,72.16009570390136,14.717275381088257,5.782403945922852,8.934855699539185,0,0.0,140,1.5829022000034456,5.142184556091797,32.0,0.0,7.585714285714285,8,132.75,4.351723670959473,5.745871067047119,6.570583991560852e-06,1.5829022000034456,0.2666825001324469,3.7645380000285513,cpu,cuda:0,0.0,384.73828125,58.0,,,,
572,1,DDT500_num50.txt,fixed,1073,-3.8000000000000003,-0.32158134528263865,0.26249998807907104,0.021065378561615944,0.2199999988079071,0.30000001192092896,-0.02636987219254176,-0.020909315596024197,0.0014979539167446394,0.6209533959627151,0.014941692885865146,0.07127376412972808,0.0003,295,105,58.32000736566585,18.398488759994507,5.588227272033691,12.810245275497437,0,0.0,139,1.6059248999954434,5.197576885454475,35.0,0.0,7.719424460431655,8,134.125,2.934173583984375,5.561051845550537,6.000858775223605e-06,1.6059248999954434,0.25288239996370976,3.575319200033846,cpu,cuda:0,0.0,392.7919921875,58.0,,,,
573,1,DDT500_num50.txt,fixed,1050,-3.92,-0.3405417297093592,0.2549999952316284,0.034278273582458496,0.2199999988079071,0.3199999928474426,-0.01916247925588063,-0.01415892583983285,0.0019342218126569475,0.5970664364950997,0.015638791531923095,0.06274452765605279,0.0003,298,102,84.00691234245005,12.498971462249756,5.280825138092041,7.218130826950073,0,0.0,138,1.5301434999673802,4.923809523582459,32.0,0.0,7.608695652173913,8,131.25,4.815340042114258,5.255025863647461,6.6735910877468996e-06,1.5301434999673802,0.23838280011477764,3.3663353999654646,cpu,cuda:0,0.0,340.39111328125,58.0,,,,
574,1,DDT500_num50.txt,fixed,1034,-4.0,-0.32996635663495744,0.25,0.024494899436831474,0.2199999988079071,0.2800000011920929,0.03067541867494583,0.03656470589339733,0.0014011527673574165,0.6589863821864128,0.014079959248192608,0.0439523512031883,0.0003,300,100,71.84287418255299,14.3925199508667,5.418968677520752,8.97353720664978,0,0.0,135,1.5057806999830063,5.406189554433989,32.0,0.0,7.659259259259259,8,129.25,5.606915473937988,5.3923749923706055,7.655426998098847e-06,1.5057806999830063,0.24355109999669367,3.5199443000274186,cpu,cuda:0,0.0,412.115234375,58.0,,,,
575,1,DDT500_num50.txt,fixed,1057,-4.12,-0.32635367281290883,0.24249999225139618,0.01854049600660801,0.2199999988079071,0.2800000011920929,-0.03193945437669754,-0.02604929440551334,0.0012324891415321166,0.6506402293841044,0.016211858277933464,0.06699374359514979,0.0003,303,97,67.98343480675778,15.547905206680298,5.394301652908325,10.15359091758728,0,0.0,140,1.5380865000042832,5.081362345811885,32.0,0.0,7.55,8,132.125,4.7811479568481445,5.364109992980957,6.7834171204594895e-06,1.5380865000042832,0.24230530000204453,3.461848999992071,cpu,cuda:0,0.0,392.7919921875,58.0,,,,
576,1,DDT500_num50.txt,fixed,1055,-3.72,-0.3158494809661783,0.26749998331069946,0.019843140617012978,0.23999999463558197,0.30000001192092896,-0.10573115510245164,-0.10068049708691736,0.0014283187920227647,0.5764812380075455,0.020057810140618432,0.04303985678901275,0.0003,293,107,91.63439427684956,11.513144254684448,5.3719704151153564,6.141162395477295,0,0.0,139,1.5495881999959238,5.10426540329558,39.0,0.0,7.589928057553957,8,131.875,3.2572035789489746,5.347541809082031,5.934180535405176e-06,1.5495881999959238,0.24651139998968574,3.4265959000877046,cpu,cuda:0,0.0,440.56298828125,58.0,,,,
577,1,DDT500_num50.txt,fixed,1083,-3.48,-0.3080645916176319,0.2824999690055847,0.027271781116724014,0.23999999463558197,0.3199999928474426,-0.0034332025263990673,0.0019932008747543606,0.0020241192542016506,0.6438462351049695,0.041570773314950724,0.0430774741939136,0.0003,287,113,83.4527161326252,12.977408647537231,5.443753719329834,7.533639430999756,0,0.0,141,1.5586471999777132,5.055401659408105,33.0,0.0,7.680851063829787,8,135.375,3.672107696533203,5.40938663482666,5.1577826525317505e-06,1.5586471999777132,0.24561200000607641,3.4807597999570135,cpu,cuda:0,0.0,428.31982421875,58.0,,,,
578,1,DDT500_num50.txt,fixed,1039,-3.96,-0.33832313079022736,0.2524999976158142,0.017139136791229248,0.2199999988079071,0.2800000011920929,0.015615709281216065,0.021104224181423586,0.0014757786508804809,0.6226404110590616,0.016600276615160208,0.06663421867415309,0.0003,299,101,57.70608461480045,18.00503373146057,5.379656553268433,12.625360012054443,0,0.0,138,1.5279692000221985,5.319538018701166,28.0,0.0,7.528985507246377,8,129.875,4.313858509063721,5.343310832977295,6.887367817398626e-06,1.5279692000221985,0.24974079991079634,3.4410738000806305,cpu,cuda:0,0.0,460.724609375,58.0,,,,
579,1,DDT500_num50.txt,fixed,1072,-3.88,-0.34520510239065805,0.2574999928474426,0.033819377422332764,0.2199999988079071,0.30000001192092896,-0.040115174185484645,-0.034491583704948425,0.0017321714665740728,0.6489674925804139,0.008224309049546718,0.03582419119775295,0.0003,297,103,98.09929521921556,10.927703380584717,5.587069272994995,5.340616464614868,0,0.0,147,1.5892102999860072,5.045708958782367,33.0,0.0,7.292517006802721,8,134.0,7.193747520446777,5.550751686096191,8.59630381455645e-06,1.5892102999860072,0.2575956000437145,3.575284299979103,cpu,cuda:0,0.0,472.2939453125,58.0,,,,
580,1,DDT500_num50.txt,fixed,1033,-4.04,-0.35629289777351497,0.2475000023841858,0.013919408433139324,0.2199999988079071,0.25999999046325684,-0.06883190188091248,-0.0628297941875644,0.0018249476852361113,0.6914585120975971,0.018479846272384748,0.04320302756968886,0.0003,301,99,75.21844259737955,13.733334064483643,5.383887052536011,8.349432945251465,0,0.0,140,1.524344600016775,5.000000000230802,28.0,0.0,7.378571428571429,8,129.125,6.508408069610596,5.349715709686279,7.646140147699043e-06,1.524344600016775,0.2470415999996476,3.454666300000099,cpu,cuda:0,0.0,453.90869140625,58.0,,,,
581,1,DDT500_num50.txt,fixed,1064,-3.88,-0.3506859016118117,0.2574999928474426,0.015612496994435787,0.23999999463558197,0.2800000011920929,0.010600365411776762,0.01609820328079737,0.0016894475288259296,0.6342561359588916,0.012068739984757625,0.056206616501395516,0.0003,297,103,53.84699198849221,19.759692430496216,5.63755464553833,14.122123956680298,0,0.0,141,1.5662884999946982,5.159774436986536,25.0,0.0,7.546099290780142,8,133.0,5.7662811279296875,5.5183820724487305,7.024249953246908e-06,1.5662884999946982,0.2571737000653229,3.5675185998916277,cpu,cuda:0,0.0,424.0185546875,58.0,,,,
582,1,DDT500_num50.txt,fixed,1056,-3.7600000000000002,-0.353895791976692,0.26499998569488525,0.019364923238754272,0.23999999463558197,0.30000001192092896,0.010182400544484457,0.015692220793830022,0.002107111543106536,0.6563373274273343,0.024687866654454008,0.049191038020783,0.0003,294,106,69.8849251165159,15.110554933547974,5.402378559112549,9.708161115646362,0,0.0,139,1.5353443999993033,5.384469697421247,54.0,0.0,7.597122302158273,8,132.0,3.316624879837036,5.378988742828369,4.327805982029531e-06,1.5353443999993033,0.25317980002364493,3.4641527999519894,cpu,cuda:0,0.0,413.15234375,58.0,,,,
583,1,DDT500_num50.txt,fixed,1055,-3.92,-0.373202707203886,0.2549999952316284,0.016583124175667763,0.2199999988079071,0.2800000011920929,-0.04771243315190077,-0.04194318549707532,0.0020089516474399716,0.6773724406957626,0.017287151189520955,0.03923745243810117,0.0003,298,102,106.4008945484612,9.915330171585083,5.403817176818848,4.511500358581543,0,0.0,141,1.55448649997561,4.963033175581439,28.0,0.0,7.4822695035460995,8,131.875,4.910130023956299,5.376879692077637,6.55325902698678e-06,1.55448649997561,0.24895259998447727,3.4491725999578193,cpu,cuda:0,0.0,394.8056640625,58.0,,,,
584,1,DDT500_num50.txt,fixed,1043,-3.8000000000000003,-0.36814968374071033,0.26249998807907104,0.018540501594543457,0.23999999463558197,0.30000001192092896,-0.07768926450184413,-0.071306012570858,0.0020432686765811275,0.7404888698032924,0.015375757905920702,0.03887213660137994,0.0003,295,105,79.55884902927457,13.109792470932007,5.634493827819824,7.475282192230225,0,0.0,136,1.6672475999985181,5.2425695094257625,36.0,0.0,7.669117647058823,8,130.375,4.060095310211182,5.59868860244751,5.886090548301581e-06,1.6672475999985181,0.2546091000403976,3.5483090999805427,cpu,cuda:0,0.0,429.60693359375,58.0,,,,
585,1,DDT500_num50.txt,fixed,1072,-3.8000000000000003,-0.35269025812095267,0.26250001788139343,0.03799671307206154,0.2199999988079071,0.3400000035762787,-0.04284241460263729,-0.036424864921718834,0.0016925207804888488,0.7263819336891174,0.010454045655205847,0.02836435381323099,0.0003,295,105,98.6782670428515,10.863587617874146,5.510823011398315,5.352750301361084,0,0.0,143,1.5839752999781922,4.935634328580615,45.0,0.0,7.496503496503497,8,134.0,6.144103050231934,5.4851579666137695,7.95761116023641e-06,1.5839752999781922,0.249170499992033,3.526436400028615,cpu,cuda:0,0.0,432.03759765625,58.0,,,,
586,1,DDT500_num50.txt,fixed,1054,-3.72,-0.33853417316017625,0.26749998331069946,0.013919414952397346,0.23999999463558197,0.2800000011920929,-0.06408535316586494,-0.058388871273824146,0.0025232180819979738,0.6958089130265372,0.012817641138099134,0.037285326713962216,0.0003,293,107,83.1090498098236,12.682132720947266,5.56568717956543,7.116433620452881,0,0.0,138,1.5671706000102859,4.971537002802347,27.0,0.0,7.63768115942029,8,131.75,5.760859489440918,5.532539367675781,7.396741693810327e-06,1.5671706000102859,0.2604061999845726,3.575901200005319,cpu,cuda:0,0.0,418.837890625,58.0,,,,
587,1,DDT500_num50.txt,fixed,1064,-3.7600000000000002,-0.3604075363207609,0.26499998569488525,0.021794497966766357,0.2199999988079071,0.30000001192092896,-0.0270443440725406,-0.02187564844886462,0.0024044177908864287,0.6370906366242303,0.02325387304234836,0.03768770531233814,0.0003,294,106,70.73203427839944,15.042689085006714,5.5606689453125,9.482005596160889,0,0.0,143,1.5885784000020067,4.901315789249606,27.0,0.0,7.440559440559441,8,133.0,7.106335163116455,5.537185192108154,5.573592261498561e-06,1.5885784000020067,0.25616950004769024,3.564776799885294,cpu,cuda:0,0.0,381.60791015625,58.0,,,,
588,1,DDT500_num50.txt,fixed,1035,-3.8000000000000003,-0.35701134541217433,0.26249998807907104,0.025372235104441643,0.2199999988079071,0.30000001192092896,0.030289626990755398,0.03615151780347029,0.002214663642613838,0.6969217956066132,0.009748974815011024,0.06427029023567836,0.0003,295,105,92.00195172529595,11.24976134300232,5.384476661682129,5.865270137786865,0,0.0,142,1.538673999999446,5.196135264318347,36.0,0.0,7.288732394366197,8,129.375,5.543859004974365,5.349880695343018,9.485944246989675e-06,1.538673999999446,0.2479908998902829,3.4389903000410413,cpu,cuda:0,0.0,395.97509765625,58.0,,,,
589,1,DDT500_num50.txt,fixed,1043,-3.88,-0.3353656019021219,0.2574999928474426,0.015612496994435787,0.23999999463558197,0.2800000011920929,-0.011465275660157204,-0.005572141414242131,0.0017107597336040012,0.674851541008268,0.011700395153768892,0.07420971404228892,0.0003,297,103,51.70440297242999,20.17236328125,5.3999998569488525,14.77234673500061,0,0.0,139,1.539357600002404,4.963566632878861,33.0,0.0,7.503597122302159,8,130.375,4.635124206542969,5.365938186645508,5.984258677926846e-06,1.539357600002404,0.24789660001988523,3.4547357999872474,cpu,cuda:0,0.0,397.0556640625,58.0,,,,
590,1,DDT500_num50.txt,fixed,1051,-3.92,-0.3417705964113714,0.2549999952316284,0.008660252206027508,0.23999999463558197,0.25999999046325684,-0.031276574544608596,-0.025034874045134832,0.0017159889995430908,0.709969675540924,0.0065910059104984,0.03714998277525107,0.0003,298,102,50.07859736915152,20.987009525299072,5.346903562545776,15.640088558197021,0,0.0,143,1.5368578999841702,4.799238818583321,27.0,0.0,7.34965034965035,8,131.375,6.909006595611572,5.31049919128418,8.19688466435764e-06,1.5368578999841702,0.24622540000564186,3.4038849000389746,cpu,cuda:0,0.0,452.76513671875,58.0,,,,
591,1,DDT500_num50.txt,fixed,1044,-4.0,-0.3350985421107907,0.25,0.026457510888576508,0.20000000298023224,0.2800000011920929,0.007072817195545544,0.01334734633564949,0.0021121846564876087,0.7330623431639238,0.011271619206209752,0.05565404295074669,0.0003,300,100,58.744043511381726,17.772014617919922,5.323322057723999,12.448678016662598,0,0.0,140,1.5216763999960676,5.1312260518128845,32.0,0.0,7.457142857142857,8,130.5,5.894913196563721,5.286837577819824,7.638702300027944e-06,1.5216763999960676,0.24249310004597646,3.4006086000736104,cpu,cuda:0,0.0,494.5732421875,58.0,,,,
592,1,DDT500_num50.txt,fixed,1076,-3.88,-0.3283217673473637,0.2574999928474426,0.021065376698970795,0.2199999988079071,0.2800000011920929,-0.021854474807956388,-0.015699400433472226,0.0014575445800021822,0.6883846606527056,0.009188049705699086,0.06490894214117102,0.0003,297,103,52.96809246747613,20.31411647796631,5.672491550445557,14.641608238220215,0,0.0,143,1.6082995000033407,4.884758369186997,24.0,0.0,7.524475524475524,8,134.5,6.3442888259887695,5.636793613433838,8.250453902292065e-06,1.6082995000033407,0.2520411000768945,3.647198499991646,cpu,cuda:0,0.0,460.724609375,58.0,,,,
593,1,DDT500_num50.txt,fixed,1030,-3.7600000000000002,-0.3291630927846448,0.26499998569488525,0.03708099201321602,0.20000000298023224,0.3199999928474426,-0.06505478670199712,-0.05933483690023422,0.00264821444482853,0.7044061064720154,0.012021887271354595,0.06437891864528258,0.0003,294,106,49.43182183031929,20.836780071258545,5.4837634563446045,15.35300087928772,0,0.0,139,1.5268701999848417,5.028155334018966,54.0,0.0,7.410071942446043,8,128.75,8.78564167022705,5.44948673248291,7.4560621214914136e-06,1.5268701999848417,0.24824449998050113,3.5506099000594986,cpu,cuda:0,0.0,398.13818359375,58.0,,,,
594,1,DDT500_num50.txt,fixed,1047,-3.64,-0.3261836535026419,0.27250000834465027,0.028173571452498436,0.2199999988079071,0.3199999928474426,-0.07351220585405827,-0.06758901104331017,0.002010429321671836,0.6928407736122608,0.008735824703762773,0.05085379513911903,0.0003,291,109,75.7927139388905,13.813992738723755,5.403282403945923,8.410695791244507,0,0.0,137,1.5451717000178178,5.030563511843895,26.0,0.0,7.642335766423358,8,130.875,4.621620178222656,5.36722993850708,6.722389116475824e-06,1.5451717000178178,0.24760590000005323,3.4506120998921688,cpu,cuda:0,0.0,380.59765625,58.0,,,,
595,1,DDT500_num50.txt,fixed,1002,-4.12,-0.3274760580351748,0.24249999225139618,0.025372225791215897,0.20000000298023224,0.2800000011920929,-0.11771950332654847,-0.11161443404853344,0.0019128750362950894,0.7061513000064426,0.012405656278133392,0.05598823902093702,0.0003,303,97,72.79705184845632,13.764293670654297,5.142688274383545,8.621591567993164,0,0.0,133,1.474545399996714,5.23253492918795,30.0,0.0,7.533834586466165,8,125.25,7.084313869476318,5.115936279296875,7.831606126273982e-06,1.474545399996714,0.24229590000686585,3.2796413999822107,cpu,cuda:0,0.0,404.74267578125,58.0,,,,
596,1,DDT500_num50.txt,fixed,1066,-3.64,-0.30730567091916233,0.2724999785423279,0.019843142479658127,0.23999999463558197,0.30000001192092896,-0.04524824768304825,-0.0396355695345185,0.0012176447780802846,0.6221499388868158,0.011323123694058846,0.05903599572113969,0.0003,291,109,59.31124785102375,17.972982168197632,5.735948324203491,12.237016677856445,0,0.0,139,1.588878399987152,4.964352715306166,30.0,0.0,7.669064748201439,8,133.25,6.339361190795898,5.710229873657227,8.50656670081662e-06,1.588878399987152,0.25455730002431665,3.7381573999773536,cpu,cuda:0,0.0,406.93359375,58.0,,,,
597,1,DDT500_num50.txt,fixed,1052,-3.48,-0.30712737690492825,0.2824999988079071,0.025372233241796494,0.25999999046325684,0.3400000035762787,-0.03470219075679779,-0.029272024581829707,0.0020553387701511385,0.6457839965820312,0.009736573587482174,0.07703459250430265,0.0003,287,113,49.463890000502886,21.2680401802063,5.471899747848511,15.79612398147583,0,0.0,140,1.5591106999854674,5.06083650371421,30.0,0.0,7.514285714285714,8,131.5,6.062177658081055,5.43795919418335,7.3330670602445025e-06,1.5591106999854674,0.25375779995374614,3.498669099957624,cpu,cuda:0,0.0,388.77392578125,58.0,,,,
598,1,DDT500_num50.txt,fixed,1043,-3.96,-0.3285338010199378,0.2524999976158142,0.017139136791229248,0.2199999988079071,0.2800000011920929,-0.03130411605040232,-0.025734012946486473,0.0018800484637419383,0.6510124882062276,0.009191933445011576,0.059471737531324224,0.0003,299,101,49.922569731688014,20.892354011535645,5.358629465103149,15.533710241317749,0,0.0,138,1.5316306999884546,5.179290505406498,36.0,0.0,7.557971014492754,8,130.375,4.998437404632568,5.332514762878418,6.443920938181691e-06,1.5316306999884546,0.24909100000513718,3.4276135000909562,cpu,cuda:0,0.0,397.0556640625,58.0,,,,
599,1,DDT500_num50.txt,fixed,1043,-3.84,-0.33302092951833984,0.25999999046325684,0.030000004917383194,0.2199999988079071,0.30000001192092896,-0.10568995560918536,-0.10000043575252805,0.0018942408163898758,0.6636638045310974,0.010969869326800108,0.05344817840627262,0.0003,296,104,81.05646937454418,12.867572546005249,5.512946844100952,7.354612112045288,0,0.0,142,1.547242600012396,5.226270370263952,30.0,0.0,7.345070422535211,8,130.375,7.647507667541504,5.486908912658691,8.71125484991353e-06,1.547242600012396,0.2541060999938054,3.5602475999803573,cpu,cuda:0,0.0,409.12109375,58.0,,,,
600,1,DDT500_num50.txt,fixed,1025,-3.92,-0.3447062774363216,0.2549999952316284,0.027838828042149544,0.2199999988079071,0.30000001192092896,-0.11386986263096333,-0.10811664443463087,0.0018522431055316702,0.667934387922287,0.010877952619921416,0.06820562353823334,0.0003,298,102,75.85186657298958,13.51318097114563,5.364142656326294,8.149025440216064,0,0.0,138,1.5172403999968083,5.178536581644198,36.0,0.0,7.427536231884058,8,128.125,6.112231731414795,5.338931083679199,7.740346518403385e-06,1.5172403999968083,0.2526304000457458,3.443642499987618,cpu,cuda:0,0.0,421.81396484375,58.0,,,,
601,1,DDT500_num50.txt,fixed,1046,-3.72,-0.33176863428577735,0.26749998331069946,0.028173569589853287,0.2199999988079071,0.3199999928474426,-0.024900604716756126,-0.019230153411626816,0.001340530135414817,0.634071637283672,0.012656252788887783,0.055862793868238274,0.0003,293,107,62.77363558862498,16.66304636001587,5.500445604324341,11.162586450576782,0,0.0,140,1.5379061000130605,5.097514340800036,32.0,0.0,7.4714285714285715,8,130.75,5.825590133666992,5.467320442199707,7.116704637155635e-06,1.5379061000130605,0.254901400036033,3.548636899991834,cpu,cuda:0,0.0,434.36376953125,58.0,,,,
602,1,DDT500_num50.txt,fixed,1080,-3.72,-0.32875958483654244,0.26750001311302185,0.019843140617012978,0.23999999463558197,0.30000001192092896,-0.06425500619742605,-0.05873171084870895,0.0015327349667333895,0.628966318236457,0.01232841944632431,0.046906464681443244,0.0003,293,107,67.64346584350523,15.966065406799316,5.884910345077515,10.081140518188477,0,0.0,147,1.6320608000387438,4.956481481039965,30.0,0.0,7.346938775510204,8,135.0,5.244044303894043,5.851566791534424,5.1356932999624405e-06,1.6320608000387438,0.26214360000085435,3.823981699959404,cpu,cuda:0,0.0,427.2978515625,58.0,,,,
603,1,DDT500_num50.txt,fixed,1058,-3.7600000000000002,-0.32930786344683377,0.26499998569488525,0.01658312790095806,0.23999999463558197,0.2800000011920929,-0.11346374566738422,-0.10773851779791024,0.0012764250367091824,0.63634415773245,0.00919358699152676,0.056539080678843535,0.0003,294,106,54.80999646603358,19.303048133850098,5.559977054595947,13.74305510520935,0,0.0,141,1.5636426999881223,4.984877126879413,27.0,0.0,7.50354609929078,8,132.25,4.322904109954834,5.525639057159424,4.340920895629097e-06,1.5636426999881223,0.2537595000321744,3.580715599917312,cpu,cuda:0,0.0,414.05908203125,58.0,,,,
604,1,DDT500_num50.txt,fixed,1016,-4.04,-0.3235024154827334,0.2475000023841858,0.01984313316643238,0.2199999988079071,0.2800000011920929,-0.06852983931700389,-0.06316094514396456,0.001424844363807804,0.6081318424807655,0.0175469849879543,0.06384448789887959,0.0003,301,99,68.81092443033474,14.765097379684448,5.2426512241363525,9.522429466247559,0,0.0,133,1.4939746000054583,5.093503934191906,27.0,0.0,7.639097744360902,8,127.0,3.4278273582458496,5.206105709075928,6.647988811891992e-06,1.4939746000054583,0.24360459999661543,3.347226399997453,cpu,cuda:0,0.0,413.150390625,58.0,,,,
605,1,DDT500_num50.txt,fixed,1051,-3.72,-0.312225544416391,0.26749998331069946,0.01984313502907753,0.25999999046325684,0.3199999928474426,0.02337416633963585,0.02909550123981067,0.0015637803922540375,0.6503221818378994,0.007418882800266147,0.0324360334447452,0.0003,293,107,80.84466523310049,13.000239372253418,5.53645396232605,7.463768720626831,0,0.0,138,1.5438943000081053,5.03235014226752,32.0,0.0,7.615942028985507,8,131.375,4.181432247161865,5.500707149505615,6.1088217080396134e-06,1.5438943000081053,0.24896150011772988,3.5829721999543835,cpu,cuda:0,0.0,361.2080078125,58.0,,,,
606,1,DDT500_num50.txt,fixed,1071,-3.72,-0.3062843308093136,0.26749998331069946,0.009682463482022285,0.25999999046325684,0.2800000011920929,-0.04948118515312672,-0.04373258538544178,0.0012530452004284598,0.6375118419528008,0.01358179620001465,0.04237651522271335,0.0003,293,107,76.15083335169818,14.064192771911621,5.5552659034729,8.508913516998291,0,0.0,145,1.5877377999931923,4.963585435064122,35.0,0.0,7.386206896551724,8,133.875,4.910130023956299,5.528883457183838,5.948531452304451e-06,1.5877377999931923,0.2550119999432354,3.557471699954476,cpu,cuda:0,0.0,457.2734375,57.0,,,,
607,1,DDT500_num50.txt,fixed,1059,-4.0,-0.32634237573598934,0.25,0.019999999552965164,0.2199999988079071,0.2800000011920929,-0.0609730010231336,-0.05539615775148074,0.0014879149190771084,0.6320801854133606,0.00837666126123319,0.05240949143966039,0.0003,300,100,49.230280984372435,21.51115083694458,5.541576862335205,15.969560384750366,0,0.0,144,1.5914027000071655,4.964117091820981,36.0,0.0,7.354166666666667,8,132.375,6.909006595611572,5.5091552734375,4.856955911236582e-06,1.5914027000071655,0.2549347000240232,3.5352513999459916,cpu,cuda:0,0.0,406.93359375,58.0,,,,
608,1,DDT500_num50.txt,fixed,1065,-3.48,-0.31153624645160727,0.2824999988079071,0.021065378561615944,0.25999999046325684,0.3199999928474426,-0.055425108224153516,-0.050637464970350266,0.0019358404912054538,0.5755560845136642,0.007819833885878324,0.0517125690355897,0.0003,287,113,65.52460529421138,16.25343632698059,5.531609535217285,10.72180986404419,0,0.0,144,1.5630322000542947,5.09295774513567,32.0,0.0,7.395833333333333,8,133.125,5.644411087036133,5.4948410987854,6.951036539248889e-06,1.5630322000542947,0.25056310002401005,3.5558834999756073,cpu,cuda:0,0.0,379.47021484375,58.0,,,,
609,1,DDT500_num50.txt,fixed,1015,-3.8000000000000003,-0.33766134411142107,0.26249998807907104,0.030720515176653862,0.2199999988079071,0.3199999928474426,-0.13755630155404408,-0.1325594648718834,0.0025246322931100924,0.6259160935878754,0.008874288729081551,0.04016161461671194,0.0003,295,105,49.274274308916034,20.598984241485596,5.369066476821899,15.229899406433105,0,0.0,134,1.5042651000039768,5.1921182294197274,32.0,0.0,7.574626865671642,8,126.875,5.4643731117248535,5.344046592712402,5.309833795763552e-06,1.5042651000039768,0.2557004000082088,3.4587625999010925,cpu,cuda:0,0.0,409.119140625,57.0,,,,
610,1,DDT500_num50.txt,fixed,1032,-3.92,-0.35729341717096935,0.2549999952316284,0.019364917650818825,0.2199999988079071,0.2800000011920929,-0.059652257459954575,-0.05395938276958007,0.0016522369293782574,0.6518992368991559,0.010762067663913162,0.05496093079161186,0.0003,298,102,54.30336587094559,19.00434684753418,5.501596927642822,13.502737045288086,0,0.0,137,1.5527697000106855,5.042635656142419,28.0,0.0,7.532846715328467,8,129.0,6.020797252655029,5.47622013092041,9.569469511916395e-06,1.5527697000106855,0.26201410002977354,3.5337977999370196,cpu,cuda:0,0.0,414.05908203125,58.0,,,,
611,1,DDT500_num50.txt,fixed,1061,-3.56,-0.34015940992553734,0.2775000035762787,0.025372233241796494,0.2199999988079071,0.30000001192092896,-0.11174843336145084,-0.10615323881308238,0.00152801014482975,0.6359199305375417,0.006520156282931566,0.04736157009998957,0.0003,289,111,50.29846618245076,21.094082593917847,5.407536029815674,15.68653416633606,0,0.0,135,1.5540247999961139,5.235626767650176,32.0,0.0,7.859259259259259,8,132.625,2.1176342964172363,5.38267183303833,5.179777417652076e-06,1.5540247999961139,0.2552750999566342,3.4467471999923873,cpu,cuda:0,0.0,478.42724609375,58.0,,,,
612,1,DDT500_num50.txt,fixed,1031,-3.72,-0.3447934057341497,0.26749998331069946,0.017139142379164696,0.23999999463558197,0.30000001192092896,-0.11691171408941349,-0.11121607429037492,0.0016299377583588162,0.6510613600413004,0.007725408968205253,0.04681893593321244,0.0003,293,107,49.00817940567711,21.037304639816284,5.404636383056641,15.632654666900635,0,0.0,139,1.5335975999951188,5.1483996104084095,27.0,0.0,7.41726618705036,8,128.875,5.325352191925049,5.3795647621154785,6.3439056248171255e-06,1.5335975999951188,0.2657163000367291,3.4519166999380104,cpu,cuda:0,0.0,441.8779296875,58.0,,,,
613,1,DDT500_num50.txt,fixed,1061,-3.92,-0.3246910836253935,0.2549999952316284,0.016583126038312912,0.23999999463558197,0.2800000011920929,0.050514635762998035,0.056405890200819285,0.0015763420877712114,0.6679431412901197,0.013888817214007889,0.057700871622988155,0.0003,298,102,80.10880560478374,13.244486570358276,5.688329219818115,7.556139945983887,0,0.0,135,1.5807758000228205,4.92271441990873,35.0,0.0,7.859259259259259,8,132.625,2.446298122406006,5.654655456542969,4.941077804687666e-06,1.5807758000228205,0.2509539000384393,3.6954127999597404,cpu,cuda:0,0.0,403.716796875,58.0,,,,
614,1,DDT500_num50.txt,fixed,1053,-3.7600000000000002,-0.34605339898941684,0.26499998569488525,0.01658312790095806,0.23999999463558197,0.2800000011920929,-0.05914915353059769,-0.05356965876287884,0.002281858133048647,0.6720423102378845,0.016882494641726628,0.06359161126116912,0.0003,294,106,68.89902745183295,15.283234596252441,5.52498197555542,9.758230686187744,0,0.0,136,1.5593430000189983,4.934472933114424,28.0,0.0,7.742647058823529,8,131.625,2.7357585430145264,5.489655017852783,5.820539172418648e-06,1.5593430000189983,0.25807889994757716,3.5437080999690806,cpu,cuda:0,0.0,473.29052734375,58.0,,,,
615,1,DDT500_num50.txt,fixed,1021,-3.8000000000000003,-0.3590839536910844,0.26249998807907104,0.01854049786925316,0.2199999988079071,0.2800000011920929,-0.01618813829762595,-0.010568689022745405,0.0019412326426910503,0.659006553036826,0.023621720295133337,0.038249697403184006,0.0003,295,105,76.5350428080585,13.340294361114502,5.206282377243042,8.133998394012451,0,0.0,136,1.4963136999867857,5.229187069863928,40.0,0.0,7.507352941176471,8,127.625,7.857122421264648,5.180146217346191,6.468133960879641e-06,1.4963136999867857,0.23784689994135988,3.3268051000304695,cpu,cuda:0,0.0,414.05712890625,58.0,,,,
616,1,DDT500_num50.txt,fixed,1049,-3.92,-0.3589894078525166,0.2549999952316284,0.021794496104121208,0.2199999988079071,0.2800000011920929,-0.019462131495986666,-0.013587895248617445,0.0018078445407029773,0.6778160078184945,0.011682230621642833,0.0617473732147898,0.0003,298,102,53.23878767987516,19.70367932319641,5.474650859832764,14.229013681411743,0,0.0,137,1.5346685999975307,5.209723543961691,36.0,0.0,7.656934306569343,8,131.125,4.567206382751465,5.448678970336914,1.012928260024637e-05,1.5346685999975307,0.24614390002170694,3.5445709999294195,cpu,cuda:0,0.0,370.7255859375,58.0,,,,
617,1,DDT500_num50.txt,fixed,1050,-3.96,-0.34704665297009135,0.2524999976158142,0.02633913792669773,0.2199999988079071,0.30000001192092896,-0.055955096147954464,-0.05087537672370672,0.0022010411135852336,0.6180245667695999,0.013328248169273138,0.07491092197597027,0.0003,299,101,66.61633958272245,15.761898756027222,5.213017225265503,10.548863410949707,0,0.0,141,1.5075246000087645,5.0190476192746845,35.0,0.0,7.446808510638298,8,131.25,5.539629936218262,5.179722785949707,5.744353984482586e-06,1.5075246000087645,0.23389610000594985,3.3205362000626337,cpu,cuda:0,0.0,364.75439453125,58.0,,,,
618,1,DDT500_num50.txt,fixed,1032,-3.6,-0.3379528904983332,0.2749999761581421,0.027838822454214096,0.2199999988079071,0.3199999928474426,-0.26921594329178333,-0.26448018476366997,0.00202102106413804,0.5746270641684532,0.016579813905991614,0.03622652217745781,0.0003,290,110,106.83440661245014,9.659809350967407,5.392130374908447,4.2676637172698975,0,0.0,139,1.5248979999814765,5.178294571564179,33.0,0.0,7.424460431654676,8,129.0,5.5,5.366483211517334,7.417845154122915e-06,1.5248979999814765,0.24990739997883793,3.4676435999572277,cpu,cuda:0,0.0,414.9638671875,58.0,,,,
619,1,DDT500_num50.txt,fixed,1021,-3.8000000000000003,-0.3113845991987271,0.26249998807907104,0.011989581398665905,0.23999999463558197,0.2800000011920929,-0.06689829958809747,-0.061374283499187894,0.0018183433890549673,0.6433181100421481,0.009813199181937508,0.06514196780820687,0.0003,295,105,72.4455497404696,14.093343257904053,5.478649377822876,8.614677667617798,0,0.0,136,1.5428053000032378,5.18413320274241,32.0,0.0,7.507352941176471,8,127.625,5.588772296905518,5.442222595214844,6.868772743473528e-06,1.5428053000032378,0.25602100000469363,3.5157096999355417,cpu,cuda:0,0.0,419.86865234375,58.0,,,,
620,1,DDT500_num50.txt,fixed,1051,-3.72,-0.28655469904766145,0.26749998331069946,0.013919414952397346,0.23999999463558197,0.2800000011920929,-0.028732667118310927,-0.0232292577624321,0.0013667637210649749,0.6186787764231364,0.011720706790219993,0.05573745692769686,0.0003,293,107,49.94389632439337,21.043612480163574,5.468708038330078,15.574886798858643,0,0.0,137,1.5608002000044507,4.974310181007058,24.0,0.0,7.671532846715328,8,131.375,5.170529365539551,5.431856155395508,7.614478818140924e-06,1.5608002000044507,0.2531526999628113,3.4916986999523942,cpu,cuda:0,0.0,426.3349609375,58.0,,,,
621,1,DDT500_num50.txt,fixed,1054,-3.8000000000000003,-0.29448813529154005,0.26249998807907104,0.023318452760577202,0.23999999463558197,0.30000001192092896,0.03893381729722023,0.04482175090483257,0.0012871808971145324,0.6531522870063782,0.015499195765836962,0.03501362034252712,0.0003,295,105,82.0920570095333,12.839244604110718,5.443207263946533,7.396020889282227,0,0.0,136,1.543075299989141,4.937381400555315,28.0,0.0,7.75,8,131.75,2.9474565982818604,5.406925201416016,6.280870366026647e-06,1.543075299989141,0.24811290005163755,3.491095299978042,cpu,cuda:0,0.0,436.86669921875,58.0,,,,
622,1,DDT500_num50.txt,fixed,1021,-3.8000000000000003,-0.3211714557703785,0.26249998807907104,0.021065376698970795,0.2199999988079071,0.2800000011920929,-0.07088267515328797,-0.06503272750838236,0.001757972778498449,0.6728933941234242,0.010622534562240948,0.03826622664928436,0.0003,295,105,62.55658012341852,16.321224689483643,5.327046632766724,10.99416184425354,0,0.0,136,1.5184732999950938,5.080313414948227,33.0,0.0,7.507352941176471,8,127.625,4.2112202644348145,5.291234970092773,6.421829766622977e-06,1.5184732999950938,0.24431319996074308,3.406265199959307,cpu,cuda:0,0.0,403.71484375,57.0,,,,
623,1,DDT500_num50.txt,fixed,1065,-3.4,-0.3156650214399614,0.2874999940395355,0.017139138653874397,0.25999999046325684,0.3199999928474426,0.00874830823805597,0.014406574269135794,0.001963337534107268,0.6639934513303969,0.00899476460310527,0.050016687251627445,0.0003,285,115,69.47216484199086,15.329880714416504,5.372323751449585,9.957539796829224,0,0.0,144,1.5581004000196117,5.126760567186024,24.0,0.0,7.395833333333333,8,133.125,6.954090595245361,5.3467488288879395,6.795974968554219e-06,1.5581004000196117,0.24688860000605928,3.419028699910996,cpu,cuda:0,0.0,366.42626953125,58.0,,,,
624,1,DDT500_num50.txt,fixed,1031,-3.84,-0.321276976528677,0.25999999046325684,0.022360684350132942,0.2199999988079071,0.30000001192092896,-0.03590050256914563,-0.029976917016837332,0.002144869623912705,0.6996020740932889,0.015463873433570067,0.09923017604483499,0.0003,296,104,70.44150847441338,14.636256694793701,5.401100397109985,9.235141277313232,0,0.0,141,1.5293373000058637,5.130940833216611,32.0,0.0,7.3120567375886525,8,128.875,5.946374893188477,5.363921642303467,7.44079898140626e-06,1.5293373000058637,0.24742349998632562,3.4630628999984765,cpu,cuda:0,0.0,407.96337890625,58.0,,,,
625,1,DDT500_num50.txt,fixed,1068,-3.64,-0.2963167882463596,0.27250000834465027,0.017139146104454994,0.25999999046325684,0.30000001192092896,-0.026025493815541267,-0.02072051465511322,0.001919236604589969,0.6264593124389648,0.010911572154145687,0.06487237876281142,0.0003,291,109,64.22419230797905,16.629247665405273,5.531991243362427,11.097239971160889,0,0.0,141,1.5818941999896197,5.004681647940075,36.0,0.0,7.574468085106383,8,133.5,5.123475551605225,5.497344970703125,6.143617156340042e-06,1.5818941999896197,0.24602609997600666,3.5439248000402586,cpu,cuda:0,0.0,390.82666015625,58.0,,,,
626,1,DDT500_num50.txt,fixed,1056,-3.36,-0.29474467752031974,0.28999999165534973,0.022360684350132942,0.25999999046325684,0.3400000035762787,-0.03405238885898143,-0.02876068587647751,0.0015933653558022343,0.6088382452726364,0.013531167671317235,0.05554593866690993,0.0003,284,116,76.53823412397823,13.797025918960571,5.454485177993774,8.342527389526367,0,0.0,136,1.5520637999688915,5.112689398003347,36.0,0.0,7.764705882352941,8,132.0,4.609772205352783,5.429256916046143,6.985705113038421e-06,1.5520637999688915,0.25019509999401635,3.5025085000706895,cpu,cuda:0,0.0,364.046875,58.0,,,,
627,1,DDT500_num50.txt,fixed,1038,-3.72,-0.30256562128101083,0.26749998331069946,0.028173577040433884,0.2199999988079071,0.30000001192092896,0.005344486898846096,0.010927518208821615,0.001284382545337495,0.6225223011440701,0.01637220248166058,0.0666244143827094,0.0003,293,107,70.28747771978098,14.767922163009644,5.256302356719971,9.511605024337769,0,0.0,138,1.5110999999851629,5.148362234837747,36.0,0.0,7.521739130434782,8,129.75,5.379358768463135,5.230445384979248,7.567677585029742e-06,1.5110999999851629,0.2376028000653605,3.362618599956477,cpu,cuda:0,0.0,379.47021484375,58.0,,,,
628,1,DDT500_num50.txt,fixed,1058,-3.52,-0.29083079579764326,0.2800000011920929,0.030000003054738045,0.25999999046325684,0.3400000035762787,-0.0534084290266037,-0.048173150047659874,0.0014843602024484427,0.5977458924055099,0.01228002174757421,0.06839197389781475,0.0003,288,112,64.5864818071887,16.381136894226074,5.428303003311157,10.952819108963013,0,0.0,138,1.558603999994375,5.100189035691476,36.0,0.0,7.666666666666667,8,132.25,4.351723670959473,5.402622699737549,5.746827355324058e-06,1.558603999994375,0.2504215000080876,3.468020200070896,cpu,cuda:0,0.0,433.1875,58.0,,,,
629,1,DDT500_num50.txt,fixed,1034,-3.8000000000000003,-0.33106394206262546,0.26249998807907104,0.011989581398665905,0.23999999463558197,0.2800000011920929,-0.052813198417425156,-0.047184945084154606,0.0017095726943807676,0.6483036205172539,0.013595266180345789,0.05099120084196329,0.0003,295,105,74.6827139264013,13.84523868560791,5.3106420040130615,8.534582614898682,0,0.0,138,1.5288271000063105,5.236943907617831,32.0,0.0,7.492753623188406,8,129.25,6.077622890472412,5.279151439666748,6.8293502408778295e-06,1.5288271000063105,0.24639519990159897,3.3808620999916457,cpu,cuda:0,0.0,412.115234375,58.0,,,,
630,1,DDT500_num50.txt,fixed,1039,-3.88,-0.3349581252987326,0.2574999928474426,0.023318447172641754,0.20000000298023224,0.2800000011920929,-0.0008201524615287781,0.005196966803990877,0.0019136871291825978,0.6973959024135883,0.013052599773240777,0.09298758638592866,0.0003,297,103,52.03760020345605,19.966331958770752,5.3516764640808105,14.614641189575195,0,0.0,136,1.5262931000215758,4.925890281638695,24.0,0.0,7.639705882352941,8,129.875,5.418429374694824,5.316451072692871,6.11579662290751e-06,1.5262931000215758,0.24719029997868347,3.4192955999715196,cpu,cuda:0,0.0,406.93359375,58.0,,,,
631,1,DDT500_num50.txt,fixed,1024,-4.08,-0.3645864434856884,0.24500000476837158,0.016583120450377464,0.2199999988079071,0.25999999046325684,0.009329669854857704,0.015409616330130533,0.002006142506037246,0.7083021348172968,0.011453741632232612,0.054451764984564346,0.0003,302,98,58.89275506505889,17.387537717819214,5.310606002807617,12.076915502548218,0,0.0,136,1.5237665000313427,4.971679687965661,24.0,0.0,7.529411764705882,8,128.0,7.280109882354736,5.274243354797363,7.784284207446035e-06,1.5237665000313427,0.2443040000362089,3.383893599941075,cpu,cuda:0,0.0,415.9931640625,58.0,,,,
632,1,DDT500_num50.txt,fixed,1052,-4.08,-0.36992679302457065,0.2449999898672104,0.02179449237883091,0.2199999988079071,0.2800000011920929,0.003577074036002159,0.009915497153997421,0.002195895322074648,0.7436371371150017,0.010898390071815811,0.040630841976962984,0.0003,302,98,73.50496535790612,14.311958312988281,5.536541938781738,8.775404453277588,0,0.0,144,1.5570666999738023,4.83650190272712,32.0,0.0,7.305555555555555,8,131.5,5.958187580108643,5.512184143066406,6.5271847233816516e-06,1.5570666999738023,0.2576518000023498,3.5683314998786955,cpu,cuda:0,0.0,409.12109375,58.0,,,,
633,1,DDT500_num50.txt,fixed,1028,-4.08,-0.37714137533441205,0.24500000476837158,0.031224992126226425,0.20000000298023224,0.30000001192092896,0.010232303873635828,0.01647155889077112,0.0023216739209601656,0.7400092333555222,0.016604209478828125,0.05122004181612283,0.0003,302,98,76.47191779292515,13.442843198776245,5.4887449741363525,7.9540839195251465,0,0.0,135,1.5485539999972389,4.9270427992371735,27.0,0.0,7.614814814814815,8,128.5,4.769696235656738,5.4625139236450195,6.529361598950345e-06,1.5485539999972389,0.25751569999192725,3.528666999991401,cpu,cuda:0,0.0,441.8779296875,58.0,,,,
634,1,DDT500_num50.txt,fixed,1026,-4.16,-0.36673097891872425,0.24000000953674316,0.024494895711541176,0.20000000298023224,0.2800000011920929,-0.03027599517788206,-0.0238648812685694,0.0034940931613423993,0.8158163343157087,0.009347553048948092,0.035769762338272164,0.0003,304,96,81.24775015870132,12.628041982650757,5.2764201164245605,7.351601839065552,0,0.0,137,1.5016978999810817,4.960038987284283,30.0,0.0,7.489051094890511,8,128.25,4.943429946899414,5.251960277557373,7.381356226687785e-06,1.5016978999810817,0.23870110002462752,3.389711300013005,cpu,cuda:0,0.0,369.1875,58.0,,,,
635,1,DDT500_num50.txt,fixed,1037,-4.16,-0.40328780178108253,0.24000000953674316,0.019999999552965164,0.2199999988079071,0.2800000011920929,-0.049273339286446574,-0.043119232170283794,0.002767745102755725,0.7537975907325745,0.010063883941620588,0.06365987621247768,0.0003,304,96,97.1954363146669,10.669225215911865,5.434901237487793,5.234309911727905,0,0.0,141,1.6321089999946707,4.824493731689086,36.0,0.0,7.3546099290780145,8,129.625,5.998697757720947,5.410284996032715,5.6596172726131044e-06,1.6321089999946707,0.24042280003777705,3.415938199901575,cpu,cuda:0,0.0,428.31982421875,58.0,,,,
636,1,DDT500_num50.txt,fixed,1026,-4.04,-0.38860625436915264,0.2475000023841858,0.026339134201407433,0.20000000298023224,0.2800000011920929,-0.047861496747160955,-0.04126338706507037,0.0023062714220335088,0.775124971071879,0.00769694111465166,0.0573287152685225,0.0003,301,99,49.772112818346024,20.613953113555908,5.339977025985718,15.273961544036865,0,0.0,137,1.533430599996791,4.941520468533388,28.0,0.0,7.489051094890511,8,128.25,8.540345191955566,5.306894779205322,8.264221833087504e-06,1.533430599996791,0.24443369996879483,3.4063116000434093,cpu,cuda:0,0.0,458.37841796875,58.0,,,,
637,1,DDT500_num50.txt,fixed,1029,-3.64,-0.36213453066814105,0.2724999785423279,0.024366993457078934,0.23999999463558197,0.30000001192092896,-0.0933211469091475,-0.08662561804521829,0.002119905999279581,0.7755484580993652,0.012497766307205893,0.06137598550412804,0.0003,291,109,76.4869603922185,13.45327353477478,5.396176338195801,8.057080745697021,0,0.0,137,1.521935200005828,4.92322643204032,32.0,0.0,7.510948905109489,8,128.625,4.2112202644348145,5.362382411956787,4.859880846197484e-06,1.521935200005828,0.2488784001179738,3.468336200028716,cpu,cuda:0,0.0,433.1875,59.0,,,,
638,1,DDT500_num50.txt,fixed,1044,-4.5200000000000005,-0.40111022869605195,0.2175000011920929,0.027271779254078865,0.18000000715255737,0.2800000011920929,-0.035026269406080245,-0.02866760306060314,0.0023985339561477304,0.7557933330535889,0.014505992829799651,0.046702151745557786,0.0003,313,87,91.15012697540013,11.45363187789917,5.799065589904785,5.654551029205322,0,0.0,138,1.7267916000018886,4.779693485676558,30.0,0.0,7.565217391304348,8,130.5,4.663689613342285,5.763545513153076,7.54699294702732e-06,1.7267916000018886,0.25676499999826774,3.6482757000703714,cpu,cuda:0,0.0,409.12109375,59.0,,,,
639,1,DDT500_num50.txt,fixed,1027,-4.28,-0.3937170986328824,0.23250000178813934,0.024366984143853188,0.20000000298023224,0.2800000011920929,-0.01034761592745781,-0.0037875726819038393,0.0021589535987004637,0.7639523327350617,0.012124174600467085,0.045754933077841994,0.0003,307,93,64.91988238387611,15.819498777389526,5.4341044425964355,10.385378360748291,0,0.0,134,1.5412372999962827,4.895813047479631,36.0,0.0,7.664179104477612,8,128.375,5.67753267288208,5.40214729309082,5.778884769824799e-06,1.5412372999962827,0.24618409997492563,3.4902804999983346,cpu,cuda:0,0.0,439.376953125,59.0,,,,
640,1,DDT500_num50.txt,fixed,1058,-4.04,-0.37697434427287757,0.2475000023841858,0.017139136791229248,0.2199999988079071,0.2800000011920929,-0.05378575082868338,-0.04756937474012375,0.0019024538632947952,0.71675985455513,0.011981481418479234,0.054825843591243026,0.0003,301,99,65.97078049118137,16.037403106689453,5.452483177185059,10.584903478622437,0,0.0,138,1.5445121000011568,4.933837428435486,26.0,0.0,7.666666666666667,8,132.25,4.4370598793029785,5.425344467163086,6.808510079281405e-06,1.5445121000011568,0.24894990001121187,3.5060438000655267,cpu,cuda:0,0.0,416.9033203125,59.0,,,,
641,1,DDT500_num50.txt,fixed,1044,-3.92,-0.3670676565520145,0.2549999952316284,0.016583124175667763,0.2199999988079071,0.2800000011920929,0.0570785915479064,0.06335583422333002,0.002085914951749146,0.7320195138454437,0.010642243141774088,0.04760219366289675,0.0003,298,102,74.28790732711795,14.053431272506714,5.547776937484741,8.505640268325806,0,0.0,139,1.5644505000054778,4.993295015959904,28.0,0.0,7.510791366906475,8,130.5,4.4721360206604,5.519388198852539,4.851100584346568e-06,1.5644505000054778,0.2553029999908176,3.5712719000002835,cpu,cuda:0,0.0,421.81396484375,59.0,,,,
642,1,DDT500_num50.txt,fixed,1025,-3.84,-0.37771855037691504,0.25999999046325684,0.014142137952148914,0.23999999463558197,0.2800000011920929,-0.015781697072088718,-0.010046490142121911,0.0017404796555638314,0.6605446696281433,0.01869215506594628,0.08826400004327298,0.0003,296,104,65.98741325510059,15.533265352249146,5.3342976570129395,10.198952913284302,0,0.0,139,1.5256955000077141,5.140487800691186,32.0,0.0,7.374100719424461,8,128.125,6.071192264556885,5.309448719024658,5.223489552008687e-06,1.5256955000077141,0.25196780008627684,3.4071918000263395,cpu,cuda:0,0.0,428.31982421875,59.0,,,,
643,1,DDT500_num50.txt,fixed,1040,-3.92,-0.3811748220701078,0.2549999952316284,0.019364917650818825,0.2199999988079071,0.2800000011920929,-0.07106482591480016,-0.06560260355472565,0.002145079185720533,0.6534761518239975,0.008123637142125517,0.04833358996547758,0.0003,298,102,65.84994972650934,15.793482065200806,5.482176065444946,10.311293125152588,0,0.0,138,1.5451975000323728,5.069230769460018,40.0,0.0,7.536231884057971,8,130.0,5.7008771896362305,5.458812713623047,7.725644536549225e-06,1.5451975000323728,0.26514659996246337,3.519661400016048,cpu,cuda:0,0.0,463.94287109375,60.0,,,,
644,1,DDT500_num50.txt,fixed,1061,-3.7600000000000002,-0.35940421365090236,0.26499998569488525,0.025980761274695396,0.2199999988079071,0.3199999928474426,-0.058114920975640416,-0.05289487435948104,0.0016104726964840665,0.6025281175971031,0.01864349663082976,0.08108707168139517,0.0003,294,106,78.44382210617567,13.52560305595398,5.45120906829834,8.074377298355103,0,0.0,142,1.560812400006398,5.0490103716225585,40.0,0.0,7.471830985915493,8,132.625,7.398268222808838,5.415615558624268,8.424310180998873e-06,1.560812400006398,0.25200080002105096,3.4766307999343553,cpu,cuda:0,0.0,395.97509765625,59.0,,,,
645,1,DDT500_num50.txt,fixed,1028,-3.8000000000000003,-0.36762626795270126,0.26249998807907104,0.01854049786925316,0.2199999988079071,0.2800000011920929,-0.1144705159323556,-0.10939999563353402,0.001806908894130694,0.5973980511937823,0.01499673690912979,0.07702619289713246,0.0003,295,105,83.52025640223508,12.308391332626343,5.463734865188599,6.844642400741577,0,0.0,136,1.527133900039189,5.190661478135373,40.0,0.0,7.5588235294117645,8,128.5,5.196152210235596,5.439297676086426,6.05038530920865e-06,1.527133900039189,0.25677459995495155,3.5283736999408575,cpu,cuda:0,0.0,417.93310546875,59.0,,,,
646,1,DDT500_num50.txt,fixed,1042,-3.72,-0.36804498470449054,0.26749998331069946,0.022220494225621223,0.23999999463558197,0.30000001192092896,-0.002606641235096114,0.003165455535054207,0.0020914405218458603,0.6817819987024579,0.013025516793797058,0.07615111794854913,0.0003,293,107,82.76990950063426,12.589116096496582,5.3781654834747314,7.210935354232788,0,0.0,140,1.5414578999916557,5.162188099121636,32.0,0.0,7.442857142857143,8,130.25,6.8693156242370605,5.353970527648926,7.379430371656781e-06,1.5414578999916557,0.2529036999658274,3.4358202000112215,cpu,cuda:0,0.0,377.4677734375,59.0,,,,
647,1,DDT500_num50.txt,fixed,1015,-3.8000000000000003,-0.35670633340526625,0.26249998807907104,0.033819373697042465,0.2199999988079071,0.3199999928474426,0.0490939449518919,0.05466153100132942,0.001592550441273488,0.6363855823874474,0.012593639621627517,0.049398777075111866,0.0003,295,105,75.08569612436953,13.517887592315674,5.1702587604522705,8.347613096237183,0,0.0,134,1.4697025999921607,5.142857143326933,27.0,0.0,7.574626865671642,8,126.875,4.196352481842041,5.145055294036865,9.593200047675055e-06,1.4697025999921607,0.2510990999471687,3.3012582000665134,cpu,cuda:0,0.0,381.60595703125,59.0,,,,
648,1,DDT500_num50.txt,fixed,1030,-4.0,-0.3641838074100026,0.25,0.020000001415610313,0.2199999988079071,0.2800000011920929,-0.05890598694483439,-0.053258128960927326,0.0019497742565969627,0.6622750441233317,0.01232839577520887,0.06228347768386205,0.0003,300,100,49.27084723310063,20.90485668182373,5.527146100997925,15.377700090408325,0,0.0,139,1.648727699990559,5.093203882337774,40.0,0.0,7.410071942446043,8,128.75,5.517019271850586,5.502579689025879,7.148582426452776e-06,1.648727699990559,0.25364330002776114,3.4736584000747825,cpu,cuda:0,0.0,420.9091796875,58.0,,,,
649,1,DDT500_num50.txt,fixed,1040,-3.72,-0.33649471213803517,0.26750001311302185,0.029895655810832977,0.2199999988079071,0.30000001192092896,0.027146979501204833,0.03295607340987772,0.001932453372449215,0.6775322982243129,0.011571392258961819,0.0633632263966969,0.0003,293,107,51.406317834575546,20.230976343154907,5.363013029098511,14.867946147918701,0,0.0,141,1.5371132000291254,5.229807686805725,35.0,0.0,7.375886524822695,8,130.0,6.442049503326416,5.330598831176758,8.33613103168318e-06,1.5371132000291254,0.2553307999878598,3.413899900013348,cpu,cuda:0,0.0,430.75830078125,58.0,,,,
650,1,DDT500_num50.txt,fixed,1027,-3.8000000000000003,-0.3373581680905104,0.26249998807907104,0.025372233241796494,0.2199999988079071,0.30000001192092896,-0.04213470278773457,-0.03587232102290727,0.0018718441933742724,0.7198302894830704,0.012828140141209587,0.051752101397141814,0.0003,295,105,77.74534394743895,13.209794282913208,5.20986008644104,7.999915838241577,0,0.0,136,1.5008855999840307,4.989289192285138,30.0,0.0,7.551470588235294,8,128.375,6.4213995933532715,5.178984642028809,6.138989192550071e-06,1.5008855999840307,0.23929559991665883,3.3195012000323914,cpu,cuda:0,0.0,457.2734375,58.0,,,,
651,1,DDT500_num50.txt,fixed,1037,-3.88,-0.3395533193825649,0.2574999928474426,0.03072051890194416,0.20000000298023224,0.30000001192092896,-0.02391870945159878,-0.017374029649155482,0.0014094372412988118,0.724939899785178,0.0120397708046117,0.05595701453941209,0.0003,297,103,81.20443698222523,12.770238161087036,5.374625205993652,7.395596981048584,0,0.0,138,1.5383019999862881,5.204435870410621,27.0,0.0,7.5144927536231885,8,129.625,6.479535102844238,5.346164226531982,6.0785050663980655e-06,1.5383019999862881,0.2566502999907243,3.4251722000517475,cpu,cuda:0,0.0,452.76513671875,58.0,,,,
652,1,DDT500_num50.txt,fixed,1040,-3.96,-0.3400832502269228,0.2524999976158142,0.01984313502907753,0.2199999988079071,0.2800000011920929,-0.06224901518887944,-0.056442305031749934,0.0018412942170268959,0.6727357308069865,0.01585006470688515,0.06643593808015187,0.0003,299,101,69.71361453554307,14.918176412582397,5.446917295455933,9.471245527267456,0,0.0,144,1.5605413000266708,4.8798076904737036,33.0,0.0,7.222222222222222,8,130.0,7.106335163116455,5.423323154449463,7.427418040606426e-06,1.5605413000266708,0.25470890004726243,3.4817243999968923,cpu,cuda:0,0.0,413.15234375,58.0,,,,
653,1,DDT500_num50.txt,fixed,1034,-4.12,-0.33066842651070166,0.24249999225139618,0.011989576742053032,0.2199999988079071,0.25999999046325684,-0.07257671561092138,-0.06619883561506867,0.0015021712752059102,0.7128963470458984,0.013347662519663572,0.05502257961779833,0.0003,303,97,77.28545929112319,13.378972053527832,5.427382469177246,7.95157265663147,0,0.0,138,1.5427382000161742,5.051257253384913,32.0,0.0,7.492753623188406,8,129.25,5.018714904785156,5.394633769989014,5.023791345593054e-06,1.5427382000161742,0.25437470004180796,3.471618999970815,cpu,cuda:0,0.0,374.24072265625,59.0,,,,
654,1,DDT500_num50.txt,fixed,1035,-4.16,-0.3372261685571911,0.24000000953674316,0.022360678762197495,0.20000000298023224,0.2800000011920929,0.00021643638610839843,0.006660716608166695,0.0015221543493680657,0.7205358803272247,0.014552871999330818,0.04392292760312557,0.0003,304,96,65.8012992358745,15.729172706604004,5.4090330600738525,10.320122957229614,0,0.0,139,1.6275544000054651,5.059903382103224,27.0,0.0,7.446043165467626,8,129.375,5.935854911804199,5.38514518737793,5.709614924853668e-06,1.6275544000054651,0.24898540003414382,3.3849449999979697,cpu,cuda:0,0.0,369.9443359375,59.0,,,,
655,1,DDT500_num50.txt,fixed,1036,-4.2,-0.33926405089141026,0.23749999701976776,0.021065369248390198,0.20000000298023224,0.25999999046325684,-0.05962068008051978,-0.05348993755049176,0.0013799765405969487,0.6820728182792664,0.011574818500472853,0.05908030809627639,0.0003,305,95,69.55538636111271,14.894604921340942,5.475928068161011,9.418660879135132,0,0.0,138,1.5424757999753638,5.173745173975307,36.0,0.0,7.507246376811594,8,129.5,4.609772205352783,5.440845966339111,6.764536465198034e-06,1.5424757999753638,0.262606800039066,3.5075743999768747,cpu,cuda:0,0.0,478.42724609375,59.0,,,,
656,1,DDT500_num50.txt,fixed,1019,-3.92,-0.33835103709125636,0.2549999952316284,0.019364917650818825,0.2199999988079071,0.2800000011920929,0.07488727321227391,0.08121627196669579,0.0015779024688526988,0.7117943366368612,0.04855281172785908,0.04587960367401441,0.0003,298,102,124.01279381544046,8.216894149780273,5.340918302536011,2.875959873199463,0,0.0,133,1.5137111999829358,5.2443572082744145,39.0,0.0,7.661654135338346,8,127.375,4.270172595977783,5.304622650146484,6.1041673689032905e-06,1.5137111999829358,0.2499072999562486,3.4161574999743607,cpu,cuda:0,0.0,350.1396484375,58.0,,,,
657,1,DDT500_num50.txt,fixed,1036,-3.96,-0.3327432553617565,0.2524999976158142,0.028173569589853287,0.20000000298023224,0.2800000011920929,-0.09121051663532853,-0.08580420538783073,0.0018892842635978013,0.6350952436526617,0.012768797285389155,0.07023864611983299,0.0003,299,101,56.86545248280648,18.218442916870117,5.466710805892944,12.751719236373901,0,0.0,145,1.5623704999925394,5.129343633255903,36.0,0.0,7.144827586206897,8,129.5,8.200610160827637,5.440028190612793,8.08165168564301e-06,1.5623704999925394,0.2546100000072329,3.497038000070461,cpu,cuda:0,0.0,420.9091796875,59.0,,,,
658,1,DDT500_num50.txt,fixed,1045,-3.56,-0.3138427778671144,0.2775000035762787,0.021065382286906242,0.23999999463558197,0.30000001192092896,-0.04590001469478011,-0.03976035211235285,0.0016817473515402526,0.6980535164475441,0.015268218208802864,0.05556691368110478,0.0003,289,111,69.40357107336862,15.056862115859985,5.504227161407471,9.552617311477661,0,0.0,137,1.5685545000342245,5.1196172194047405,30.0,0.0,7.627737226277373,8,130.625,6.081478118896484,5.477679252624512,7.344685400312301e-06,1.5685545000342245,0.25500550002470845,3.5272900000454683,cpu,cuda:0,0.0,449.26416015625,58.0,,,,
659,1,DDT500_num50.txt,fixed,1026,-3.92,-0.33729334773359915,0.2549999952316284,0.021794497966766357,0.2199999988079071,0.30000001192092896,-0.13957634155771562,-0.1337254198401102,0.0018745708262680896,0.6788211379732404,0.01860134004216109,0.03888646672878947,0.0003,298,102,81.65457971444474,12.565124988555908,5.360870838165283,7.20423698425293,0,0.0,140,1.5187853000097675,5.1978557474664315,32.0,0.0,7.328571428571428,8,128.25,8.481597900390625,5.324588775634766,9.047348612511996e-06,1.5187853000097675,0.2438180000099237,3.4383424000188825,cpu,cuda:0,0.0,374.24072265625,58.0,,,,
660,1,DDT500_num50.txt,fixed,1050,-3.96,-0.3367758400494503,0.2524999976158142,0.01984313502907753,0.2199999988079071,0.2800000011920929,0.024016844923608005,0.03066043124999851,0.0014305855947895907,0.7358878627419472,0.013942142570158467,0.04430095828138292,0.0003,299,101,77.78275466707298,13.499136209487915,5.450920343399048,8.04819941520691,0,0.0,140,1.5538616000012553,5.079999999772935,32.0,0.0,7.5,8,131.25,5.402545928955078,5.415009021759033,7.09069854565314e-06,1.5538616000012553,0.2463923999494,3.4901415999556775,cpu,cuda:0,0.0,382.73486328125,58.0,,,,
661,1,DDT500_num50.txt,fixed,1019,-4.0,-0.35784056739565173,0.25,0.03872983157634735,0.18000000715255737,0.3199999928474426,-0.018092717636715282,-0.012051570144566622,0.0018564461815086279,0.6969369108026678,0.011125742563639174,0.03846087467602708,0.0003,300,100,59.63422107437783,17.087504148483276,5.339327812194824,11.748157262802124,0,0.0,139,1.4944703000073787,4.968596661991647,24.0,0.0,7.330935251798561,8,127.375,5.633327007293701,5.309871196746826,6.66719961373019e-06,1.4944703000073787,0.24019500001668348,3.4561037000385113,cpu,cuda:0,0.0,368.47900390625,58.0,,,,
662,1,DDT500_num50.txt,fixed,1029,-4.0,-0.36184133907335997,0.25,0.017320508137345314,0.2199999988079071,0.2800000011920929,0.009553176040450731,0.015937642194330692,0.0016732835453391697,0.7221109519402186,0.007900451892055571,0.03917867507940779,0.0003,300,100,57.25056088371075,17.973623037338257,5.2273335456848145,12.746275186538696,0,0.0,132,1.4835233000121661,5.146744412513933,30.0,0.0,7.795454545454546,8,128.625,2.0577597618103027,5.203419208526611,4.288221589376917e-06,1.4835233000121661,0.25013349996879697,3.3473304000690405,cpu,cuda:0,0.0,343.17626953125,58.0,,,,
663,1,DDT500_num50.txt,fixed,1032,-3.88,-0.367411130366812,0.2574999928474426,0.03526683896780014,0.18000000715255737,0.30000001192092896,-0.056390460766851905,-0.050328701373655346,0.002032393391709775,0.7077957153320312,0.011599513218970969,0.04521779911592603,0.0003,297,103,65.22891017587892,15.821205615997314,5.383142948150635,10.438049554824829,0,0.0,133,1.5337634999996226,5.163759686226069,35.0,0.0,7.7593984962406015,8,129.0,4.527692794799805,5.35616397857666,7.130669018806657e-06,1.5337634999996226,0.2535009000057471,3.443945799906942,cpu,cuda:0,0.0,394.8056640625,59.0,,,,
664,1,DDT500_num50.txt,fixed,1036,-4.04,-0.4000884996197347,0.2474999874830246,0.022220484912395477,0.2199999988079071,0.2800000011920929,-0.13907447540097767,-0.13276349297828144,0.00230212798083408,0.7462045086754693,0.011814889019458659,0.048966461792588234,0.0003,301,99,71.80092765373587,14.428782939910889,5.596221923828125,8.832545042037964,0,0.0,135,1.5398689999783528,5.341698841008441,39.0,0.0,7.674074074074074,8,129.5,3.708099126815796,5.5618062019348145,4.425218321557622e-06,1.5398689999783528,0.26259480008957325,3.628532700040523,cpu,cuda:0,0.0,444.37890625,58.0,,,,
665,1,DDT500_num50.txt,fixed,1053,-4.0,-0.3768982477835276,0.2499999850988388,0.022360680624842644,0.2199999988079071,0.2800000011920929,-0.03142165445855686,-0.02525333421570914,0.0015660833949888392,0.6951363214424678,0.012247843426718776,0.07157574058510363,0.0003,300,100,51.66885685768099,20.379781246185303,5.4395880699157715,14.940179109573364,0,0.0,143,1.5690422999978182,5.03703703952764,30.0,0.0,7.363636363636363,8,131.625,6.323319911956787,5.414955139160156,5.769039944425458e-06,1.5690422999978182,0.2514565999554179,3.4668334999696526,cpu,cuda:0,0.0,364.046875,58.0,,,,
666,1,DDT500_num50.txt,fixed,1015,-3.96,-0.3769338258179464,0.2524999976158142,0.022220486775040627,0.2199999988079071,0.2800000011920929,-0.11721667492141326,-0.11131059316297372,0.0017427620817519103,0.6777462959289551,0.014550946740200743,0.07218188187107444,0.0003,299,101,56.51264899750088,17.960580825805664,5.238037586212158,12.722529411315918,0,0.0,139,1.5046726999971725,5.281773398310093,36.0,0.0,7.302158273381295,8,126.875,6.233728885650635,5.2124433517456055,6.8293502408778295e-06,1.5046726999971725,0.2477805999442353,3.3378155000536935,cpu,cuda:0,0.0,392.7900390625,59.0,,,,
667,1,DDT500_num50.txt,fixed,1042,-3.68,-0.3610594710890437,0.26999998092651367,0.01732051372528076,0.23999999463558197,0.30000001192092896,-0.035980208218097685,-0.029899247735738755,0.0014719884726218878,0.6816955447196961,0.008534688246436417,0.04823493007570505,0.0003,292,108,65.52269168577729,15.90288758277893,5.407717943191528,10.49513578414917,0,0.0,135,1.5457589000106964,5.042226483863055,35.0,0.0,7.718518518518518,8,130.25,3.699662208557129,5.383494853973389,4.357258603704395e-06,1.5457589000106964,0.24847610003052978,3.4642464000280597,cpu,cuda:0,0.0,405.90283203125,59.0,,,,
668,1,DDT500_num50.txt,fixed,1044,-3.88,-0.3706834409445188,0.2574999928474426,0.011989579536020756,0.23999999463558197,0.2800000011920929,-0.06505275284871459,-0.059226351583169565,0.0015988955597600176,0.662585026688046,0.014266603626310825,0.058644970465037555,0.0003,297,103,68.95824812279332,15.139595746994019,5.374804735183716,9.76477599143982,0,0.0,139,1.527398300011555,5.123563219304286,28.0,0.0,7.510791366906475,8,130.5,6.0,5.3491106033325195,6.16209399595391e-06,1.527398300011555,0.2507451998972101,3.444668100131821,cpu,cuda:0,0.0,383.73779296875,59.0,,,,
669,1,DDT500_num50.txt,fixed,1052,-3.84,-0.3655133534548102,0.25999999046325684,0.022360684350132942,0.2199999988079071,0.30000001192092896,-0.031218400100866954,-0.025857892632484437,0.0017533574951812624,0.6237186749776205,0.007171500485856086,0.04235509025553862,0.0003,296,104,47.50841253478671,22.143446683883667,5.450376749038696,16.6930570602417,0,0.0,142,1.571077000011428,5.152091256112653,32.0,0.0,7.408450704225352,8,131.5,6.557438373565674,5.417043209075928,6.1227638070704415e-06,1.571077000011428,0.25683980000394513,3.4618289000718505,cpu,cuda:0,0.0,417.93310546875,60.0,,,,
670,1,DDT500_num50.txt,fixed,1032,-3.96,-0.3800667582246516,0.2524999976158142,0.03307189419865608,0.20000000298023224,0.30000001192092896,-0.051890603421876826,-0.046435559420691185,0.001688807038590312,0.6299448485175768,0.012127961032092571,0.04876455136885246,0.0003,299,101,54.203907049600666,19.039217948913574,5.681722164154053,13.357479572296143,0,0.0,133,1.5711310999868147,4.999031007520912,27.0,0.0,7.7593984962406015,8,129.0,4.873397350311279,5.646087646484375,7.094705779309152e-06,1.5711310999868147,0.2700725000104285,3.671209199954319,cpu,cuda:0,0.0,420.9091796875,62.0,,,,
671,1,DDT500_num50.txt,fixed,998,-3.96,-0.38526881742182795,0.2524999976158142,0.024366989731788635,0.2199999988079071,0.30000001192092896,0.005582861602306366,0.011423524469137192,0.002032670861808583,0.6856997966766357,0.012205768114654347,0.05982290941756219,0.0003,299,101,64.72431941914795,15.419242858886719,5.220484972000122,10.198742628097534,0,0.0,134,1.4729651999841735,5.398797599251619,32.0,0.0,7.447761194029851,8,124.75,5.141740798950195,5.186375617980957,5.149510343471775e-06,1.4729651999841735,0.25143969993587234,3.3384850999718765,cpu,cuda:0,0.0,448.06591796875,59.0,,,,
672,1,DDT500_num50.txt,fixed,1006,-3.7600000000000002,-0.3722978641577145,0.26499998569488525,0.021794499829411507,0.23999999463558197,0.30000001192092896,0.0531550768895873,0.05892209615558386,0.0024247795809060335,0.6979408136435917,0.02434219702679132,0.050807894340583255,0.0003,294,106,87.02123719036474,11.560396432876587,5.170798301696777,6.389582633972168,0,0.0,134,1.4722291999860317,5.341948310850155,32.0,0.0,7.507462686567164,8,125.75,5.629165172576904,5.146429538726807,2.3133974536904134e-05,1.4722291999860317,0.23928600007275236,3.314619800006767,cpu,cuda:0,0.0,432.03564453125,59.0,,,,
673,1,DDT500_num50.txt,fixed,1030,-3.88,-0.38860432797616695,0.2574999928474426,0.015612496994435787,0.23999999463558197,0.2800000011920929,0.001712053082883358,0.007400548085570335,0.001780004269676283,0.6578494608402252,0.011710081744240597,0.07014968851581216,0.0003,297,103,105.15613366928709,9.79495882987976,5.324340343475342,4.470602512359619,0,0.0,136,1.5118157000069914,5.167961165280018,27.0,0.0,7.573529411764706,8,128.75,3.766629695892334,5.290750980377197,6.305709575826768e-06,1.5118157000069914,0.2450060000301164,3.4111018999938096,cpu,cuda:0,0.0,393.8623046875,59.0,,,,
674,1,DDT500_num50.txt,fixed,1004,-4.0,-0.38059983573406175,0.25,0.026457510888576508,0.20000000298023224,0.2800000011920929,0.007790748204570264,0.012466031999792904,0.002973011665744707,0.6161783710122108,0.018871815816964954,0.06671055336482823,0.0003,300,100,77.98438053539995,12.874372959136963,5.145593643188477,7.728766441345215,0,0.0,135,1.468134500017186,5.395418326930696,28.0,0.0,7.437037037037037,8,125.5,7.5,5.118935585021973,9.597643838787917e-06,1.468134500017186,0.2389136000419967,3.293291299989505,cpu,cuda:0,0.0,367.08740234375,59.0,,,,
675,1,DDT500_num50.txt,fixed,1034,-3.72,-0.36901406437648016,0.26749998331069946,0.024366986006498337,0.23999999463558197,0.3199999928474426,-0.09002281725406647,-0.08608058094978333,0.0026499576633796096,0.5267208218574524,0.023271563462913036,0.04873772710561752,0.0003,293,107,130.80285557253552,7.905026197433472,5.535233020782471,2.3697781562805176,0,0.0,137,1.5630120999885548,5.281431329319509,30.0,0.0,7.547445255474453,8,129.25,5.165994644165039,5.511143684387207,8.885691386240069e-06,1.5630120999885548,0.26062919994001277,3.5595562999733374,cpu,cuda:0,0.0,456.17041015625,59.0,,,,
676,1,DDT500_num50.txt,fixed,1052,-3.56,-0.38750149095679365,0.2775000035762787,0.03230712562799454,0.20000000298023224,0.30000001192092896,0.04122389340773225,0.046183095080778,0.0023292750120162964,0.6123844124376774,0.02990051709639374,0.052623406052589417,0.0003,289,111,72.82555486516313,14.445478677749634,5.553974628448486,8.89148759841919,0,0.0,142,1.5618457999771636,5.114068444690777,27.0,0.0,7.408450704225352,8,131.5,6.557438373565674,5.518700122833252,9.003261766338255e-06,1.5618457999771636,0.2554644999509037,3.5741335000275285,cpu,cuda:0,0.0,494.5732421875,59.0,,,,
677,1,DDT500_num50.txt,fixed,1057,-3.8000000000000003,-0.40300786803552063,0.26249998807907104,0.015612497925758362,0.23999999463558197,0.2800000011920929,1.890150209267934e-05,0.0046615588168303175,0.002260469521085421,0.577289256784651,0.017488377569760714,0.047103379025227494,0.0003,295,105,67.50166673589322,15.658872604370117,5.455577611923218,10.203277349472046,0,0.0,137,1.552453099982813,5.046357615894039,28.0,0.0,7.7153284671532845,8,132.125,4.728569984436035,5.421267032623291,6.953080628591124e-06,1.552453099982813,0.2501533000431664,3.4940210000277148,cpu,cuda:0,0.0,386.83447265625,59.0,,,,
678,1,DDT500_num50.txt,fixed,1041,-4.08,-0.42050623231184037,0.24500000476837158,0.02958039753139019,0.18000000715255737,0.2800000011920929,-0.03710147365927696,-0.03234328329563141,0.003027393890079111,0.6271886825561523,0.011104741366580129,0.039951521437615156,0.0003,302,98,112.59833825359655,9.245251893997192,5.373716592788696,3.87152099609375,0,0.0,141,1.5463108000076318,5.201729105712128,39.0,0.0,7.382978723404255,8,130.125,7.078797340393066,5.348507881164551,8.412494025833439e-06,1.5463108000076318,0.24629229990023305,3.43305459997282,cpu,cuda:0,0.0,417.93310546875,59.0,,,,
679,1,DDT500_num50.txt,fixed,1069,-3.7600000000000002,-0.37433778362579745,0.26499998569488525,0.019364923238754272,0.23999999463558197,0.30000001192092896,-0.02214642520993948,-0.017010843846946955,0.002287568000610918,0.6279369257390499,0.008056423830566928,0.03456406440818682,0.0003,294,106,75.53883265538589,14.15166163444519,5.532920598983765,8.618722200393677,0,0.0,141,1.5736853999915184,5.097287186514674,36.0,0.0,7.581560283687943,8,133.625,4.12121057510376,5.496634006500244,5.818097179144388e-06,1.5736853999915184,0.24852340002325946,3.548630500012223,cpu,cuda:0,0.0,445.56591796875,59.0,,,,
680,1,DDT500_num50.txt,fixed,1081,-3.96,-0.3828717383323338,0.2524999976158142,0.017139136791229248,0.2199999988079071,0.2800000011920929,-0.10461345886190733,-0.10080928814907869,0.004454593965783715,0.6031465391318004,0.005413586343638599,0.060210081127782665,0.0003,299,101,50.12448780418778,21.56630516052246,5.720001220703125,15.846288204193115,0,0.0,143,1.6033062000060454,4.987049025589399,28.0,0.0,7.559440559440559,8,135.125,4.85894775390625,5.683197975158691,6.889430551382247e-06,1.6033062000060454,0.2483527000695176,3.7050368998789054,cpu,cuda:0,0.0,424.0185546875,59.0,,,,
681,1,DDT500_num50.txt,fixed,1041,-3.72,-0.30742261363754186,0.26749998331069946,0.024366986006498337,0.23999999463558197,0.3199999928474426,0.0054102246416732665,0.009578680736012757,0.003918853006325662,0.6127882838249207,0.016968442604411393,0.09173477883450687,0.0003,293,107,62.452399644166384,16.668694972991943,5.571599006652832,11.097077131271362,0,0.0,144,1.6282597999852442,5.1316042280792615,36.0,0.0,7.229166666666667,8,130.125,7.991206169128418,5.537697792053223,8.802135198493488e-06,1.6282597999852442,0.25388389997169725,3.5255442000016046,cpu,cuda:0,0.0,441.8779296875,59.0,,,,
682,1,DDT500_num50.txt,fixed,1070,-3.84,-0.2688224231376404,0.25999999046325684,0.022360684350132942,0.2199999988079071,0.30000001192092896,-0.05160762994949307,-0.04659396516425269,0.002160401449405721,0.6093866590942655,0.012032136021714126,0.053818051503705125,0.0003,296,104,50.57941110347896,21.154852867126465,5.710932493209839,15.443907499313354,0,0.0,141,1.6249489000001631,5.035514018468768,32.0,0.0,7.588652482269503,8,133.75,7.154543876647949,5.685986042022705,7.530027232860448e-06,1.6249489000001631,0.26053259995387634,3.6685076999638113,cpu,cuda:0,0.0,469.171875,59.0,,,,
683,1,DDT500_num50.txt,fixed,1058,-3.84,-0.2744267387846519,0.25999999046325684,0.024494901299476624,0.2199999988079071,0.30000001192092896,-0.04244864359498024,-0.03675508964806795,0.001974417406017892,0.6680762767791748,0.016755995544372126,0.041614517802372575,0.0003,296,104,70.7602953484923,14.951887845993042,5.607931852340698,9.34393572807312,0,0.0,149,1.636717100001988,5.042533081736141,32.0,0.0,7.100671140939597,8,132.25,7.660776615142822,5.582937717437744,7.008046395640122e-06,1.636717100001988,0.25781470002038986,3.558368300065922,cpu,cuda:0,0.0,439.376953125,59.0,,,,
684,1,DDT500_num50.txt,fixed,1068,-4.0,-0.3024701223632571,0.25,0.022360676899552345,0.20000000298023224,0.2800000011920929,-0.02448895573616028,-0.01966715306043625,0.002517372800502926,0.608048540353775,0.029069993644952774,0.08923583403229714,0.0003,300,100,66.34641694024558,16.09732747077942,5.502975940704346,10.594330310821533,0,0.0,140,1.5667872000049101,5.030898874618587,32.0,0.0,7.628571428571429,8,133.5,3.640054941177368,5.466782093048096,6.928511083970079e-06,1.5667872000049101,0.2514313000247057,3.521737100018072,cpu,cuda:0,0.0,409.12109375,59.0,,,,
685,1,DDT500_num50.txt,fixed,1040,-3.96,-0.2979106190626522,0.2524999976158142,0.017139136791229248,0.2199999988079071,0.2800000011920929,-0.09190818791588147,-0.08694766296280755,0.0020164259153211284,0.5968735582298703,0.009576587329825593,0.057623793888423175,0.0003,299,101,72.65131791969765,14.314950227737427,5.249734878540039,9.06520128250122,0,0.0,138,1.5294464999860793,5.044230765333542,32.0,0.0,7.536231884057971,8,130.0,5.361902713775635,5.216761112213135,6.166704679344548e-06,1.5294464999860793,0.23862719994576764,3.3286228999750165,cpu,cuda:0,0.0,367.7783203125,59.0,,,,
686,1,DDT500_num50.txt,fixed,1006,-3.8000000000000003,-0.30715975160266323,0.26249998807907104,0.023318450897932053,0.2199999988079071,0.30000001192092896,-0.07805099876390563,-0.07258199476119545,0.0020703488909122017,0.6504181689686246,0.01775353011261258,0.07074159466558033,0.0003,295,105,74.37700897580655,13.52568507194519,5.293033123016357,8.232635021209717,0,0.0,135,1.4932036999853153,5.4373757450528455,44.0,0.0,7.451851851851852,8,125.75,5.739120006561279,5.2595109939575195,7.060571988404263e-06,1.4932036999853153,0.2544297000422375,3.3874216999538476,cpu,cuda:0,0.0,479.396484375,59.0,,,,
687,1,DDT500_num50.txt,fixed,1058,-3.7600000000000002,-0.3155395291819894,0.26499998569488525,0.021794496104121208,0.2199999988079071,0.2800000011920929,-0.06570830643177032,-0.06046300530433655,0.001544511958491057,0.6017556428909302,0.01340604319702834,0.028629445657134055,0.0003,294,106,98.87156677384056,10.700750827789307,5.4212329387664795,5.279501438140869,0,0.0,139,1.553472799994779,5.023629486448147,36.0,0.0,7.611510791366906,8,132.25,5.539629936218262,5.3882341384887695,7.362078576989006e-06,1.553472799994779,0.2484868999599712,3.4611146000315784,cpu,cuda:0,0.0,467.05712890625,59.0,,,,
688,1,DDT500_num50.txt,fixed,1043,-3.72,-0.3205795146731535,0.26749998331069946,0.022220490500330925,0.2199999988079071,0.30000001192092896,-0.06143551377149729,-0.05699778290895315,0.0019206677993329673,0.5398064416188461,0.017461902587316357,0.062478371107807525,0.0003,293,107,51.87032555772326,20.1078360080719,5.403954267501831,14.70386791229248,0,0.0,139,1.5382892999914475,5.099712368625923,36.0,0.0,7.503597122302159,8,130.375,6.575284957885742,5.370391845703125,6.16900888417149e-06,1.5382892999914475,0.24823549987922888,3.4597703000472393,cpu,cuda:0,0.0,423.0947265625,59.0,,,,
689,1,DDT500_num50.txt,fixed,1051,-3.56,-0.33177101831112293,0.2774999737739563,0.023318452760577202,0.25999999046325684,0.3199999928474426,-0.0921851537589516,-0.08717721075351749,0.0018389449521367038,0.5927414979253497,0.0122432493787658,0.042199658030377965,0.0003,289,111,84.21561868067187,12.479870319366455,5.27997612953186,7.19987940788269,0,0.0,144,1.5272139000007883,4.879162704003186,36.0,0.0,7.298611111111111,8,131.375,8.245264053344727,5.244464874267578,9.478450920141768e-06,1.5272139000007883,0.2371419999653881,3.36036320002313,cpu,cuda:0,0.0,418.837890625,59.0,,,,
690,1,DDT500_num50.txt,fixed,1072,-3.8000000000000003,-0.3344410344584973,0.26249998807907104,0.015612497925758362,0.23999999463558197,0.2800000011920929,-0.020998889207839967,-0.01575175126393636,0.0014162726700305938,0.5955275058746338,0.007376642649372419,0.0682615318025152,0.0003,295,105,49.337297118291055,21.727983951568604,5.538307189941406,16.189663410186768,0,0.0,144,1.5845372999865504,4.865671641568639,27.0,0.0,7.444444444444445,8,134.0,5.244044303894043,5.508882522583008,7.545109838247299e-06,1.5845372999865504,0.2538754999040975,3.5422658999232226,cpu,cuda:0,0.0,428.31982421875,59.0,,,,
691,1,DDT500_num50.txt,fixed,1059,-3.84,-0.34253083403969686,0.25999999046325684,0.033166248351335526,0.20000000298023224,0.3199999928474426,-0.11132442951202393,-0.10662656761705876,0.0019513613835442812,0.5673540264368058,0.019589797867229208,0.06903015882708133,0.0003,296,104,64.4667017676831,16.427085161209106,5.598904848098755,10.828163385391235,0,0.0,139,1.5843402000027709,5.036827199069592,36.0,0.0,7.618705035971223,8,132.375,5.406882286071777,5.565125465393066,7.593921964144101e-06,1.5843402000027709,0.25897860000259243,3.5932748999366595,cpu,cuda:0,0.0,438.1787109375,60.0,,,,
692,1,DDT500_num50.txt,fixed,1055,-3.88,-0.32420633520076564,0.2574999928474426,0.01854049600660801,0.2199999988079071,0.2800000011920929,-0.06989038083702326,-0.06449564034119248,0.0015835679005249403,0.618652630597353,0.01321586059202673,0.05516601703129709,0.0003,297,103,76.53876087516454,13.783865690231323,5.508319854736328,8.27553105354309,0,0.0,142,1.5852520000262302,5.025592415253698,36.0,0.0,7.429577464788732,8,131.875,5.946374893188477,5.475474834442139,7.389052825601539e-06,1.5852520000262302,0.2565484000588185,3.5064536000172666,cpu,cuda:0,0.0,433.1875,59.0,,,,
693,1,DDT500_num50.txt,fixed,1041,-3.84,-0.31228337186204524,0.25999999046325684,0.024494905024766922,0.23999999463558197,0.30000001192092896,-0.10568251780101232,-0.1006659088390214,0.0013140299789873616,0.5673625809805733,0.016281995523188795,0.0778933127543756,0.0003,296,104,82.75197726785173,12.5797598361969,5.407110929489136,7.1726319789886475,0,0.0,139,1.5383069000199612,5.048991353550745,36.0,0.0,7.489208633093525,8,130.125,5.4643731117248535,5.3816399574279785,7.235522843984654e-06,1.5383069000199612,0.2558781999978237,3.460546400019666,cpu,cuda:0,0.0,428.31982421875,59.0,,,,
694,1,DDT500_num50.txt,fixed,1070,-3.72,-0.30731791903452793,0.26750001311302185,0.033071890473365784,0.20000000298023224,0.3199999928474426,-0.04621486893544594,-0.04124868707731366,0.001181888646290948,0.5557127843300501,0.020427820350353915,0.030287956818938255,0.0003,293,107,94.53134884084595,11.31899642944336,5.367978572845459,5.951001405715942,0,0.0,144,1.549496600022394,4.9485981295041945,24.0,0.0,7.430555555555555,8,133.75,6.036348342895508,5.342432498931885,8.030495337152388e-06,1.549496600022394,0.24361300003147335,3.4271555999330303,cpu,cuda:0,0.0,367.08935546875,59.0,,,,
695,1,DDT500_num50.txt,fixed,1065,-3.6,-0.30892931918242633,0.2750000059604645,0.027838822454214096,0.2199999988079071,0.3199999928474426,-0.01747418977320194,-0.012720722208420436,0.0017097592120990158,0.5608344217141469,0.010805347340647132,0.04315184137473504,0.0003,290,110,48.33468170014781,22.033868074417114,5.664546728134155,16.369306564331055,0,0.0,144,1.5840432999793848,4.910798122289595,28.0,0.0,7.395833333333333,8,133.125,6.132648468017578,5.638273239135742,7.524363354605157e-06,1.5840432999793848,0.2595958999481809,3.6665541999827838,cpu,cuda:0,0.0,382.73486328125,59.0,,,,
696,1,DDT500_num50.txt,fixed,1045,-3.88,-0.32302195162241376,0.2574999928474426,0.023318450897932053,0.2199999988079071,0.30000001192092896,-0.040390332229435444,-0.035307953381561674,0.0016880658144752185,0.5926414767901103,0.01566295274727357,0.043086871753136316,0.0003,297,103,49.2946247613755,21.199065923690796,5.4416680335998535,15.757381677627563,0,0.0,136,1.5343085000131396,5.06698564661747,30.0,0.0,7.6838235294117645,8,130.625,5.914759159088135,5.4145989418029785,7.526251920353388e-06,1.5343085000131396,0.2597079000697704,3.493310300018493,cpu,cuda:0,0.0,446.75537109375,59.0,,,,
697,1,DDT500_num50.txt,fixed,1038,-3.88,-0.32570760723882003,0.2574999928474426,0.023318450897932053,0.2199999988079071,0.30000001192092896,-0.06294272917633255,-0.0577976000495255,0.0015692394081270322,0.5929751098155975,0.010518800195616981,0.04232299646052221,0.0003,297,103,56.918350009750284,18.23664951324463,5.439336061477661,12.79729676246643,0,0.0,133,1.518551099983597,5.120423894856477,32.0,0.0,7.804511278195489,8,129.75,3.5968737602233887,5.412117958068848,6.055081030353904e-06,1.518551099983597,0.2600269000395201,3.5057599999745435,cpu,cuda:0,0.0,463.94287109375,58.0,,,,
698,1,DDT500_num50.txt,fixed,1038,-3.84,-0.3467273511708193,0.25999999046325684,0.020000001415610313,0.2199999988079071,0.2800000011920929,-0.016627312016983826,-0.011180725259085497,0.0014629739647110303,0.6178076590100924,0.015613310330081731,0.035447861456001796,0.0003,296,104,56.47296181730944,18.38047742843628,5.363068342208862,13.017392873764038,0,0.0,137,1.5258422999977483,4.989402699332706,24.0,0.0,7.576642335766423,8,129.75,5.606915473937988,5.337019443511963,8.456300747639034e-06,1.5258422999977483,0.2490703999719699,3.4381788998725824,cpu,cuda:0,0.0,403.716796875,59.0,,,,
699,1,DDT500_num50.txt,fixed,1065,-3.7600000000000002,-0.3473521453482271,0.26499998569488525,0.013228760100901127,0.23999999463558197,0.2800000011920929,-0.04244755980159555,-0.0369002115247505,0.0016069248168995337,0.6350809718881335,0.011071961672444428,0.08021470119378396,0.0003,294,106,51.151483810092,20.820510387420654,5.51916766166687,15.30132532119751,0,0.0,140,1.5684851000041817,4.993427229823081,36.0,0.0,7.607142857142857,8,133.125,6.918046951293945,5.482851982116699,7.771494892949704e-06,1.5684851000041817,0.25363369998376584,3.53302509997593,cpu,cuda:0,0.0,419.87060546875,59.0,,,,
700,1,DDT500_num50.txt,fixed,999,-3.96,-0.35717244291532013,0.2524999976158142,0.022220483049750328,0.20000000298023224,0.2800000011920929,-0.042596639333558936,-0.03675967202122722,0.0019342779414728284,0.6804104958261762,0.011539725586771965,0.05191532442612307,0.0003,299,101,79.58142738905262,12.55318021774292,5.105640172958374,7.447526931762695,0,0.0,130,1.477936800016323,5.211211217654957,28.0,0.0,7.684615384615385,8,124.875,5.818881034851074,5.077703952789307,9.78533262241399e-06,1.477936800016323,0.240318699983618,3.241143799979909,cpu,cuda:0,0.0,420.9072265625,59.0,,,,
701,1,DDT500_num50.txt,fixed,1025,-4.04,-0.35214916110082434,0.2475000023841858,0.024366989731788635,0.2199999988079071,0.30000001192092896,-0.06707957666367292,-0.061159600503742695,0.002236607135273516,0.7038282603025436,0.01053554198006168,0.04710195056395605,0.0003,301,99,80.81480670112468,12.683319330215454,5.328788757324219,7.354511976242065,0,0.0,141,1.521142299985513,4.940487803482428,36.0,0.0,7.2695035460992905,8,128.125,6.233728885650635,5.296907424926758,5.741879704146413e-06,1.521142299985513,0.24004479999348405,3.414495600030932,cpu,cuda:0,0.0,381.60791015625,59.0,,,,
702,1,DDT500_num50.txt,fixed,1063,-3.7600000000000002,-0.3373224903987235,0.26500001549720764,0.02397916465997696,0.23999999463558197,0.30000001192092896,-0.07549920212477446,-0.07032156363129616,0.002020001775235869,0.6187640205025673,0.013161656708689407,0.05173190962523222,0.0003,294,106,80.47235779490754,13.209504842758179,5.343202352523804,7.866288661956787,0,0.0,143,1.548369999982242,5.033866414458597,35.0,0.0,7.433566433566433,8,132.875,6.431125640869141,5.318612575531006,6.936710633453913e-06,1.548369999982242,0.24245849996077595,3.4055064000858692,cpu,cuda:0,0.0,409.12109375,58.0,,,,
703,1,DDT500_num50.txt,fixed,1048,-3.6,-0.30695085922527704,0.2749999761581421,0.01658312976360321,0.23999999463558197,0.30000001192092896,0.05925341695547104,0.06492946483194828,0.0023075381759554148,0.6829822510480881,0.011242725769989192,0.045220902655273676,0.0003,290,110,112.84374453992928,9.28717851638794,5.596718072891235,3.6904430389404297,0,0.0,141,1.5629426999985299,5.024809161897834,30.0,0.0,7.432624113475177,8,131.0,5.678908348083496,5.560853481292725,6.242288236535387e-06,1.5629426999985299,0.254579299933539,3.617015200030437,cpu,cuda:0,0.0,373.103515625,59.0,,,,
704,1,DDT500_num50.txt,fixed,1080,-3.72,-0.30415282408623384,0.26749998331069946,0.028173571452498436,0.23999999463558197,0.3199999928474426,0.0446325937906901,0.04998620102802912,0.0015707601107553476,0.6138991117477417,0.013069447750846544,0.07243141324983703,0.0003,293,107,71.03476832394972,15.203822374343872,5.596147298812866,9.607661485671997,0,0.0,145,1.6118275000189897,4.9055555568801035,32.0,0.0,7.448275862068965,8,135.0,6.855654716491699,5.561079025268555,6.953080628591124e-06,1.6118275000189897,0.25165119986922946,3.5696930000849534,cpu,cuda:0,0.0,464.939453125,59.0,,,,
705,1,DDT500_num50.txt,fixed,1062,-3.64,-0.30402150261771216,0.2724999785423279,0.017139142379164696,0.23999999463558197,0.30000001192092896,0.004537669143506459,0.010099382538880621,0.001643145689740777,0.6383287736347744,0.008026334191007274,0.03213440999388695,0.0003,291,109,77.31184337514075,13.736575841903687,5.600772857666016,8.135781526565552,0,0.0,141,1.5791143999958877,5.021657252042307,45.0,0.0,7.531914893617022,8,132.75,5.825590133666992,5.578349590301514,4.750456355395727e-06,1.5791143999958877,0.26191270000708755,3.6072912999989057,cpu,cuda:0,0.0,444.37890625,59.0,,,,
706,1,DDT500_num50.txt,fixed,1049,-3.8000000000000003,-0.296039984240601,0.26249998807907104,0.018540499731898308,0.23999999463558197,0.2800000011920929,-0.027226371690630913,-0.021526695953475103,0.0014313617979900704,0.6415354079670377,0.012444862630218267,0.04437506736980544,0.0003,295,105,69.91396642356189,15.004155158996582,5.425936222076416,9.578202724456787,0,0.0,141,1.5436878000255092,5.04194470651952,36.0,0.0,7.439716312056738,8,131.125,7.253232002258301,5.389275550842285,9.805643458093982e-06,1.5436878000255092,0.24910220003221184,3.471935300021869,cpu,cuda:0,0.0,343.17626953125,59.0,,,,
707,1,DDT500_num50.txt,fixed,982,-4.12,-0.31900461776006545,0.24249999225139618,0.04054318740963936,0.1599999964237213,0.30000001192092896,-0.42529307305812836,-0.4185575544834137,0.0022000030148774385,0.7835515141487122,0.04180098313372582,0.02621740847826004,0.0003,303,97,155.86018211939012,6.300518751144409,5.131398439407349,1.169104814529419,0,0.0,135,1.4757639000054041,5.255600810536542,36.0,0.0,7.274074074074074,8,122.75,7.790218353271484,5.09576940536499,8.324189366248902e-06,1.4757639000054041,0.2453014999809966,3.25530980005351,cpu,cuda:0,0.0,233.2978515625,59.0,,,,
708,1,DDT500_num50.txt,fixed,1077,-3.8000000000000003,-0.2995717992987883,0.26249998807907104,0.025372229516506195,0.23999999463558197,0.3199999928474426,-0.05863526894245297,-0.05361769220326096,0.0013024744112044573,0.5668814182281494,0.011504935333505273,0.05325882602483034,0.0003,295,105,110.3730553297891,9.757816314697266,5.496540069580078,4.26125955581665,0,0.0,140,1.5753480999810563,4.958217270194986,36.0,0.0,7.692857142857143,8,134.625,4.090766906738281,5.465506076812744,6.244564247026574e-06,1.5753480999810563,0.24743479992321227,3.5172721999624628,cpu,cuda:0,0.0,425.0146484375,59.0,,,,
709,1,DDT500_num50.txt,fixed,1052,-3.52,-0.30375550763062287,0.2800000011920929,0.020000003278255463,0.25999999046325684,0.3199999928474426,-0.03322100043296814,-0.027962092806895576,0.001273121665387104,0.5895471076170603,0.009360398111554483,0.04790688194334507,0.0003,288,112,49.27065961084913,21.351449489593506,5.549957990646362,15.801474809646606,0,0.0,142,1.5871562999491289,5.213878327449465,36.0,0.0,7.408450704225352,8,131.5,5.8736701011657715,5.52390718460083,6.41075575913419e-06,1.5871562999491289,0.2606477999361232,3.5458330999499594,cpu,cuda:0,0.0,348.103515625,59.0,,,,
710,1,DDT500_num50.txt,fixed,1057,-3.64,-0.30141530457462623,0.27250000834465027,0.022220496088266373,0.23999999463558197,0.30000001192092896,0.008870141270260016,0.014141800270105401,0.001711864533717744,0.6127584005395571,0.009332398297071146,0.04192073425898949,0.0003,291,109,58.94555998350304,17.93180012702942,5.455716609954834,12.476068258285522,0,0.0,138,1.6432686999687576,5.067171238454423,30.0,0.0,7.659420289855072,8,132.125,4.075459957122803,5.419597625732422,6.533713076350978e-06,1.6432686999687576,0.24587859994062455,3.408016099987435,cpu,cuda:0,0.0,480.50341796875,59.0,,,,
711,1,DDT500_num50.txt,fixed,1042,-3.68,-0.3013006038819828,0.27000001072883606,0.02000000886619091,0.23999999463558197,0.30000001192092896,-0.03111940419132059,-0.025780007581819187,0.001544567512940954,0.6111680540171537,0.011172615954737094,0.04769999110563235,0.0003,292,108,59.39723582429812,17.542903900146484,5.466594219207764,12.076287508010864,0,0.0,139,1.5350858999954653,5.205374280916752,36.0,0.0,7.496402877697841,8,130.25,6.8693156242370605,5.442601680755615,8.706359949428588e-06,1.5350858999954653,0.2612663999098004,3.5174531000120624,cpu,cuda:0,0.0,352.48046875,59.0,,,,
712,1,DDT500_num50.txt,fixed,1047,-3.72,-0.30680874752440424,0.26749998331069946,0.017139142379164696,0.23999999463558197,0.30000001192092896,-0.002579537353345326,0.002798751528773989,0.0015981868325200463,0.617738351225853,0.015474319549476994,0.06591482074665171,0.0003,293,107,50.387085343926536,20.779134035110474,5.549455404281616,15.229663133621216,0,0.0,141,1.5936591000245244,5.033428840901357,28.0,0.0,7.425531914893617,8,130.875,8.724068641662598,5.51512336730957,6.332695647870423e-06,1.5936591000245244,0.2561997000630072,3.537714399935794,cpu,cuda:0,0.0,360.548828125,60.0,,,,
713,1,DDT500_num50.txt,fixed,1019,-3.68,-0.3284040473005397,0.27000001072883606,0.024494897574186325,0.23999999463558197,0.3199999928474426,-0.03273995891213417,-0.026973376919825872,0.0017872869075896839,0.6660231709480285,0.01207932699471712,0.0516485869884491,0.0003,292,108,49.78829441792988,20.466658115386963,5.512239694595337,14.954398393630981,0,0.0,133,1.5366337000123167,5.356231597735674,30.0,0.0,7.661654135338346,8,127.375,4.948168754577637,5.4861674308776855,9.256968041881919e-06,1.5366337000123167,0.25183839995224844,3.572606599998835,cpu,cuda:0,0.0,423.0927734375,59.0,,,,
714,1,DDT500_num50.txt,fixed,1080,-3.56,-0.34856540992086626,0.2774999737739563,0.033819377422332764,0.2199999988079071,0.3400000035762787,0.024692339024373462,0.029652811586856842,0.002257467164391918,0.60892054438591,0.011325871239283256,0.03811322498534407,0.0003,289,111,80.45512769597643,13.42363166809082,5.552459001541138,7.8711607456207275,0,0.0,142,1.5883904000074835,5.050000003532127,33.0,0.0,7.605633802816901,8,135.0,6.304759979248047,5.522931098937988,5.654593223880511e-06,1.5883904000074835,0.2495536000460561,3.5580279000205337,cpu,cuda:0,0.0,424.0185546875,59.0,,,,
715,1,DDT500_num50.txt,fixed,1066,-3.7600000000000002,-0.33834937751772254,0.26499998569488525,0.02397916093468666,0.2199999988079071,0.30000001192092896,0.01180402422323823,0.016590537037700415,0.0016438118036603555,0.5608417876064777,0.012390738193062134,0.0483266927767545,0.0003,294,106,78.32808513989204,13.609422445297241,5.5107951164245605,8.098609209060669,0,0.0,136,1.5585663000201748,5.24953095684803,33.0,0.0,7.838235294117647,8,133.25,2.586019992828369,5.4749836921691895,5.514637905434938e-06,1.5585663000201748,0.2547517000202788,3.53329090000625,cpu,cuda:0,0.0,424.0185546875,59.0,,,,
716,1,DDT500_num50.txt,fixed,1047,-3.56,-0.3464084778216041,0.2775000035762787,0.021065382286906242,0.23999999463558197,0.30000001192092896,0.01368200615979731,0.018938582274131477,0.0016572250751778483,0.6085190027952194,0.01868050558550749,0.0744227544637397,0.0003,289,111,81.8614149928966,12.789908409118652,4.708322763442993,8.081570863723755,0,0.0,140,1.404510799980926,5.34670487174332,32.0,0.0,7.478571428571429,8,130.875,4.935521602630615,4.678024768829346,5.793620402982924e-06,1.404510799980926,0.2064160999834712,2.9600265000699437,cpu,cuda:0,0.0,361.2080078125,60.0,,,,
717,1,DDT500_num50.txt,fixed,1075,-3.84,-0.3472856203776445,0.25999999046325684,0.02828427404165268,0.2199999988079071,0.30000001192092896,-0.012987246038392186,-0.007629638537764549,0.001485225096985232,0.6100221201777458,0.01779271876148414,0.05196671513840556,0.0003,296,104,73.75753236050886,14.574782609939575,4.604286193847656,9.97048282623291,0,0.0,143,1.4052966999879573,5.030697677745375,28.0,0.0,7.5174825174825175,8,134.375,4.8973846435546875,4.570059299468994,6.818937890784582e-06,1.4052966999879573,0.2017891999676067,2.857203700070386,cpu,cuda:0,0.0,392.7919921875,60.0,,,,
718,1,DDT500_num50.txt,fixed,1082,-3.72,-0.34624734715016176,0.26749998331069946,0.024366986006498337,0.23999999463558197,0.3199999928474426,-0.08653341780882329,-0.08116476470604539,0.0014425716071855277,0.6089937165379524,0.011489448690554127,0.05632728827185929,0.0003,293,107,76.41635579591419,14.15927243232727,4.576671361923218,9.58258867263794,0,0.0,144,1.3981061000049522,5.054528648884151,36.0,0.0,7.513888888888889,8,135.25,4.918078899383545,4.554975986480713,5.669652182405116e-06,1.3981061000049522,0.20488499991188291,2.8461587000456348,cpu,cuda:0,0.0,436.86669921875,60.0,,,,
719,1,DDT500_num50.txt,fixed,1062,-3.7600000000000002,-0.35508872721275536,0.26500001549720764,0.02397916093468666,0.2199999988079071,0.30000001192092896,-0.06417594291269779,-0.05877490465839704,0.0014201377440864842,0.6111108859380087,0.010430635840748437,0.04070445662364364,0.0003,294,106,57.705303391467645,18.403854370117188,4.911035060882568,13.492805480957031,0,0.0,139,1.5781941999775881,5.016007532956685,36.0,0.0,7.640287769784172,8,132.75,3.9921798706054688,4.876496315002441,7.272743914654711e-06,1.5781941999775881,0.21197990010477952,2.9761927999898035,cpu,cuda:0,0.0,414.9638671875,60.0,,,,
720,1,DDT500_num50.txt,fixed,1034,-4.04,-0.3668835875434886,0.2475000023841858,0.026339134201407433,0.20000000298023224,0.2800000011920929,-0.05047662544529885,-0.04479125788202509,0.002043152926489711,0.670694388449192,0.015141348805627786,0.0549662378616631,0.0003,301,99,77.6719151424753,13.312405109405518,4.466837406158447,8.845552444458008,0,0.0,135,1.335622999995394,5.409090906554542,36.0,0.0,7.659259259259259,8,129.25,5.0928874015808105,4.4426727294921875,4.812867246073438e-06,1.335622999995394,0.2056196999437816,2.7970656999568746,cpu,cuda:0,0.0,456.17041015625,60.0,,,,
721,1,DDT500_num50.txt,fixed,1009,-4.12,-0.3774224831462611,0.24249999225139618,0.027271777391433716,0.18000000715255737,0.2800000011920929,-0.04451121464371681,-0.039011763781309126,0.00197513063903898,0.6487019121646881,0.008896577006089501,0.03507846659049392,0.0003,303,97,67.76417540992972,14.889873504638672,4.486620187759399,10.40324091911316,0,0.0,136,1.35152990001734,5.2537165505680505,36.0,0.0,7.419117647058823,8,126.125,5.775757312774658,4.456082344055176,7.3388787313888315e-06,1.35152990001734,0.20698269997228635,2.79219820002254,cpu,cuda:0,0.0,445.56396484375,60.0,,,,
722,1,DDT500_num50.txt,fixed,1042,-3.84,-0.35561354999599015,0.25999999046325684,0.014142137952148914,0.23999999463558197,0.2800000011920929,-0.044084821144739786,-0.038137585918108625,0.001643220071370403,0.6768847425778707,0.011702083187022557,0.05607238734761874,0.0003,296,104,46.61700646690449,22.352357625961304,5.598027944564819,16.75431203842163,0,0.0,139,1.6809202999866102,5.268714010143463,35.0,0.0,7.496402877697841,8,130.25,6.684871196746826,5.564864635467529,8.228032129409257e-06,1.6809202999866102,0.25949459992261836,3.4956662000076903,cpu,cuda:0,0.0,449.26416015625,60.0,,,,
723,1,DDT500_num50.txt,fixed,1063,-3.8000000000000003,-0.35318961479623584,0.26249998807907104,0.03526684269309044,0.20000000298023224,0.30000001192092896,-0.025151555115977924,-0.019579797983169556,0.0018972146790474653,0.6520365575949351,0.02040580310858786,0.04085043693582217,0.0003,295,105,83.46090205673585,12.736502647399902,5.795244455337524,6.941241025924683,0,0.0,144,1.7136278000034508,5.258701789637051,32.0,0.0,7.381944444444445,8,132.875,7.97554874420166,5.7605390548706055,5.60410444450099e-06,1.7136278000034508,0.2602627999804099,3.6546084999718005,cpu,cuda:0,0.0,409.12109375,60.0,,,,
724,1,DDT500_num50.txt,fixed,1047,-3.84,-0.3332691415866391,0.25999999046325684,0.017320509999990463,0.23999999463558197,0.2800000011920929,-0.02496370566742761,-0.019131775413240706,0.001518077649442213,0.6590981526034219,0.009950647496485285,0.04787055828741619,0.0003,296,104,78.89333737312366,13.271082639694214,5.492825746536255,7.778242826461792,0,0.0,139,1.5897393000050215,5.199617955609516,30.0,0.0,7.532374100719425,8,130.875,5.2781982421875,5.455928325653076,7.520585313613992e-06,1.5897393000050215,0.2542706999738584,3.483734499961429,cpu,cuda:0,0.0,403.716796875,60.0,,,,
725,1,DDT500_num50.txt,fixed,1048,-4.08,-0.33881197128804297,0.24500000476837158,0.025980764999985695,0.2199999988079071,0.30000001192092896,-0.026845593537603105,-0.021399171224662235,0.0017615208801414286,0.6327182480267116,0.010754254896060697,0.03287383375157203,0.0003,302,98,75.15547500302802,13.944426536560059,5.555149078369141,8.389261960983276,0,0.0,140,1.5619741999908001,5.128816797078111,36.0,0.0,7.485714285714286,8,131.0,6.244997978210449,5.520102500915527,6.754024070687592e-06,1.5619741999908001,0.25490729999000905,3.5753377999571967,cpu,cuda:0,0.0,427.2978515625,60.0,,,,
726,1,DDT500_num50.txt,fixed,1051,-3.8400000000000003,-0.32779886915469725,0.25999999046325684,0.030000003054738045,0.20000000298023224,0.30000001192092896,-0.051009092945605516,-0.046365265268832445,0.0016432731281383894,0.5465464890003204,0.012837087881052867,0.051022455212660134,0.0003,296,104,74.26676333457655,14.151687145233154,5.518086910247803,8.633583545684814,0,0.0,137,1.5731524999937392,5.0342530909319585,27.0,0.0,7.671532846715328,8,131.375,5.475799083709717,5.483625888824463,5.8981499932997394e-06,1.5731524999937392,0.25284529993587057,3.5309914999052125,cpu,cuda:0,0.0,389.845703125,60.0,,,,
727,1,DDT500_num50.txt,fixed,1054,-3.72,-0.31414033536024355,0.26750001311302185,0.019843140617012978,0.23999999463558197,0.30000001192092896,-0.02762220986187458,-0.023555457592010498,0.0017188468482345343,0.49261733889579773,0.017276724276598543,0.03162965923547745,0.0003,293,107,98.86848664625781,10.660626411437988,5.798480033874512,4.862127780914307,0,0.0,144,1.650158599990391,5.035104366136005,40.0,0.0,7.319444444444445,8,131.75,6.995534420013428,5.773073196411133,8.904861715564039e-06,1.650158599990391,0.27808759998879395,3.707106699985161,cpu,cuda:0,0.0,395.97509765625,60.0,,,,
728,1,DDT500_num50.txt,fixed,1047,-3.84,-0.33036133560036557,0.25999999046325684,0.022360682487487793,0.2199999988079071,0.2800000011920929,-0.07001380734145642,-0.06486475616693496,0.0017220068606548012,0.6010058462619782,0.010220884904265403,0.04004426151514053,0.0003,296,104,93.81606115387675,11.160135984420776,5.6267194747924805,5.533402919769287,0,0.0,138,1.5889122999979008,5.038204397148708,40.0,0.0,7.586956521739131,8,130.875,6.808772087097168,5.591083526611328,8.109736882033758e-06,1.5889122999979008,0.25924409997242037,3.6121611000271514,cpu,cuda:0,0.0,444.37890625,60.0,,,,
729,1,DDT500_num50.txt,fixed,1088,-3.52,-0.3209659634163175,0.2799999713897705,0.017320508137345314,0.25999999046325684,0.3199999928474426,-0.15840459987521172,-0.15392981469631195,0.0015893856858989845,0.5269472648700079,0.024944996965738635,0.035419962368905544,0.0003,288,112,85.68527708178587,12.697630643844604,6.259069919586182,6.438543319702148,0,0.0,145,1.8643457000071066,4.820772057289586,30.0,0.0,7.503448275862069,8,136.0,5.267827033996582,6.222607612609863,6.756128186680144e-06,1.8643457000071066,0.26503540005069226,3.956542699939746,cpu,cuda:0,0.0,405.90283203125,60.0,,,,
730,1,DDT500_num50.txt,fixed,1068,-3.64,-0.3171944752594894,0.27250000834465027,0.03455069288611412,0.20000000298023224,0.30000001192092896,-0.01324437310298284,-0.008800644841459062,0.0019994169835829073,0.5443441338009305,0.015951579979931314,0.06684324807590908,0.0003,291,109,68.42044654687591,15.609369039535522,5.72285008430481,9.886502504348755,0,0.0,143,1.6556492999989132,5.007490636257643,32.0,0.0,7.468531468531468,8,133.5,7.416198253631592,5.688161849975586,6.6948514358955435e-06,1.6556492999989132,0.2612962999701267,3.6398296000588743,cpu,cuda:0,0.0,430.75830078125,60.0,,,,
731,1,DDT500_num50.txt,fixed,1042,-3.96,-0.325877717050339,0.2524999976158142,0.034550685435533524,0.18000000715255737,0.2800000011920929,-0.05043405815958977,-0.04606822989881039,0.001840835448820144,0.5286243408918381,0.008240855415351689,0.04097380442544818,0.0003,299,101,60.20861054131015,17.30649471282959,6.273505210876465,11.0329749584198,0,0.0,145,1.9510309000215784,5.07389635431103,36.0,0.0,7.186206896551724,8,130.25,9.107003211975098,6.235222339630127,9.212340955855325e-06,1.9510309000215784,0.3012639000553463,3.834179299989046,cpu,cuda:0,0.0,441.8779296875,60.0,,,,
732,1,DDT500_num50.txt,fixed,1055,-3.68,-0.350526542096227,0.26999998092651367,0.033166252076625824,0.20000000298023224,0.30000001192092896,-0.04959780784944693,-0.04514054705699285,0.002217073856930559,0.5565795774261156,0.01215241250853675,0.03902794304303825,0.0003,292,108,52.5303372831046,20.083632707595825,5.931434869766235,14.152180194854736,0,0.0,145,1.6904619999986608,5.120379145111518,32.0,0.0,7.275862068965517,8,131.875,8.752677917480469,5.901360511779785,9.019031494972296e-06,1.6904619999986608,0.2593068999594834,3.817886299904785,cpu,cuda:0,0.0,459.6103515625,60.0,,,,
733,1,DDT500_num50.txt,fixed,996,-3.7600000000000002,-0.36207207333791,0.26499998569488525,0.02958039939403534,0.2199999988079071,0.3199999928474426,-0.026535504683852195,-0.021820659935474395,0.0016650536097586155,0.5547369360923767,0.020127630699425934,0.04596591517329216,0.0003,294,106,89.68167736184924,11.105947494506836,5.7142980098724365,5.391619443893433,0,0.0,133,1.6008598000080383,5.210843371818343,36.0,0.0,7.488721804511278,8,124.5,5.852349758148193,5.680206298828125,6.417402801162098e-06,1.6008598000080383,0.2746978999603016,3.6666653999709524,cpu,cuda:0,0.0,416.9013671875,59.0,,,,
734,1,DDT500_num50.txt,fixed,1013,-4.0,-0.3682345454472428,0.25,0.022360676899552345,0.20000000298023224,0.2800000011920929,-0.031002093727389973,-0.02687298320233822,0.002538434937984372,0.5398330663641294,0.011498786581796594,0.05244135458876068,0.0003,300,100,51.980243340402474,19.488173484802246,5.693897485733032,13.79425859451294,0,0.0,138,1.614453299971501,5.290227046723662,32.0,0.0,7.340579710144928,8,126.625,6.945096969604492,5.6572771072387695,8.837581845000386e-06,1.614453299971501,0.2561391999479383,3.6564955000430928,cpu,cuda:0,0.0,426.3330078125,60.0,,,,
735,1,DDT500_num50.txt,fixed,1067,-3.6,-0.3511137694379936,0.2750000059604645,0.03968627378344536,0.20000000298023224,0.3400000035762787,-0.04085478545166552,-0.03637085618684068,0.0018264612182974816,0.5397160530090332,0.012318679178133608,0.03718046001158655,0.0003,290,110,58.600369748899595,18.208076238632202,5.708261728286743,12.499794483184814,0,0.0,141,1.624002800010203,5.12464854732896,40.0,0.0,7.567375886524823,8,133.375,7.465545654296875,5.684750080108643,6.795974968554219e-06,1.624002800010203,0.26286150000669295,3.664847699972597,cpu,cuda:0,0.0,419.87060546875,60.0,,,,
736,1,DDT500_num50.txt,fixed,1055,-3.56,-0.3393807323312146,0.2775000035762787,0.025372233241796494,0.23999999463558197,0.3199999928474426,-0.10830517382257515,-0.10394644323322508,0.0018702915015940864,0.529387676053577,0.017001048816988867,0.03645911988698774,0.0003,289,111,67.09140370066345,15.72481632232666,6.310091257095337,9.414709568023682,0,0.0,147,1.9696818999909738,5.024644546825174,32.0,0.0,7.1768707482993195,8,131.875,9.373332977294922,6.282900810241699,1.1535616067703813e-05,1.9696818999909738,0.28450209996299236,3.8830904001006274,cpu,cuda:0,0.0,477.33154296875,60.0,,,,
737,1,DDT500_num50.txt,fixed,1057,-3.72,-0.33803019661557915,0.26749998331069946,0.019843140617012978,0.23999999463558197,0.30000001192092896,-0.05387554094195366,-0.049406853318214414,0.0019183889264240861,0.5427878439426422,0.01311868354678154,0.05568693317472935,0.0003,293,107,93.30319926616463,11.328657627105713,5.734969139099121,5.593671798706055,0,0.0,136,1.7058659000067564,5.210028383116059,40.0,0.0,7.772058823529412,8,132.125,3.059309482574463,5.699217319488525,6.4834948716452345e-06,1.7058659000067564,0.2625712000008207,3.5992990999620815,cpu,cuda:0,0.0,436.86669921875,60.0,,,,
738,1,DDT500_num50.txt,fixed,1087,-3.64,-0.32317293449395357,0.27250000834465027,0.022220492362976074,0.23999999463558197,0.30000001192092896,-0.03729923698119819,-0.03292956715449691,0.001888446080556605,0.5313893929123878,0.01718733733287081,0.08235716307535768,0.0003,291,109,66.69475814871306,16.29813241958618,6.100692272186279,10.197425365447998,0,0.0,143,1.7191801000190026,4.984360624258959,30.0,0.0,7.601398601398602,8,135.875,5.395310401916504,6.063930511474609,7.4883932938973885e-06,1.7191801000190026,0.27996619996702066,3.9211125999645446,cpu,cuda:0,0.0,425.0146484375,60.0,,,,
739,1,DDT500_num50.txt,fixed,1048,-3.56,-0.3094121383005348,0.2775000035762787,0.021065382286906242,0.23999999463558197,0.30000001192092896,-0.08672537228890828,-0.0816940548164504,0.0014462921618750052,0.5754465460777283,0.02061829130564417,0.0814753749540874,0.0003,289,111,74.64067693983709,14.0406014919281,6.14857292175293,7.892005681991577,0,0.0,139,1.8544099999817263,5.270038169076424,39.0,0.0,7.539568345323741,8,131.0,4.873397350311279,6.11187744140625,7.705384632572532e-06,1.8544099999817263,0.2699206999168382,3.851437300014368,cpu,cuda:0,0.0,421.81396484375,59.0,,,,
740,1,DDT500_num50.txt,fixed,1063,-3.72,-0.30182717058432473,0.26749998331069946,0.022220494225621223,0.23999999463558197,0.30000001192092896,0.05950204593439897,0.06443130783736706,0.0015290974212499957,0.5693811426560084,0.04904150794027373,0.041126846646269165,0.0003,293,107,84.87344480053429,12.524529933929443,5.8358564376831055,6.688656806945801,0,0.0,143,1.6532302000305208,5.182502350937277,32.0,0.0,7.433566433566433,8,132.875,6.845390796661377,5.802605152130127,8.573128980060574e-06,1.6532302000305208,0.2688738000142621,3.7427730999879714,cpu,cuda:0,0.0,473.29052734375,60.0,,,,
741,1,DDT500_num50.txt,fixed,1043,-3.64,-0.3152957896095813,0.2724999785423279,0.019843142479658127,0.23999999463558197,0.30000001192092896,-0.10918867008553611,-0.10421157048808204,0.0018999956599954101,0.5927097698052725,0.019961817772127688,0.060089589510526925,0.0003,291,109,66.58132237249855,15.665053844451904,5.4291887283325195,10.235852718353271,0,0.0,137,1.5430146000071545,5.329817831802003,32.0,0.0,7.613138686131387,8,130.375,4.553501605987549,5.405710697174072,6.605098405998433e-06,1.5430146000071545,0.26308630000130506,3.4687289999965287,cpu,cuda:0,0.0,407.96337890625,60.0,,,,
742,1,DDT500_num50.txt,fixed,1073,-3.64,-0.293520789879566,0.2724999785423279,0.02633913792669773,0.23999999463558197,0.3199999928474426,-0.1214269989037088,-0.11635318558130946,0.0011752427755189793,0.5661431636129107,0.020593494309910705,0.06975456340504545,0.0003,291,109,77.99117956522797,13.757966041564941,5.904187917709351,7.853756666183472,0,0.0,141,1.7395611999636458,5.049394220252628,33.0,0.0,7.609929078014185,8,134.125,6.19349479675293,5.870296955108643,8.04463979875436e-06,1.7395611999636458,0.26931330001025344,3.7264223000347556,cpu,cuda:0,0.0,407.96337890625,60.0,,,,
743,1,DDT500_num50.txt,fixed,1054,-3.72,-0.29247713027073724,0.26749998331069946,0.017139142379164696,0.23999999463558197,0.30000001192092896,0.13806270342320204,0.14315585419535637,0.0015447079204022884,0.5865502655506134,0.024412141530774534,0.044165365397930145,0.0003,293,107,131.80039177018463,7.996941328048706,5.653111457824707,2.34381365776062,0,0.0,141,1.6035259000054793,5.060721061939985,36.0,0.0,7.475177304964539,8,131.75,6.118618965148926,5.617569446563721,6.981635124247987e-06,1.6035259000054793,0.26412149994212086,3.6184445000253618,cpu,cuda:0,0.0,421.81396484375,60.0,,,,
744,1,DDT500_num50.txt,fixed,1035,-4.28,-0.2938299777578461,0.23250000178813934,0.013919408433139324,0.20000000298023224,0.23999999463558197,-0.020647692183653515,-0.015024451745880974,0.0015633321729385192,0.6404905385441251,0.015427410253323615,0.0541360704228282,0.0003,307,93,65.20860535163632,15.872138261795044,5.677525043487549,10.194594383239746,0,0.0,135,1.5694020000155433,5.184541061880508,32.0,0.0,7.666666666666667,8,129.375,3.603383779525757,5.634696960449219,6.568421213160036e-06,1.5694020000155433,0.2620979999701376,3.6710694999128464,cpu,cuda:0,0.0,435.6767578125,60.0,,,,
745,1,DDT500_num50.txt,fixed,1054,-3.72,-0.2970334696489257,0.26749998331069946,0.017139142379164696,0.23999999463558197,0.30000001192092896,-0.044209399819374086,-0.038898168007532756,0.0014955166184032957,0.6058988014856974,0.00709804775348554,0.04735442977398634,0.0003,293,107,46.621194190497576,22.607743501663208,5.63637375831604,16.97135591506958,0,0.0,136,1.5813404000036826,5.160341556882044,35.0,0.0,7.75,8,131.75,3.1124749183654785,5.608689308166504,6.20346645519021e-06,1.5813404000036826,0.2683476999482082,3.6260468000691617,cpu,cuda:0,0.0,430.75830078125,60.0,,,,
746,1,DDT500_num50.txt,fixed,1052,-3.7600000000000002,-0.3100826105056998,0.26499998569488525,0.019364917650818825,0.2199999988079071,0.2800000011920929,-0.06272548406074445,-0.05776988888780276,0.0014682392162891726,0.5689712961514791,0.012866043353763719,0.059140900646646816,0.0003,294,106,45.67942599146872,23.030061721801758,5.6345789432525635,17.395464658737183,0,0.0,142,1.5982129000076384,5.087452474882395,35.0,0.0,7.408450704225352,8,131.5,7.533259391784668,5.6074652671813965,7.898458534327801e-06,1.5982129000076384,0.2687403999516391,3.6076690999689163,cpu,cuda:0,0.0,414.05908203125,60.0,,,,
747,1,DDT500_num50.txt,fixed,1057,-3.7600000000000002,-0.30941195721671994,0.26499998569488525,0.02958039939403534,0.2199999988079071,0.3199999928474426,-0.05081830248236656,-0.04604595899581909,0.0018574491958133876,0.5701067417860031,0.011691352125490084,0.04135181698948145,0.0003,294,106,62.28466201365731,16.970470190048218,5.723001718521118,11.247455358505249,0,0.0,137,1.6201778000031481,5.113528854348464,28.0,0.0,7.7153284671532845,8,132.125,4.255511283874512,5.687285423278809,5.591411081695696e-06,1.6201778000031481,0.26938119995611487,3.663106499967398,cpu,cuda:0,0.0,425.0146484375,60.0,,,,
748,1,DDT500_num50.txt,fixed,1063,-3.72,-0.32448231885846257,0.26749998331069946,0.026339136064052582,0.23999999463558197,0.3199999928474426,0.027032000323136646,0.03160561993718147,0.0016639453048507373,0.5405590534210205,0.021365618585453678,0.03526609375452002,0.0003,293,107,81.00796088429819,13.122167110443115,6.679423570632935,6.442726373672485,0,0.0,142,1.8317391000091447,5.145813732918769,36.0,0.0,7.485915492957746,8,132.875,4.342738151550293,6.647845268249512,4.818769411940593e-06,1.8317391000091447,0.3234770000781282,4.335031499926117,cpu,cuda:0,0.0,490.24853515625,60.0,,,,
749,1,DDT500_num50.txt,fixed,1036,-3.8000000000000003,-0.32906392586712563,0.26249998807907104,0.015612497925758362,0.23999999463558197,0.2800000011920929,-0.08601810047402977,-0.08125668270513416,0.0016643653507344425,0.5593602538108826,0.00931992505211383,0.05057490561157465,0.0003,295,105,63.15351222516287,16.40447163581848,5.6795032024383545,10.724951982498169,0,0.0,137,1.6082388000031642,5.243243242322708,40.0,0.0,7.562043795620438,8,129.5,4.769696235656738,5.6440110206604,7.1087129072111566e-06,1.6082388000031642,0.26519330001974595,3.637924199912959,cpu,cuda:0,0.0,412.115234375,60.0,,,,
750,1,DDT500_num50.txt,fixed,1050,-3.44,-0.3012544909860288,0.2849999964237213,0.029580404981970787,0.23999999463558197,0.3400000035762787,-0.03770832371498857,-0.033290156828505654,0.0020733017549251337,0.5454821139574051,0.010474378413554015,0.04652635533628719,0.0003,286,114,48.61096806345068,21.60006356239319,6.2814061641693115,15.31864595413208,0,0.0,142,1.8044660000050499,5.027619046710786,32.0,0.0,7.394366197183099,8,131.25,6.456585884094238,6.255093574523926,8.436110874754377e-06,1.8044660000050499,0.2918452000085381,4.0098331999870425,cpu,cuda:0,0.0,366.42626953125,59.0,,,,
751,1,DDT500_num50.txt,fixed,1084,-3.44,-0.31572118173041636,0.2849999964237213,0.019364919513463974,0.25999999046325684,0.3199999928474426,-0.08245723557968934,-0.07768299753467242,0.001379660276385645,0.5464069167772929,0.0099362290231511,0.046834504852692284,0.0003,286,114,46.59304239411182,23.265276193618774,5.971347808837891,17.293909072875977,0,0.0,143,1.8782591999843135,4.940036901028834,28.0,0.0,7.580419580419581,8,135.5,6.576473236083984,5.936986923217773,8.106231689453125e-06,1.8782591999843135,0.25804250001965556,3.667614500020136,cpu,cuda:0,0.0,444.37890625,60.0,,,,
752,1,DDT500_num50.txt,fixed,1047,-3.84,-0.32488659460201397,0.25999999046325684,0.014142137952148914,0.23999999463558197,0.2800000011920929,-0.06666326175133387,-0.06194516619046529,0.0012626322257953385,0.5349415123462677,0.007071947651760032,0.04280308121815324,0.0003,296,104,47.015020904189,22.26947855949402,5.550394296646118,16.719069480895996,0,0.0,145,1.5879804999749467,5.180515759540037,36.0,0.0,7.220689655172414,8,130.875,6.132648468017578,5.5193867683410645,7.75502030592179e-06,1.5879804999749467,0.2560224999979255,3.5464430000720313,cpu,cuda:0,0.0,404.74462890625,59.0,,,,
753,1,DDT500_num50.txt,fixed,1029,-3.96,-0.336766826259471,0.2524999976158142,0.022220486775040627,0.2199999988079071,0.2800000011920929,-0.10179987847805023,-0.09721108476320903,0.001896373574466755,0.5536985615889232,0.010246497509069741,0.055123351390163104,0.0003,299,101,47.01774929946264,21.88535213470459,5.718379259109497,16.166954040527344,0,0.0,138,1.7819228000189469,5.1477162279586866,36.0,0.0,7.456521739130435,8,128.625,4.662014007568359,5.690981864929199,7.62939453125e-06,1.7819228000189469,0.26129609999770764,3.5167690999987826,cpu,cuda:0,0.0,426.3349609375,60.0,,,,
754,1,DDT500_num50.txt,fixed,1048,-3.72,-0.3452493023656181,0.26749998331069946,0.019843140617012978,0.23999999463558197,0.30000001192092896,-0.035109496054550014,-0.030817256929973762,0.0020049460193452737,0.5294711863001188,0.012464636461421227,0.0554465859507521,0.0003,293,107,55.06379847521591,19.03246831893921,5.6114819049835205,13.42097020149231,0,0.0,135,1.5816271000476263,5.247137405262649,36.0,0.0,7.762962962962963,8,131.0,5.5452680587768555,5.577146530151367,7.457967967638979e-06,1.5816271000476263,0.26426649998757057,3.5994775000617665,cpu,cuda:0,0.0,378.46826171875,58.0,,,,
755,1,DDT500_num50.txt,fixed,1037,-3.72,-0.3646880853779585,0.26749998331069946,0.017139142379164696,0.23999999463558197,0.30000001192092896,-0.04622521661221981,-0.041908353194594385,0.0021773901651613416,0.5405556738376618,0.011653365357778967,0.04399683326482773,0.0003,293,107,63.02654485988494,16.45338487625122,5.795456886291504,10.657908201217651,0,0.0,141,1.7764494999973977,5.057859207188267,24.0,0.0,7.3546099290780145,8,129.625,7.398268222808838,5.760126113891602,1.1825177352875471e-05,1.7764494999973977,0.25880590008819127,3.594741700013401,cpu,cuda:0,0.0,395.97509765625,59.0,,,,
756,1,DDT500_num50.txt,fixed,1071,-3.7600000000000002,-0.3694113327600565,0.26499998569488525,0.021794499829411507,0.23999999463558197,0.30000001192092896,-0.08661888310542473,-0.08244239596220163,0.001959511052029064,0.5156243558113391,0.012619620368171196,0.047648023384121746,0.0003,294,106,52.859623203495154,20.261211395263672,6.030999660491943,14.230192422866821,0,0.0,145,1.873237899999367,5.098972928067661,36.0,0.0,7.386206896551724,8,133.875,7.355907440185547,5.996238708496094,8.134232302836608e-06,1.873237899999367,0.27651959999639075,3.708277400048246,cpu,cuda:0,0.0,371.9638671875,60.0,,,,
757,1,DDT500_num50.txt,fixed,1062,-3.68,-0.3699686524347594,0.26999998092651367,0.022360680624842644,0.23999999463558197,0.3199999928474426,-0.039217363027009094,-0.03490861031142148,0.0022083861351182513,0.5412939461794767,0.01150242015931078,0.04909819237549196,0.0003,292,108,60.29407802719671,17.613670110702515,5.670284032821655,11.94336724281311,0,0.0,150,1.631133899991255,4.988700563624754,28.0,0.0,7.08,8,132.75,8.728545188903809,5.638490676879883,8.019870620046277e-06,1.631133899991255,0.25882999992973055,3.6173869000740524,cpu,cuda:0,0.0,463.94287109375,60.0,,,,
758,1,DDT500_num50.txt,fixed,1052,-3.8000000000000003,-0.36793101933708355,0.26250001788139343,0.02904737927019596,0.2199999988079071,0.30000001192092896,-0.09187236130237579,-0.08785682171583176,0.00218543519731611,0.5108257710933686,0.03197957295924425,0.06273707635700702,0.0003,295,105,91.52313015686573,11.494362115859985,5.706472158432007,5.787872552871704,0,0.0,139,1.609324099990772,5.0846007611361745,40.0,0.0,7.568345323741007,8,131.5,5.291502475738525,5.668604850769043,6.633008979406441e-06,1.609324099990772,0.2650816000495979,3.662217299999611,cpu,cuda:0,0.0,460.724609375,60.0,,,,
759,1,DDT500_num50.txt,fixed,1047,-3.64,-0.3552687098093197,0.27250000834465027,0.03307189419865608,0.2199999988079071,0.3400000035762787,-0.051603001675435474,-0.04760461034519332,0.0014959337256316627,0.4746361289705549,0.009234027155408902,0.044005164211349826,0.0003,291,109,75.67079324164803,13.836249828338623,5.530810832977295,8.30542540550232,0,0.0,145,1.58718860002773,5.072588348115413,36.0,0.0,7.220689655172414,8,130.875,9.006073951721191,5.4987263679504395,8.795675057626795e-06,1.58718860002773,0.2617022000013094,3.5210810999778914,cpu,cuda:0,0.0,409.12109375,60.0,,,,
760,1,DDT500_num50.txt,fixed,1054,-3.6,-0.34500563754388147,0.2750000059604645,0.013228763826191425,0.25999999046325684,0.30000001192092896,-0.055548421045144396,-0.051686269541581474,0.0019249793607741595,0.4824642837047577,0.006218806840479374,0.03478035752971967,0.0003,290,110,46.64124342651025,22.59802532196045,5.550232172012329,17.047778129577637,0,0.0,140,1.5932169999905454,4.996204933586338,27.0,0.0,7.5285714285714285,8,131.75,5.651327133178711,5.525324821472168,1.1394313332857564e-05,1.5932169999905454,0.25446889992963406,3.5499011000174505,cpu,cuda:0,0.0,435.6767578125,59.0,,,,
761,1,DDT500_num50.txt,fixed,1070,-3.56,-0.3185112467136621,0.2775000035762787,0.01561250351369381,0.25999999046325684,0.30000001192092896,-0.053753577172756195,-0.05003859019941754,0.0018324067997228769,0.46311888760990566,0.015569110672610501,0.028515866336723168,0.0003,289,111,67.48678697964134,15.854955434799194,5.967233419418335,9.887702226638794,0,0.0,140,1.8385704000211263,4.994392522918844,28.0,0.0,7.642857142857143,8,133.75,4.4087982177734375,5.930536270141602,5.530077487492235e-06,1.8385704000211263,0.26063649996649474,3.698078000048554,cpu,cuda:0,0.0,418.837890625,59.0,,,,
762,1,DDT500_num50.txt,fixed,1101,-3.68,-0.32307517968012905,0.26999998092651367,0.014142143540084362,0.25999999046325684,0.30000001192092896,0.13251620531082153,0.13642853498458862,0.001839217497035861,0.48319409787654877,0.007424819976828682,0.024447748127082985,0.0003,292,108,87.67101863108154,12.558311939239502,6.177764892578125,6.380529880523682,0,0.0,146,1.9109926999844902,4.918256130357096,33.0,0.0,7.541095890410959,8,137.625,6.163146495819092,6.144018173217773,6.253660558286356e-06,1.9109926999844902,0.268188499903772,3.8280423999131017,cpu,cuda:0,0.0,414.96435546875,59.0,,,,
763,1,DDT500_num50.txt,fixed,1054,-3.7600000000000002,-0.3355691771959457,0.26499998569488525,0.013228760100901127,0.23999999463558197,0.2800000011920929,-0.1119479089975357,-0.10767438560724259,0.001915585924871266,0.5231316924095154,0.00844080455135554,0.035503473691642286,0.0003,294,106,94.46393247549894,11.157697677612305,5.521979808807373,5.635701656341553,0,0.0,139,1.56693220001398,5.041745729871674,33.0,0.0,7.58273381294964,8,131.75,5.471517086029053,5.483889102935791,7.096708486642456e-06,1.56693220001398,0.2575115999825357,3.530221900124161,cpu,cuda:0,0.0,436.86669921875,60.0,,,,
764,1,DDT500_num50.txt,fixed,1062,-3.92,-0.33269213419505,0.2549999952316284,0.027838824316859245,0.20000000298023224,0.30000001192092896,-0.030661549341554444,-0.026371649621675413,0.001885349639148141,0.5232575535774231,0.005796317593194544,0.029575256126311917,0.0003,298,102,55.30587735726769,19.202299118041992,5.7857654094696045,13.416516304016113,0,0.0,145,1.6405860000304529,4.903013181327202,36.0,0.0,7.324137931034483,8,132.75,6.571719646453857,5.750207901000977,5.967612651147647e-06,1.6405860000304529,0.2636838999351312,3.712547900104255,cpu,cuda:0,0.0,395.97509765625,59.0,,,,
765,1,DDT500_num50.txt,fixed,1057,-3.6,-0.3097943769243383,0.2750000059604645,0.01936492696404457,0.25999999046325684,0.30000001192092896,-0.2514528939500451,-0.24673528969287872,0.0016291104548145086,0.5532169938087463,0.009893429407384247,0.01163023745175451,0.0003,290,110,108.54261404513306,9.738110780715942,5.880233287811279,3.8578598499298096,0,0.0,143,1.8553939000012178,5.071901604716464,32.0,0.0,7.391608391608392,8,132.125,7.253232002258301,5.8471832275390625,6.987739197938936e-06,1.8553939000012178,0.252153699984774,3.6112215000284777,cpu,cuda:0,0.0,367.7783203125,59.0,,,,
766,1,DDT500_num50.txt,fixed,1079,-3.72,-0.30661902131147584,0.26749998331069946,0.019843142479658127,0.23999999463558197,0.30000001192092896,-0.06897647567093372,-0.06467451862990856,0.0014796663424931466,0.5041786342859268,0.009392800240311772,0.03842122945934534,0.0003,293,107,63.28951016858812,17.048638820648193,5.826646327972412,11.22197675704956,0,0.0,145,1.7602355999988504,4.90639480757868,30.0,0.0,7.441379310344828,8,134.875,5.372092247009277,5.795633316040039,7.421675945806783e-06,1.7602355999988504,0.25360299991370994,3.651865799925872,cpu,cuda:0,0.0,432.03759765625,60.0,,,,
767,1,DDT500_num50.txt,fixed,1042,-3.72,-0.31244827775912826,0.26749998331069946,0.017139142379164696,0.23999999463558197,0.30000001192092896,-0.05976066403090954,-0.05525716003030538,0.0013645081373397261,0.5185757607221604,0.01122594396583736,0.06205696258693934,0.0003,293,107,62.60961811248895,16.642810344696045,5.7257163524627686,10.917077541351318,0,0.0,141,1.6153187000090838,5.0786948172007325,36.0,0.0,7.390070921985815,8,130.25,5.910795211791992,5.694791793823242,5.922194759477861e-06,1.6153187000090838,0.26935499996397994,3.6762171000009403,cpu,cuda:0,0.0,420.9091796875,60.0,,,,
768,1,DDT500_num50.txt,fixed,1093,-3.56,-0.29660233937942926,0.2774999737739563,0.021065382286906242,0.23999999463558197,0.30000001192092896,-0.09103932804786243,-0.08691395819187164,0.0013658645598647685,0.4808305066365462,0.008982155655618183,0.03362080558704642,0.0003,289,111,53.39683192316367,20.46937918663025,6.062562942504883,14.406797409057617,0,0.0,147,1.8406369000003906,4.922232390758867,28.0,0.0,7.4353741496598635,8,136.625,5.194648742675781,6.030635833740234,7.996802196430508e-06,1.8406369000003906,0.27348129996607895,3.776816200082976,cpu,cuda:0,0.0,427.29833984375,60.0,,,,
769,1,DDT500_num50.txt,fixed,1077,-3.36,-0.29144209707193347,0.28999999165534973,0.020000005140900612,0.25999999046325684,0.3199999928474426,-0.04529834886391958,-0.04071753919124603,0.00122782337712124,0.5194717864195506,0.009766982162060837,0.0324756467094024,0.0003,284,116,45.21229395872832,23.82095456123352,6.130409240722656,17.69053053855896,0,0.0,142,1.6948367999939364,5.018570099479088,32.0,0.0,7.584507042253521,8,134.625,3.9031238555908203,6.099487781524658,6.518470399896614e-06,1.6948367999939364,0.2818600000391598,3.9814297000448278,cpu,cuda:0,0.0,488.1064453125,60.0,,,,
770,1,DDT500_num50.txt,fixed,1068,-3.56,-0.3021545021811031,0.2775000035762787,0.023318452760577202,0.25999999046325684,0.3199999928474426,-0.04650379717350006,-0.04215717716858937,0.001387096645955283,0.5040163306089548,0.011727809404524473,0.05272822153682892,0.0003,289,111,51.26313956522336,20.833683013916016,5.989560127258301,14.8441002368927,0,0.0,143,1.844144500006223,5.00561797484923,24.0,0.0,7.468531468531468,8,133.5,5.852349758148193,5.953632354736328,9.258503268938512e-06,1.844144500006223,0.2654069000018353,3.7085624000173993,cpu,cuda:0,0.0,382.73486328125,59.0,,,,
771,1,DDT500_num50.txt,fixed,1060,-3.7600000000000002,-0.31171586939822093,0.26499998569488525,0.031224993988871574,0.20000000298023224,0.30000001192092896,-0.04988830620422959,-0.04528450295329094,0.0013077106093987822,0.5257668197154999,0.022326583252288403,0.045413247495889666,0.0003,294,106,94.24071249466526,11.247792720794678,5.621345281600952,5.626432180404663,0,0.0,145,1.6167079000151716,5.22924528391856,39.0,0.0,7.310344827586207,8,132.5,8.077747344970703,5.5843915939331055,7.4712943387567066e-06,1.6167079000151716,0.2605896999994002,3.5764992000367783,cpu,cuda:0,0.0,444.37890625,59.0,,,,
772,1,DDT500_num50.txt,fixed,1061,-3.64,-0.31290940146070273,0.27250000834465027,0.022220492362976074,0.23999999463558197,0.30000001192092896,-0.0610707305992643,-0.05651793101181587,0.0013855622770885627,0.5245580971240997,0.01778830774128437,0.05414905026555061,0.0003,291,109,90.68546043474466,11.699780702590942,5.873748302459717,5.82601523399353,0,0.0,145,1.6976506000028166,5.245994345856432,35.0,0.0,7.317241379310345,8,132.625,8.716901779174805,5.8377685546875,5.6470485105819535e-06,1.6976506000028166,0.25836529993102886,3.7534704000427155,cpu,cuda:0,0.0,449.26416015625,60.0,,,,
773,1,DDT500_num50.txt,fixed,1054,-3.52,-0.3155126381634406,0.2800000011920929,0.02000000700354576,0.23999999463558197,0.30000001192092896,-0.009934678673744202,-0.005096936864512307,0.0017697614052199892,0.5722618656499046,0.009406846698506601,0.0677047683192151,0.0003,288,112,76.66127289342211,13.748793363571167,5.712350368499756,8.036427021026611,0,0.0,141,1.6403834999655373,5.3814041723110195,35.0,0.0,7.475177304964539,8,131.75,4.1155195236206055,5.676187038421631,5.781343134003691e-06,1.6403834999655373,0.2628528000532242,3.6409168999816757,cpu,cuda:0,0.0,430.75830078125,60.0,,,,
774,1,DDT500_num50.txt,fixed,1043,-3.64,-0.3206224048553224,0.2724999785423279,0.022220492362976074,0.23999999463558197,0.30000001192092896,-0.06908644653028911,-0.06414926300446193,0.0018583365923000707,0.5866350630919138,0.01140075601870194,0.051826710916227765,0.0003,291,109,68.08446437186035,15.319206953048706,5.6561949253082275,9.662994861602783,0,0.0,138,1.6071045999997295,5.233940555631029,32.0,0.0,7.557971014492754,8,130.375,4.608077049255371,5.625244140625,5.077252353657968e-06,1.6071045999997295,0.2624917000757705,3.6242677000482217,cpu,cuda:0,0.0,425.0146484375,60.0,,,,
775,1,DDT500_num50.txt,fixed,1048,-3.68,-0.31968372535947853,0.26999998092651367,0.01732051372528076,0.23999999463558197,0.30000001192092896,-0.03346969766749276,-0.028209001653724246,0.0012580792600702909,0.5889743566513062,0.011285879319378486,0.05635776479418079,0.0003,292,108,64.75398308397199,16.184332609176636,5.625273942947388,10.559040784835815,0,0.0,141,1.6183520000085991,5.369274806885319,32.0,0.0,7.432624113475177,8,131.0,8.0,5.5887064933776855,1.0891842066484969e-05,1.6183520000085991,0.2567388000788924,3.5824143999634543,cpu,cuda:0,0.0,426.3349609375,60.0,,,,
776,1,DDT500_num50.txt,fixed,1031,-3.7600000000000002,-0.3140730308554732,0.26499998569488525,0.03968627005815506,0.20000000298023224,0.3199999928474426,-0.09771004408089952,-0.0928937358051123,0.0018621351760388775,0.5747377330606634,0.02005894041874192,0.0652445141564716,0.0003,294,106,59.6266397997568,17.290929079055786,5.685439825057983,11.605472087860107,0,0.0,140,1.8090410999939195,5.271580993724494,32.0,0.0,7.364285714285714,8,128.875,8.992183685302734,5.648096561431885,9.406209755979944e-06,1.8090410999939195,0.2502447000333632,3.4624180999926466,cpu,cuda:0,0.0,436.86669921875,60.0,,,,
777,1,DDT500_num50.txt,fixed,1060,-3.72,-0.32225543459068384,0.26749998331069946,0.017139142379164696,0.23999999463558197,0.30000001192092896,-0.15552794809142748,-0.15116868913173676,0.001507901819422841,0.511320764819781,0.01146612384278948,0.05815952581663927,0.0003,293,107,84.16348443268039,12.59453558921814,6.199697732925415,6.394819736480713,0,0.0,143,1.8858532000194828,5.116037737423519,30.0,0.0,7.4125874125874125,8,132.5,7.449832439422607,6.165782928466797,7.920019925222732e-06,1.8858532000194828,0.2822087999484211,3.8555065999535145,cpu,cuda:0,0.0,415.9951171875,60.0,,,,
778,1,DDT500_num50.txt,fixed,1055,-3.64,-0.306210808903754,0.2724999785423279,0.022220486775040627,0.23999999463558197,0.3199999928474426,0.07745280675590038,0.08220300823450089,0.0015424832818098366,0.5521450191736221,0.012897354240218798,0.05481949200232824,0.0003,291,109,90.15343576482923,11.702271699905396,5.1479573249816895,6.55429482460022,0,0.0,135,1.6142165000383102,5.397156397200309,35.0,0.0,7.814814814814815,8,131.875,1.9645291566848755,5.113238334655762,4.431636625668034e-06,1.6142165000383102,0.2351820999829215,3.1448760999337537,cpu,cuda:0,0.0,426.3349609375,60.0,,,,
779,1,DDT500_num50.txt,fixed,1049,-3.6,-0.30518325022915366,0.2750000059604645,0.02397916279733181,0.2199999988079071,0.30000001192092896,-0.03645218536257744,-0.03199558580915133,0.0015453242541601262,0.5229260543982188,0.009493828223397335,0.07264584514002005,0.0003,290,110,50.727429692990796,20.679147481918335,4.706408262252808,15.972724199295044,0,0.0,143,1.4255239999984042,5.358436605609861,32.0,0.0,7.335664335664336,8,131.125,6.173279285430908,4.672082424163818,6.6522629822429735e-06,1.4255239999984042,0.20919710003727232,2.9294032999969204,cpu,cuda:0,0.0,403.716796875,60.0,,,,
780,1,DDT500_num50.txt,fixed,1053,-3.32,-0.3056299617882078,0.29249998927116394,0.028173575177788734,0.25999999046325684,0.36000001430511475,-0.011757580297333854,-0.006682450217860085,0.001544381699724389,0.584732494183949,0.01650061647939895,0.06352088919707707,0.0003,283,117,84.90161294533101,12.402591228485107,4.777277231216431,7.625298738479614,0,0.0,143,1.4587260000007518,5.329534664452925,39.0,0.0,7.363636363636363,8,131.625,6.122448444366455,4.749676704406738,5.413204235082958e-06,1.4587260000007518,0.22359209997375729,2.9546216000708228,cpu,cuda:0,0.0,413.15234375,60.0,,,,
781,1,DDT500_num50.txt,fixed,1043,-3.88,-0.31857245697325576,0.2574999928474426,0.021065376698970795,0.2199999988079071,0.2800000011920929,-0.054290366979936756,-0.049341287557035686,0.0016678708683078487,0.5783014516035716,0.007122078196456035,0.040845804288983344,0.0003,297,103,43.417475402083355,24.022585153579712,5.634325265884399,18.38823962211609,0,0.0,139,1.6625565000103961,5.184084374289728,32.0,0.0,7.503597122302159,8,130.375,6.2836594581604,5.595548629760742,7.438889042532537e-06,1.6625565000103961,0.2664081999755581,3.5366134999603673,cpu,cuda:0,0.0,399.34619140625,60.0,,,,
0,1,DDT500_num50.txt,fixed,983,-5.96,-0.1360122053426681,0.1274999976158142,0.031523801386356354,0.07999999821186066,0.18000000715255737,1.5297763347625732,1.5024136304855347,0.06677576899528503,0.602517306804657,7.012203216552734,0.8834355473518372,0.0003,349,51,136.79699512504448,7.185830354690552,5.260219573974609,1.9255948066711426,526,0.22192130001349142,130,1.6222877999971388,6.492370297440678,44.0,0.0,7.561538461538461,8,122.875,6.734936714172363,5.238879203796387,8.170838555088267e-06,1.6222877999971388,0.2205203999837977,3.281309899997723,cpu,cuda:0,0.0,226.90771484375,54.0,0,0,True,pair
1,1,DDT500_num50.txt,fixed,1032,-4.04,-0.2916507159028709,0.2475000023841858,0.031523801386356354,0.20000000298023224,0.2800000011920929,0.08279653266072273,0.08879344910383224,0.0030978170689195395,0.754582405090332,0.03573822439648211,0.1720844078809023,0.0003,301,99,130.42807850377974,7.91240668296814,4.7001636028289795,3.2122201919555664,470,0.14422379993993673,133,1.5343089000052714,5.170542638893275,40.0,0.0,7.7593984962406015,8,129.0,5.361902713775635,4.676591873168945,6.235454748093616e-06,1.5343089000052714,0.1972669999631762,2.83699490003346,cpu,cuda:0,0.0,445.60888671875,56.0,0,0,True,pair
2,1,DDT500_num50.txt,fixed,1026,-4.24,-0.2665307166652595,0.23499999940395355,0.016583120450377464,0.20000000298023224,0.25999999046325684,0.25547498650848866,0.26166351418942213,0.002091860573273152,0.723444789648056,0.03215684019960463,0.10445224680006504,0.0003,306,94,150.83686167644163,6.802050828933716,4.974336862564087,1.8277008533477783,482,0.15323509998052032,137,1.5844396000102279,5.0555555564850625,28.0,0.0,7.489051094890511,8,128.25,3.9921798706054688,4.945362567901611,1.2660902029892895e-05,1.5844396000102279,0.20771269996475894,3.0430546000534378,cpu,cuda:0,0.0,259.20263671875,57.0,0,0,True,pair
3,1,DDT500_num50.txt,fixed,1012,-4.12,-0.2782105500316195,0.24249999225139618,0.023318449035286903,0.2199999988079071,0.2800000011920929,-0.2602528929710388,-0.25532637536525726,0.0013135740300640464,0.5583300888538361,0.0189022496342659,0.034700315445661545,0.0003,303,97,122.56390258021615,8.256917238235474,5.8289830684661865,2.427917003631592,456,0.15876790002948837,136,1.7549022000275727,5.125494071853019,32.0,0.0,7.4411764705882355,8,126.5,6.204836845397949,5.800922393798828,8.217662980314344e-06,1.7549022000275727,0.25959619996501715,3.654599199988297,cpu,cuda:0,0.0,425.4462890625,58.0,0,0,True,pair
4,1,DDT500_num50.txt,fixed,986,-4.2,-0.3056706345497713,0.23749999701976776,0.03799670562148094,0.14000000059604645,0.25999999046325684,0.08842587471008301,0.09405337770779927,0.0017771956433231633,0.6516094207763672,0.028974746974805992,0.1058922012646993,0.0003,305,95,100.45742714779605,9.81510305404663,5.217003583908081,4.598082780838013,452,0.16734900003211806,134,1.7756682000181172,5.469574032884099,33.0,0.0,7.358208955223881,8,123.25,8.377798080444336,5.18994140625,9.78678508545272e-06,1.7756682000181172,0.2155204000082449,3.080534699958662,cpu,cuda:0,0.0,433.21630859375,59.0,0,0,True,pair
5,1,DDT500_num50.txt,fixed,1018,-3.84,-0.32938822223424585,0.25999999046325684,0.02828427404165268,0.20000000298023224,0.30000001192092896,-0.04289230331778526,-0.03684259206056595,0.001690342374786269,0.6894886046648026,0.0165885996830184,0.11620811535976827,0.0003,296,104,70.84266022808018,14.369872570037842,4.97939133644104,9.390467882156372,474,0.26574909999544616,137,1.6140166999975918,5.1178781944080045,36.0,0.0,7.430656934306569,8,127.25,6.777720928192139,4.956655502319336,7.094705779309152e-06,1.6140166999975918,0.2070654000090144,3.026284300027328,cpu,cuda:0,0.0,453.03173828125,59.0,0,0,True,pair
6,1,DDT500_num50.txt,fixed,1007,-3.92,-0.336371913902524,0.2549999952316284,0.016583126038312912,0.23999999463558197,0.2800000011920929,-0.05774418264627457,-0.051964870343605675,0.0020311615274598203,0.6794893244902293,0.018544804537668824,0.07397005970900257,0.0003,298,102,77.75772283128589,12.95048213005066,5.461036682128906,7.489424705505371,463,0.17777419999765698,141,1.8917526000041107,5.451837140493383,36.0,0.0,7.141843971631205,8,125.875,7.557074546813965,5.434971809387207,7.740346518403385e-06,1.8917526000041107,0.22915500001545297,3.18930299989006,cpu,cuda:0,0.0,419.35302734375,60.0,0,0,True,pair
7,1,DDT500_num50.txt,fixed,1014,-3.84,-0.34052692371003324,0.25999999046325684,0.017320509999990463,0.23999999463558197,0.2800000011920929,-0.047933027148246765,-0.042366421222686766,0.0017619605874642729,0.6447582185268402,0.013663236075080932,0.07076773010194301,0.0003,296,104,87.13187287653123,11.637532472610474,4.935279607772827,6.7022364139556885,476,0.15644230001271353,134,1.5755631000029098,5.190335301957893,32.0,0.0,7.567164179104478,8,126.75,4.380353927612305,4.907011032104492,6.3618012973165605e-06,1.5755631000029098,0.2137403999659,3.006682300041575,cpu,cuda:0,0.0,403.11328125,60.0,0,0,True,pair
8,1,DDT500_num50.txt,fixed,1030,-4.04,-0.33451313577534686,0.2475000023841858,0.017139136791229248,0.2199999988079071,0.2800000011920929,-0.08468950539827347,-0.0791797356473075,0.0021579636700658333,0.658875134256151,0.014002467466828724,0.046505206574996315,0.0003,301,99,66.8577178511725,15.405850410461426,5.183294773101807,10.22253966331482,487,0.15626679997876636,140,1.6270845000071859,5.180582519642358,36.0,0.0,7.357142857142857,8,128.75,5.285593509674072,5.1551194190979,6.05038530920865e-06,1.6270845000071859,0.20882329990854487,3.2011323000588163,cpu,cuda:0,0.0,428.43359375,60.0,0,0,True,pair
9,1,DDT500_num50.txt,fixed,1032,-3.8000000000000003,-0.32333661858456414,0.26249998807907104,0.006614381913095713,0.25999999046325684,0.2800000011920929,-0.09595100783432524,-0.0902162678539753,0.001635949049765865,0.6552715500195821,0.013185085573544105,0.04566927277483046,0.0003,295,105,81.79707465574064,12.616588115692139,4.975115060806274,7.641456604003906,468,0.15382650002720766,135,1.6080310999968788,5.037790699060573,30.0,0.0,7.644444444444445,8,129.0,4.663689613342285,4.949519634246826,7.178339728852734e-06,1.6080310999968788,0.21269229994140915,3.013128400034475,cpu,cuda:0,0.0,416.56689453125,60.0,0,0,True,pair
10,1,DDT500_num50.txt,fixed,1039,-3.72,-0.318682262283327,0.26749998331069946,0.017139142379164696,0.23999999463558197,0.30000001192092896,-0.029700147360563277,-0.024747314304113387,0.0019707923755049707,0.5938231825828553,0.017419443710241466,0.06229748092591762,0.0003,293,107,86.92365602271805,11.953017711639404,4.938661813735962,7.0143420696258545,467,0.15016330002617906,145,1.6027887000018382,5.230028874835106,32.0,0.0,7.165517241379311,8,129.875,6.273705005645752,4.9007439613342285,6.132040653028525e-06,1.6027887000018382,0.20585309994930867,2.977732199939055,cpu,cuda:0,0.0,425.4482421875,60.0,0,0,True,pair
11,1,DDT500_num50.txt,fixed,1016,-3.84,-0.32838305742230395,0.25999999046325684,0.03162277862429619,0.23999999463558197,0.3400000035762787,-0.08473079252455916,-0.08010891412517854,0.0023904312235702363,0.5817094658102308,0.015150086164274918,0.03822366986423731,0.0003,296,104,63.72012823715599,15.94472622871399,5.478329658508301,10.466380596160889,458,0.15929239993420197,143,1.7211121999753232,5.293307084267534,44.0,0.0,7.104895104895105,8,127.0,7.697402000427246,5.453948020935059,6.995869171078084e-06,1.7211121999753232,0.2351128000736935,3.3742396999477933,cpu,cuda:0,0.0,434.53759765625,60.0,0,0,True,pair
12,1,DDT500_num50.txt,fixed,1047,-3.72,-0.32123294534608793,0.26749998331069946,0.022220494225621223,0.23999999463558197,0.30000001192092896,0.007479151338338852,0.0121844120323658,0.0021361961960792543,0.577336436510086,0.01563543655211106,0.0558375334367156,0.0003,293,107,92.47604075591853,11.3218514919281,5.141618013381958,6.180217504501343,474,0.1497018000409298,144,1.7834732000083022,5.046800380905355,36.0,0.0,7.270833333333333,8,130.875,6.808772087097168,5.115605354309082,6.430675512092421e-06,1.7834732000083022,0.21429810001791338,3.0008400000479014,cpu,cuda:0,0.0,466.158203125,60.0,0,0,True,pair
13,1,DDT500_num50.txt,fixed,1030,-3.64,-0.3128375224197645,0.27250000834465027,0.053793586790561676,0.20000000298023224,0.3400000035762787,-0.021654075384140013,-0.016661236807703973,0.002827443298883736,0.6406558513641357,0.011388645489932969,0.05417530983686447,0.0003,291,109,55.504279318734234,18.557127714157104,4.674842357635498,13.882272958755493,452,0.1274209999573941,140,1.4900465999999142,5.22233009662443,27.0,0.0,7.357142857142857,8,128.75,6.077622890472412,4.651519775390625,6.7245027821627446e-06,1.4900465999999142,0.20364389997484977,2.8498150000959868,cpu,cuda:0,0.0,418.46826171875,60.0,0,0,True,pair
14,1,DDT500_num50.txt,fixed,1051,-3.6,-0.2983909508729251,0.2749999761581421,0.019364923238754272,0.23999999463558197,0.30000001192092896,0.005546106336017449,0.010351162093381086,0.0015826884385508795,0.559640054901441,0.015754396551831935,0.06912545681310196,0.0003,290,110,52.540950057656964,20.00344491004944,4.818846702575684,15.184586524963379,473,0.24154439998528687,140,1.517406100039807,5.19124642970106,33.0,0.0,7.507142857142857,8,131.375,5.0482048988342285,4.795625686645508,5.6571057029941585e-06,1.517406100039807,0.19903660006457358,2.969704199978878,cpu,cuda:0,0.0,390.6376953125,59.0,0,0,True,pair
15,1,DDT500_num50.txt,fixed,1019,-4.0,-0.32319306994547736,0.25,0.026457516476511955,0.2199999988079071,0.30000001192092896,-0.15280203459163508,-0.14813177163402239,0.0024925766920205206,0.5916543106238047,0.011015690130686076,0.05002199571269254,0.0003,300,100,51.687902236190894,19.71447777748108,4.637340545654297,15.077125787734985,469,0.13590920000206097,137,1.4771091000257002,5.226692838453568,36.0,0.0,7.437956204379562,8,127.375,5.977823734283447,4.614318370819092,5.4105785238789394e-06,1.4771091000257002,0.1975891998881707,2.8329216000092856,cpu,cuda:0,0.0,444.4140625,59.0,0,0,True,pair
16,1,DDT500_num50.txt,fixed,1037,-3.72,-0.3172910299864573,0.26749998331069946,0.022220494225621223,0.23999999463558197,0.30000001192092896,0.003643415868282318,0.00858050286769867,0.0013967081904411316,0.5635437190532684,0.02244945280253887,0.04213415253907442,0.0003,293,107,86.69502212535345,11.96147108078003,4.895198345184326,7.066256046295166,465,0.1414796000062779,135,1.6778794999954698,5.240115713590367,36.0,0.0,7.681481481481481,8,129.625,5.146296977996826,4.86472749710083,6.080842467781622e-06,1.6778794999954698,0.20293689995378372,2.8756739000709786,cpu,cuda:0,0.0,439.3896484375,60.0,0,0,True,pair
17,1,DDT500_num50.txt,fixed,1035,-3.72,-0.32991196321092575,0.26749998331069946,0.033071890473365784,0.20000000298023224,0.3199999928474426,0.017802161829812185,0.02308209772620882,0.0018095990609643714,0.6184731679303306,0.013966332921492202,0.07254455877201897,0.0003,293,107,80.16297232483026,12.911197900772095,4.563165187835693,8.348020792007446,463,0.13156189999426715,141,1.4713187999950605,5.139130432248692,45.0,0.0,7.340425531914893,8,129.375,7.175261497497559,4.536617279052734,6.007958745612996e-06,1.4713187999950605,0.18875609999304288,2.772820999918622,cpu,cuda:0,0.0,459.81396484375,60.0,0,0,True,pair
18,1,DDT500_num50.txt,fixed,1038,-3.6,-0.3415458633940519,0.2750000059604645,0.029580403119325638,0.23999999463558197,0.3199999928474426,-0.06799834035336971,-0.0631931396201253,0.0015908502173260786,0.5600623041391373,0.02325289772124961,0.05032674549147487,0.0003,290,110,60.33933056095282,17.202709913253784,4.738114595413208,12.464582204818726,468,0.14197819997934857,141,1.5250807999946119,5.253371864614689,42.0,0.0,7.361702127659575,8,129.75,9.148087501525879,4.713392734527588,7.398663001367822e-06,1.5250807999946119,0.20105389999298495,2.880313000128808,cpu,cuda:0,0.0,413.779296875,60.0,0,0,True,pair
19,1,DDT500_num50.txt,fixed,1092,-3.4,-0.32017224484737794,0.2874999940395355,0.03596873581409454,0.2199999988079071,0.3199999928474426,-0.009553417962576662,-0.005857288920586663,0.0022494798260075705,0.4820878377982548,0.014618804877890008,0.04261692912716951,0.0003,285,115,76.43503208301159,14.286642789840698,4.861507177352905,9.425126314163208,472,0.13815220005926676,153,1.5793218000108027,4.94413919370253,39.0,0.0,7.137254901960785,8,136.5,8.276473045349121,4.836884498596191,8.012780199351255e-06,1.5793218000108027,0.20169919997715624,2.9446782000013627,cpu,cuda:0,0.0,450.64697265625,60.0,0,0,True,pair
20,1,DDT500_num50.txt,fixed,1033,-3.64,-0.3359646348470376,0.2724999785423279,0.031523801386356354,0.2199999988079071,0.3199999928474426,-0.1007701066721763,-0.09709547719519053,0.00239563307591847,0.48724419304302763,0.019202666394578825,0.04434723127633333,0.0003,291,109,69.34295575115722,14.896970987319946,5.2200446128845215,9.676914930343628,452,0.1473076999791374,135,1.6055632999850786,5.156824780572188,24.0,0.0,7.651851851851852,8,129.125,5.109733581542969,5.186351776123047,5.588869044004241e-06,1.6055632999850786,0.2301145999408618,3.229727899972204,cpu,cuda:0,0.0,438.18505859375,60.0,0,0,True,pair
21,1,DDT500_num50.txt,fixed,1056,-3.48,-0.294949345384809,0.2824999988079071,0.023318450897932053,0.23999999463558197,0.3199999928474426,-0.05736005939543247,-0.05342026613652706,0.002213415817823261,0.504649555683136,0.009229300857987255,0.03806051267310977,0.0003,287,113,94.81068012144337,11.137985706329346,4.808420896530151,6.3295509815216064,463,0.1389016000139236,140,1.5331141000096977,5.038825754866456,36.0,0.0,7.542857142857143,8,132.0,5.361902713775635,4.785092353820801,5.288379725243431e-06,1.5331141000096977,0.20455589997436618,2.939236700105539,cpu,cuda:0,0.0,439.3896484375,60.0,0,0,True,pair
22,1,DDT500_num50.txt,fixed,1042,-3.68,-0.2891202588206184,0.26999998092651367,0.026457512751221657,0.2199999988079071,0.3199999928474426,-0.1309217680245638,-0.12700563855469227,0.0017396839684806764,0.47859663516283035,0.010497080511413515,0.04007989098317921,0.0003,292,108,87.12092336125578,11.960387468338013,6.3442301750183105,5.616142988204956,466,0.18282680005722796,143,1.9248728999955347,5.2120921273149134,45.0,0.0,7.286713286713287,8,130.25,6.977643013000488,6.317826271057129,7.98435303295264e-06,1.9248728999955347,0.2892017999984091,3.9525208001396095,cpu,cuda:0,0.0,400.83056640625,60.0,0,0,True,pair
23,1,DDT500_num50.txt,fixed,1048,-3.48,-0.3023233265230828,0.2824999988079071,0.03230712562799454,0.23999999463558197,0.3400000035762787,-0.04347051431735357,-0.03966373826066653,0.0016956208661819498,0.4654587258895238,0.011058563429590626,0.046494581270962954,0.0003,287,113,66.74281177510167,15.702065467834473,6.097089767456055,9.604960918426514,462,0.15996639996228623,136,1.7184732999849075,5.125954197108291,36.0,0.0,7.705882352941177,8,131.0,5.244044303894043,6.066918849945068,7.329190339078195e-06,1.7184732999849075,0.2658126000314951,3.897574600039661,cpu,cuda:0,0.0,414.66748046875,60.0,0,0,True,pair
24,1,DDT500_num50.txt,fixed,1050,-3.56,-0.31251853423196013,0.2775000035762787,0.036657195538282394,0.20000000298023224,0.3199999928474426,-0.01882501443227132,-0.014971084892749786,0.0017401701382671793,0.472401221593221,0.017222020503443975,0.05709767605488499,0.0003,289,111,75.31983984171274,13.940550088882446,5.614110946655273,8.326426029205322,458,0.16471959998671082,138,1.6734233000206586,4.946666661444165,40.0,0.0,7.608695652173913,8,131.25,5.494315147399902,5.588942050933838,4.167212864558678e-06,1.6734233000206586,0.2469028999657894,3.5395941999559,cpu,cuda:0,0.0,449.32568359375,60.0,0,0,True,pair
25,1,DDT500_num50.txt,fixed,1087,-3.7600000000000002,-0.31439555210407655,0.26499998569488525,0.013228760100901127,0.23999999463558197,0.2800000011920929,0.0007735017517750913,0.004787070803682913,0.0015250334241004152,0.47760854255069385,0.015763183076738973,0.052844819697466766,0.0003,294,106,47.391975305658285,22.93637251853943,5.424878120422363,17.511481046676636,476,0.15177709997078637,142,1.7062399999740592,4.902483899327956,36.0,0.0,7.654929577464789,8,135.875,5.4643731117248535,5.385352611541748,7.90385456639342e-06,1.7062399999740592,0.22713620002468815,3.329967400073656,cpu,cuda:0,0.0,379.22216796875,60.0,0,0,True,pair
26,1,DDT500_num50.txt,fixed,1068,-3.92,-0.3098771884534617,0.2549999952316284,0.02958039939403534,0.20000000298023224,0.30000001192092896,0.011481984208027521,0.015673991292715073,0.0019356631867898007,0.515983576575915,0.032712339831050485,0.07423327521731456,0.0003,298,102,70.8296365971694,15.078433990478516,6.152678966522217,8.925740480422974,475,0.16343650000999332,148,1.8905809999741905,4.9269662952601685,36.0,0.0,7.216216216216216,8,133.5,6.873863697052002,6.122516632080078,6.255932476051385e-06,1.8905809999741905,0.27002639999773237,3.8243661999986216,cpu,cuda:0,0.0,374.55517578125,60.0,0,0,True,pair
27,1,DDT500_num50.txt,fixed,1055,-3.72,-0.32239899252175547,0.26750001311302185,0.022220494225621223,0.23999999463558197,0.30000001192092896,-0.028997058669726055,-0.023559677104155224,0.0011235519972008963,0.5999161601066589,0.018001114794363577,0.09728268037239711,0.0003,293,107,135.6704943404743,7.776193380355835,4.853500604629517,2.9226810932159424,459,0.1392618999198021,144,1.5699128000014753,5.121327012862074,32.0,0.0,7.326388888888889,8,131.875,6.00910758972168,4.82636833190918,5.741879704146413e-06,1.5699128000014753,0.20470600004773587,2.941521799944894,cpu,cuda:0,0.0,391.640625,60.0,0,0,True,pair
28,1,DDT500_num50.txt,fixed,1046,-3.92,-0.3469826765344111,0.2549999952316284,0.02958039939403534,0.20000000298023224,0.30000001192092896,0.08833362374986921,0.0926916173526219,0.00259126114126827,0.5653618233544486,0.01358948991401121,0.0655801525073392,0.0003,298,102,74.73454107933858,13.996205568313599,4.667938709259033,9.328250646591187,466,0.13491169998815167,140,1.5093475000248873,5.058317398022055,40.0,0.0,7.4714285714285715,8,130.75,8.525696754455566,4.644333839416504,8.25389815872768e-06,1.5093475000248873,0.19781229997170158,2.8312170999488444,cpu,cuda:0,0.0,400.83056640625,60.0,0,0,True,pair
29,1,DDT500_num50.txt,fixed,1086,-3.64,-0.3420127129969456,0.27250000834465027,0.031523801386356354,0.23999999463558197,0.3199999928474426,-0.016181120276451112,-0.01188126765191555,0.00248590640258044,0.5542808175086975,0.015269417618401348,0.043380310758948326,0.0003,291,109,83.79683405689973,12.959916830062866,6.248117208480835,6.711775779724121,476,0.16850710002836422,147,1.8283495000323455,4.96685082763159,36.0,0.0,7.387755102040816,8,135.75,5.606915473937988,6.222575664520264,7.225695753731998e-06,1.8283495000323455,0.2716861999433604,3.981218900058593,cpu,cuda:0,0.0,413.779296875,60.0,0,0,True,pair
30,1,DDT500_num50.txt,fixed,1076,-3.6,-0.33860179352086867,0.2750000059604645,0.031224993988871574,0.20000000298023224,0.30000001192092896,-0.0022447772324085237,0.0018243730068206788,0.002166353538632393,0.5152317702770233,0.018225507892202585,0.05847701039165258,0.0003,290,110,82.1638807699805,13.095778703689575,6.13427734375,6.961483955383301,467,0.16229420001036488,147,1.8174465000083728,4.958178439104867,35.0,0.0,7.319727891156463,8,134.5,6.5,6.098165988922119,8.349757990799844e-06,1.8174465000083728,0.2702962999937881,3.8732174999531708,cpu,cuda:0,0.0,436.908203125,60.0,0,0,True,pair
31,1,DDT500_num50.txt,fixed,1049,-3.92,-0.32846006315724935,0.2549999952316284,0.027838820591568947,0.20000000298023224,0.2800000011920929,0.07466676210363705,0.07919278865059216,0.0017953801822538178,0.5423715809981028,0.015052982179137567,0.040997214615345,0.0003,298,102,106.76979460338259,9.824876070022583,5.401729583740234,4.423134088516235,473,0.17322590000549098,138,1.811655299985432,5.138226882063627,32.0,0.0,7.601449275362318,8,131.125,4.313858509063721,5.364309787750244,5.386888460634509e-06,1.811655299985432,0.22422600002755644,3.2083879999554483,cpu,cuda:0,0.0,446.8046875,60.0,0,0,True,pair
32,1,DDT500_num50.txt,fixed,1078,-3.52,-0.31901586927324205,0.2800000011920929,0.02828427404165268,0.2199999988079071,0.3199999928474426,-0.00858740322291851,-0.0028726843496163688,0.0013495844323188066,0.6389510631561279,0.015460279304534197,0.05242503434419632,0.0003,288,112,126.99514869434539,8.488513231277466,4.848557949066162,3.6399428844451904,485,0.14534870007264544,139,1.545666900008655,5.126159555615653,36.0,0.0,7.755395683453237,8,134.75,2.384848117828369,4.815143585205078,5.0688486226135865e-06,1.545666900008655,0.20180739997158526,2.9589479999849573,cpu,cuda:0,0.0,432.0869140625,60.0,0,0,True,pair
33,1,DDT500_num50.txt,fixed,1066,-3.64,-0.32294327810665385,0.27250000834465027,0.022220492362976074,0.23999999463558197,0.30000001192092896,-0.010515287518501282,-0.006110916286706925,0.0020945561467669905,0.5451647222042084,0.0159143220866099,0.027631502598524094,0.0003,291,109,85.5222342641492,12.464594841003418,5.331956148147583,7.132622718811035,479,0.15281359998334665,142,1.7883514999994077,5.086303938620533,28.0,0.0,7.507042253521127,8,133.25,7.562241554260254,5.305473804473877,7.764177098579239e-06,1.7883514999994077,0.23379539990855847,3.165348799982894,cpu,cuda:0,0.0,393.7548828125,60.0,0,0,True,pair
34,1,DDT500_num50.txt,fixed,1070,-3.88,-0.32187733175846495,0.2574999928474426,0.027271779254078865,0.2199999988079071,0.3199999928474426,-0.08086556103080511,-0.07636966463178396,0.002039056329522282,0.5515421219170094,0.014310403232229874,0.051613631105283275,0.0003,297,103,62.854420068484195,17.023464679718018,5.913499355316162,11.109947919845581,478,0.15451830001620692,143,1.757999599998584,5.133644859590263,45.0,0.0,7.4825174825174825,8,133.75,8.742854118347168,5.883300304412842,8.71288648340851e-06,1.757999599998584,0.2622327999706613,3.730859799972677,cpu,cuda:0,0.0,402.04150390625,60.0,0,0,True,pair
35,1,DDT500_num50.txt,fixed,1039,-3.92,-0.30358874207491976,0.2549999952316284,0.03968627378344536,0.1599999964237213,0.30000001192092896,-0.21382875740528107,-0.21062122285366058,0.002305028261616826,0.4360051453113556,0.05091937258839607,0.010169491171836853,0.0003,298,102,132.94739478581923,7.815121173858643,5.792160272598267,2.022942304611206,461,0.15591239998320816,146,1.7279030000172497,5.139557264996218,40.0,0.0,7.116438356164384,8,129.875,11.868419647216797,5.762822151184082,1.3805650269205216e-05,1.7279030000172497,0.2467941999384493,3.660158999973646,cpu,cuda:0,0.0,399.7568359375,60.0,0,0,True,pair
36,1,DDT500_num50.txt,fixed,1065,-3.8000000000000003,-0.29213154865047264,0.26249998807907104,0.011989581398665905,0.23999999463558197,0.2800000011920929,0.031629844258228935,0.03576702997088432,0.002770829654764384,0.552259569366773,0.020498369024911273,0.07581748968611161,0.0003,295,105,73.79187771809069,14.432482719421387,5.8725621700286865,8.559905529022217,483,0.2635963000320771,140,1.7349121999650379,5.003755869887804,44.0,0.0,7.607142857142857,8,133.125,3.822221279144287,5.843558311462402,8.01455280452501e-06,1.7349121999650379,0.2524563000333728,3.7283890999897267,cpu,cuda:0,0.0,396.4443359375,60.0,0,0,True,pair
37,1,DDT500_num50.txt,fixed,1069,-3.8400000000000003,-0.30148383103399806,0.25999999046325684,0.057445626705884933,0.14000000059604645,0.3199999928474426,0.08339149132370949,0.08730380833148957,0.003155709826387465,0.5490170001983643,0.017994271765928715,0.04927502674981952,0.0003,296,104,82.48916268323562,12.959278106689453,5.882300853729248,7.076961278915405,468,0.1569297000314691,145,1.7621748999663396,5.219831614320361,45.0,0.0,7.372413793103449,8,133.625,11.055965423583984,5.853215217590332,1.0371893040428404e-05,1.7621748999663396,0.2579068000741245,3.70136499995715,cpu,cuda:0,0.0,469.876953125,59.0,0,0,True,pair
38,1,DDT500_num50.txt,fixed,1046,-3.6,-0.2953225554259192,0.2749999761581421,0.03708099201321602,0.18000000715255737,0.30000001192092896,0.015483232447877526,0.01895092350120346,0.0031569930530774095,0.5046182771523794,0.021546554945719738,0.06682338876028855,0.0003,290,110,72.18172615470736,14.491202354431152,5.793290138244629,8.697895288467407,485,0.16295799998260918,140,1.724900900037028,5.480879545895593,55.0,0.0,7.4714285714285715,8,130.75,8.996526718139648,5.764951705932617,8.449575943814125e-06,1.724900900037028,0.25784529999873484,3.6504255999861925,cpu,cuda:0,0.0,390.6376953125,60.0,0,0,True,pair
39,1,DDT500_num50.txt,fixed,1053,-3.88,-0.2813089050521613,0.2574999928474426,0.044087979942560196,0.18000000715255737,0.3400000035762787,0.044963428378105165,0.04822195768356323,0.0027165925595909355,0.4616821825504303,0.019275914452737197,0.06688022166490555,0.0003,297,103,80.02417850235527,13.158523082733154,5.534139156341553,7.624369144439697,471,0.16551729997081566,145,1.7616960999839648,5.170940164826874,30.0,0.0,7.2620689655172415,8,131.625,9.590848922729492,5.500800609588623,6.143617156340042e-06,1.7616960999839648,0.23456379998242483,3.3848229000032006,cpu,cuda:0,0.0,426.509765625,60.0,0,0,True,pair
40,1,DDT500_num50.txt,fixed,1102,-3.6,-0.30121441621394596,0.2749999761581421,0.02958039939403534,0.23999999463558197,0.3199999928474426,0.0795891633523362,0.08340231967823845,0.001456092652266047,0.4541202826159341,0.018516908632591367,0.07317192080829825,0.0003,290,110,77.963958905822,14.13473629951477,4.976720333099365,9.158002376556396,490,0.14312840000275173,143,1.5995713000374963,5.040834845302325,24.0,0.0,7.706293706293707,8,137.75,4.575751304626465,4.939395427703857,5.766576123278355e-06,1.5995713000374963,0.20740049992673448,3.023413800096023,cpu,cuda:0,0.0,406.46533203125,60.0,0,0,True,pair
41,1,DDT500_num50.txt,fixed,1086,-3.56,-0.31030603738224277,0.2775000035762787,0.03526684269309044,0.2199999988079071,0.3400000035762787,-0.009871810674667358,-0.006615060567855835,0.0020806989166885616,0.42971009612083433,0.012069473462179302,0.042512554302811624,0.0003,289,111,84.39070846178096,12.868715286254883,6.187565565109253,6.681135892868042,485,0.17111399996792898,143,1.8001832999725593,5.0865561654774085,32.0,0.0,7.594405594405594,8,135.75,6.8693156242370605,6.1473846435546875,7.150570127123501e-06,1.8001832999725593,0.27569720002793474,3.9317629000033776,cpu,cuda:0,0.0,453.03369140625,60.0,0,0,True,pair
42,1,DDT500_num50.txt,fixed,1054,-3.44,-0.3026201306503455,0.2849999964237213,0.025980768725275993,0.25999999046325684,0.3400000035762787,0.32900990545749664,0.3328774968783061,0.0016057088893527787,0.4670456250508626,0.047711615838731326,0.03306681476533413,0.0003,286,114,108.90508754293093,9.678152084350586,5.877530336380005,3.8006081581115723,464,0.1555239999652258,142,1.6974836000008509,5.090132819633556,28.0,0.0,7.422535211267606,8,131.75,6.8693156242370605,5.848224639892578,7.747687050141394e-06,1.6974836000008509,0.26615919998585014,3.752345199995034,cpu,cuda:0,0.0,350.8740234375,60.0,0,0,True,pair
43,1,DDT500_num50.txt,fixed,1092,-3.3200000000000003,-0.31374084584323125,0.29249998927116394,0.013919411227107048,0.2800000011920929,0.3199999928474426,-0.041245492990128696,-0.03811406809836626,0.001990773744182661,0.4126805104315281,0.015467457698832732,0.03843362967018038,0.0003,283,117,53.31127118710946,20.483473300933838,5.240796804428101,15.242660522460938,479,0.16226110004936345,141,1.672102000011364,4.967032967251299,35.0,0.0,7.74468085106383,8,136.5,5.0,5.2130351066589355,6.3439056248171255e-06,1.672102000011364,0.2173212000161584,3.206811400003062,cpu,cuda:0,0.0,470.8994140625,60.0,0,0,True,pair
44,1,DDT500_num50.txt,fixed,1070,-3.64,-0.2886666590703727,0.2724999785423279,0.024366986006498337,0.23999999463558197,0.3199999928474426,-1.422874629497528e-05,0.0033720042556524277,0.0015614027506671846,0.41669344902038574,0.02447730168933049,0.028671471402049065,0.0003,291,109,125.97581117938219,8.493694067001343,4.8770153522491455,3.616663932800293,472,0.14421640002183267,142,1.561376099991321,5.086915886513541,27.0,0.0,7.535211267605634,8,133.75,5.309190273284912,4.8513898849487305,5.778884769824799e-06,1.561376099991321,0.20199339997270727,2.980530599994381,cpu,cuda:0,0.0,445.60888671875,60.0,0,0,True,pair
45,1,DDT500_num50.txt,fixed,1047,-3.4,-0.28937473679620956,0.2874999940395355,0.022220486775040627,0.25999999046325684,0.3199999928474426,0.030694924915830295,0.03463231503135628,0.0015400320343259308,0.47074049048953587,0.01838389789271686,0.04915740703129106,0.0003,285,115,55.288868200744446,18.936904191970825,4.750564336776733,14.186326026916504,459,0.13265389998923638,137,1.4845357999656699,5.042024831034051,28.0,0.0,7.642335766423358,8,130.875,4.013648509979248,4.725511074066162,6.5010062826331705e-06,1.4845357999656699,0.20329689992286148,2.932814500101813,cpu,cuda:0,0.0,427.44189453125,60.0,0,0,True,pair
46,1,DDT500_num50.txt,fixed,1018,-3.92,-0.30904957350477197,0.2549999952316284,0.031224993988871574,0.20000000298023224,0.30000001192092896,0.04385356269776821,0.04818811006844044,0.001701333001255989,0.5185216546058655,0.020897628949023785,0.05486526396125555,0.0003,298,102,89.64444461613682,11.355974197387695,4.704308032989502,6.651653051376343,458,0.13459889994192054,135,1.582591099984711,5.302554027036506,32.0,0.0,7.54074074074074,8,127.25,4.918078899383545,4.680426120758057,6.11347286394448e-06,1.582591099984711,0.1973375000015949,2.798925000075542,cpu,cuda:0,0.0,441.90087890625,60.0,0,0,True,pair
47,1,DDT500_num50.txt,fixed,1081,-3.72,-0.3026014420003102,0.26749998331069946,0.026339134201407433,0.2199999988079071,0.3199999928474426,-0.0002828259797145923,0.004125060319590072,0.0013958340568933636,0.5105802665154139,0.02117203614519288,0.05794543392645816,0.0003,293,107,69.96958086408287,15.449570894241333,4.8869123458862305,10.56264591217041,489,0.14671749999615713,144,1.5474107000009099,5.048103607329475,24.0,0.0,7.506944444444445,8,135.125,6.0917463302612305,4.8490471839904785,8.08692493592389e-06,1.5474107000009099,0.2054050999613537,2.9879199000679364,cpu,cuda:0,0.0,389.64501953125,60.0,0,0,True,pair
48,1,DDT500_num50.txt,fixed,1041,-3.4,-0.29049860328518123,0.2874999940395355,0.04235268756747246,0.20000000298023224,0.36000001430511475,-0.038303980976343154,-0.034089521132409574,0.002063591207843274,0.5246255278587342,0.015028131901635789,0.08588252526242286,0.0003,285,115,53.235790143322454,19.554513931274414,4.818856954574585,14.7356436252594,453,0.14588919994275784,139,1.550780899997335,5.123919307899292,28.0,0.0,7.489208633093525,8,130.125,8.252840042114258,4.790321350097656,6.843900791864144e-06,1.550780899997335,0.2024544999221689,2.9307754000328714,cpu,cuda:0,0.0,381.3876953125,60.0,0,0,True,pair
49,1,DDT500_num50.txt,fixed,1053,-3.64,-0.304096057351054,0.27250000834465027,0.024366991594433784,0.2199999988079071,0.30000001192092896,0.00613677054643631,0.010687756538391113,0.00213122945278883,0.5616597294807434,0.023296684841625392,0.07556323930621148,0.0003,291,109,88.41744287972867,11.909414768218994,4.887730836868286,7.021669387817383,463,0.14683410000361619,147,1.5614014999664505,5.132953459494248,32.0,0.0,7.163265306122449,8,131.625,10.111101150512695,4.863513946533203,9.573923307470977e-06,1.5614014999664505,0.20852990004277672,2.9844730000149866,cpu,cuda:0,0.0,406.46484375,60.0,0,0,True,pair
50,1,DDT500_num50.txt,fixed,1079,-3.84,-0.3083302708803812,0.25999999046325684,0.010000001639127731,0.23999999463558197,0.2800000011920929,0.014870653195040566,0.01954962419612067,0.001079979053299342,0.5218958301203591,0.010977651990417923,0.053090112549918037,0.0003,296,104,67.42500240199449,16.002965688705444,6.028813600540161,9.974133968353271,481,0.16406359996108222,144,1.8543198000224947,4.89898053709283,28.0,0.0,7.493055555555555,8,134.875,5.301827430725098,6.003673553466797,5.7492998166708276e-06,1.8543198000224947,0.25867700000162586,3.7584808999417874,cpu,cuda:0,0.0,400.83056640625,60.0,0,0,True,pair
51,1,DDT500_num50.txt,fixed,1058,-3.88,-0.31511830625066495,0.2574999928474426,0.023318450897932053,0.2199999988079071,0.30000001192092896,0.08711865555960685,0.0910936709260568,0.0021800082904519513,0.5065022371709347,0.01779936288949102,0.06012893025763333,0.0003,297,103,63.07054364826348,16.774867296218872,5.82575535774231,10.949096918106079,486,0.16132410004138364,148,1.7688854000189167,5.1200378092115,21.0,0.0,7.148648648648648,8,132.25,7.137051105499268,5.797272205352783,8.422623068327084e-06,1.7688854000189167,0.2529429999376589,3.6462631999856967,cpu,cuda:0,0.0,429.69287109375,60.0,0,0,True,pair
52,1,DDT500_num50.txt,fixed,1071,-3.52,-0.3178834385673429,0.2800000011920929,0.014142143540084362,0.25999999046325684,0.30000001192092896,0.0067208728619984216,0.011518638048853194,0.001752978822748576,0.5674255064555577,0.01119344328929271,0.07835873003516879,0.0003,288,112,74.63878600944585,14.34910798072815,5.135378122329712,9.21371579170227,463,0.15606489998026518,140,1.6386993000087386,4.989729222129373,30.0,0.0,7.65,8,133.875,5.395310401916504,5.108387470245361,6.825187483627815e-06,1.6386993000087386,0.20976829998471658,3.1467450999516586,cpu,cuda:0,0.0,438.18505859375,60.0,0,0,True,pair
53,1,DDT500_num50.txt,fixed,1014,-3.92,-0.34357756133457495,0.2549999952316284,0.04092676192522049,0.18000000715255737,0.3199999928474426,0.03101963400840759,0.034946839511394504,0.003601518948562443,0.5727973699569702,0.012210866226814688,0.0353935731574893,0.0003,298,102,81.19156573920262,12.48898196220398,5.775603532791138,6.71336555480957,466,0.16130309999061865,147,1.7610814000072423,5.1232741624410805,30.0,0.0,6.8979591836734695,8,126.75,10.928746223449707,5.746801853179932,9.100596798816696e-06,1.7610814000072423,0.24903340000309981,3.6093291000179306,cpu,cuda:0,0.0,370.4228515625,60.0,0,0,True,pair
54,1,DDT500_num50.txt,fixed,1061,-3.7600000000000002,-0.32832817700320155,0.26499998569488525,0.038405731320381165,0.18000000715255737,0.30000001192092896,0.07555294409394264,0.07978246733546257,0.0026797491882462054,0.5569398701190948,0.016201670019654557,0.03436277771834284,0.0003,294,106,93.59183366157323,11.336459159851074,5.937921762466431,5.398523330688477,471,0.15753380002570339,142,1.771122899979673,5.154571157486005,36.0,0.0,7.471830985915493,8,132.625,8.943398475646973,5.899271488189697,8.66217669681646e-06,1.771122899979673,0.25727850005569053,3.7408472000679467,cpu,cuda:0,0.0,373.5107421875,60.0,0,0,True,pair
55,1,DDT500_num50.txt,fixed,1083,-3.68,-0.3261993950466874,0.27000001072883606,0.02236068621277809,0.23999999463558197,0.30000001192092896,-0.03851920095357028,-0.03476718271320516,0.0022343968951397323,0.4869211722504009,0.015984759845940225,0.043674848677421156,0.0003,292,108,51.51060036164901,21.02479863166809,6.098657131195068,14.926131248474121,481,0.26888959998541395,144,1.8059733999907621,4.894736837702335,40.0,0.0,7.520833333333333,8,135.375,6.343057155609131,6.072090148925781,6.54457926430041e-06,1.8059733999907621,0.26219199992192443,3.870479100060038,cpu,cuda:0,0.0,417.45703125,60.0,0,0,True,pair
56,1,DDT500_num50.txt,fixed,1092,-3.48,-0.33477027856650543,0.2824999988079071,0.01854049786925316,0.25999999046325684,0.3199999928474426,-0.03594464622437954,-0.03192644938826561,0.0017675136041361839,0.4901944622397423,0.013730097591178492,0.028890577144920826,0.0003,287,113,96.65626297844237,11.297767639160156,5.856122732162476,5.441610336303711,491,0.15940789995875093,144,1.764813099984167,4.897435895034245,30.0,0.0,7.583333333333333,8,136.5,5.5,5.829736709594727,5.296435119817033e-06,1.764813099984167,0.2566662999379332,3.678021699979581,cpu,cuda:0,0.0,443.09716796875,60.0,0,0,True,pair
57,1,DDT500_num50.txt,fixed,1071,-3.8000000000000003,-0.33644844349279335,0.26249998807907104,0.04293891414999962,0.1599999964237213,0.30000001192092896,-0.025124399612347286,-0.020747630546490353,0.0021202730713412166,0.5436904182036718,0.015128035214729607,0.05639141518622637,0.0003,295,105,75.86338084856207,14.117483139038086,5.905880928039551,8.21159029006958,485,0.1608849000367627,144,1.7749739999962912,5.047619051180856,45.0,0.0,7.4375,8,133.875,9.019943237304688,5.879197597503662,8.260782124125399e-06,1.7749739999962912,0.2581140999936906,3.715438899878791,cpu,cuda:0,0.0,423.36669921875,59.0,0,0,True,pair
58,1,DDT500_num50.txt,fixed,1087,-3.6,-0.32401159679396385,0.2749999761581421,0.013228763826191425,0.25999999046325684,0.30000001192092896,0.01177167110145092,0.016622994840145112,0.0015782609174493701,0.5640459597110749,0.018838117219274864,0.07123659774661065,0.0003,290,110,54.963524863438344,19.77675199508667,6.025615453720093,13.75111985206604,490,0.2818936000148824,142,1.7656827999999223,5.008279665961875,39.0,0.0,7.654929577464789,8,135.875,5.555121421813965,5.991904258728027,6.443920938181691e-06,1.7656827999999223,0.2552441999723669,3.8422886000189465,cpu,cuda:0,0.0,445.60888671875,60.0,0,0,True,pair
59,1,DDT500_num50.txt,fixed,1070,-3.7600000000000002,-0.33474399898403684,0.26499998569488525,0.03278719633817673,0.20000000298023224,0.30000001192092896,-0.0839875681059701,-0.07963538422648396,0.002100587689450809,0.5402481087616512,0.015463714504481427,0.05498903537435191,0.0003,294,106,69.51823343129291,15.391645431518555,5.861130714416504,9.530502080917358,476,0.15377819997956976,142,1.763202199996158,5.0943925184624215,40.0,0.0,7.535211267605634,8,133.75,7.048935890197754,5.834213733673096,7.3272512963740155e-06,1.763202199996158,0.25966109999717446,3.6809308999618224,cpu,cuda:0,0.0,347.09423828125,59.0,0,0,True,pair
60,1,DDT500_num50.txt,fixed,1078,-3.56,-0.3086834611795258,0.2774999737739563,0.023318450897932053,0.23999999463558197,0.3199999928474426,0.027694861094156902,0.03214643088479837,0.001451587808939318,0.5177363952000936,0.012738232656071583,0.032463697561373316,0.0003,289,111,108.28881342520222,9.954860210418701,5.828119516372681,4.12671422958374,468,0.15294659996652626,147,1.764988999992056,5.185528760938344,48.0,0.0,7.333333333333333,8,134.75,6.571719646453857,5.801647186279297,8.106231689453125e-06,1.764988999992056,0.2568331000802573,3.651843000065128,cpu,cuda:0,0.0,367.00537109375,59.0,0,0,True,pair
61,1,DDT500_num50.txt,fixed,1050,-3.6,-0.30693257876072777,0.2749999761581421,0.01658313348889351,0.25999999046325684,0.30000001192092896,0.010280963565622057,0.015017610575471605,0.001472349079059703,0.5472818272454398,0.020449461415410042,0.05246448955897774,0.0003,290,110,65.26406348855674,16.088486433029175,5.95655632019043,10.131911754608154,468,0.15489429997614934,140,1.8605239000098663,5.0485714278902325,27.0,0.0,7.5,8,131.25,5.402545928955078,5.9207282066345215,5.979507477604784e-06,1.8605239000098663,0.25503639987437055,3.6771829000826983,cpu,cuda:0,0.0,417.45703125,59.0,0,0,True,pair
62,1,DDT500_num50.txt,fixed,1053,-3.72,-0.3110593523624178,0.26749998331069946,0.019843140617012978,0.23999999463558197,0.30000001192092896,-0.010094802360981703,-0.0050952205589662,0.0017334494429330032,0.5866308410962423,0.013612441340228543,0.008488397424419722,0.0003,293,107,108.74165733916338,9.683501482009888,5.84880518913269,3.8346776962280273,475,0.16165420000470476,137,1.7366596000174468,5.0579297245963915,30.0,0.0,7.686131386861314,8,131.625,4.662014007568359,5.811164379119873,8.37694460642524e-06,1.7366596000174468,0.25743880003210506,3.6885662999702618,cpu,cuda:0,0.0,351.71240234375,59.0,0,0,True,pair
63,1,DDT500_num50.txt,fixed,1060,-3.68,-0.3125961612924212,0.26999998092651367,0.02000000886619091,0.23999999463558197,0.30000001192092896,-0.0015352964401245117,0.002840315302213033,0.002029528608545661,0.5390373170375824,0.016314214774562668,0.04762629807616273,0.0003,292,108,79.42035864759379,13.34670376777649,5.931442499160767,7.415247201919556,473,0.1586911000267719,137,1.7803121999895666,5.054716983381307,24.0,0.0,7.737226277372263,8,132.5,4.031128883361816,5.896805286407471,6.737170679116389e-06,1.7803121999895666,0.25017940000543604,3.7378368000208866,cpu,cuda:0,0.0,422.359375,59.0,0,0,True,pair
64,1,DDT500_num50.txt,fixed,1026,-4.0,-0.3123257432409419,0.2499999850988388,0.04898979514837265,0.1599999964237213,0.30000001192092896,0.0234624482691288,0.0273995116353035,0.0026619697688147425,0.5268040716648101,0.012323068059049546,0.03367418833076954,0.0003,300,100,82.27355048593397,12.470593452453613,6.008101463317871,6.462472915649414,462,0.15904909992968896,141,1.9816100999814807,5.001949312858879,35.0,0.0,7.276595744680851,8,128.25,12.162956237792969,5.978825569152832,1.1378087947377935e-05,1.9816100999814807,0.24737779995120945,3.6253016999216925,cpu,cuda:0,0.0,424.24658203125,59.0,0,0,True,pair
65,1,DDT500_num50.txt,fixed,1016,-3.92,-0.3042475512918413,0.2549999952316284,0.03968626633286476,0.18000000715255737,0.3199999928474426,-0.016787825152277946,-0.012800248339772224,0.002443338482407853,0.520925298333168,0.01175017494824715,0.0099164032144472,0.0003,298,102,97.01174195036494,10.472959041595459,5.881273031234741,4.591669082641602,465,0.16282569999748375,145,1.872353100006876,5.1023622056630655,40.0,0.0,7.006896551724138,8,127.0,12.50999641418457,5.8460164070129395,9.184532245853916e-06,1.872353100006876,0.24800310002683545,3.6001459999897634,cpu,cuda:0,0.0,351.71044921875,59.0,0,0,True,pair
66,1,DDT500_num50.txt,fixed,1090,-3.6,-0.28596741646406143,0.2750000059604645,0.013228763826191425,0.25999999046325684,0.30000001192092896,-0.020025115460157394,-0.015853302287203924,0.0015891346182408078,0.49663771050316946,0.01615498196666262,0.042754853543426306,0.0003,290,110,69.13236973049545,15.766854286193848,6.033234357833862,9.733606100082397,491,0.16266830000313348,146,1.8002013000041188,4.8990825648701515,24.0,0.0,7.465753424657534,8,136.25,4.918078899383545,6.00400972366333,7.84248550189659e-06,1.8002013000041188,0.2596729000179039,3.812301700058015,cpu,cuda:0,0.0,428.43408203125,59.0,0,0,True,pair
67,1,DDT500_num50.txt,fixed,1087,-3.52,-0.3000220531542976,0.2800000011920929,0.030000006780028343,0.23999999463558197,0.3400000035762787,-0.06754235476255417,-0.06371587365865708,0.002528174058534205,0.5090567409992218,0.01629942033905536,0.03783412259072065,0.0003,288,112,83.02360452196642,13.09266209602356,5.953415870666504,7.139231204986572,470,0.15633609998621978,141,1.7782909000015934,4.918123273314307,33.0,0.0,7.709219858156028,8,135.875,4.106017112731934,5.925494194030762,6.722389116475824e-06,1.7782909000015934,0.26478809992113383,3.7491294000174094,cpu,cuda:0,0.0,415.55419921875,59.0,0,0,True,pair
68,1,DDT500_num50.txt,fixed,1074,-3.64,-0.2960553487054087,0.27250000834465027,0.037332963198423386,0.20000000298023224,0.3400000035762787,-0.10262388097388404,-0.09866497186677796,0.0022735728582899484,0.5095692106655666,0.013165216219411897,0.06287670202021088,0.0003,291,109,72.58366874158874,14.796716928482056,6.008708238601685,8.787993431091309,472,0.15497430000687018,143,1.8019723000070371,4.896648042250834,35.0,0.0,7.510489510489511,8,134.25,8.671072959899902,5.971587657928467,8.845618140185252e-06,1.8019723000070371,0.26402660005624057,3.7737764000121388,cpu,cuda:0,0.0,423.36669921875,59.0,0,0,True,pair
69,1,DDT500_num50.txt,fixed,1041,-3.7600000000000002,-0.3031232985072662,0.26499998569488525,0.038405727595090866,0.18000000715255737,0.3199999928474426,-0.03192701488733292,-0.027852243930101394,0.0022502384148538114,0.5199890017509461,0.011782809509895742,0.04362631542608142,0.0003,294,106,83.91943817821148,12.404754161834717,5.675979852676392,6.728760004043579,458,0.15072790002523107,141,1.706150499987416,5.3996157549987265,42.0,0.0,7.382978723404255,8,130.125,6.253748893737793,5.646228313446045,8.353161319973879e-06,1.706150499987416,0.2512420000603015,3.5619067999505205,cpu,cuda:0,0.0,396.4443359375,59.0,0,0,True,pair
70,1,DDT500_num50.txt,fixed,1067,-3.36,-0.2823752227928572,0.28999999165534973,0.020000005140900612,0.25999999046325684,0.3199999928474426,0.03416997700696811,0.03830079094041139,0.001630124927032739,0.4945875033736229,0.012593398860190064,0.028352447785437107,0.0003,284,116,62.92066454282425,16.957862854003906,6.0010926723480225,10.956754207611084,459,0.15523490003761253,138,1.771418199994514,5.12933458294283,30.0,0.0,7.731884057971015,8,133.375,3.0796711444854736,5.95662784576416,6.633008979406441e-06,1.771418199994514,0.2670377000067674,3.785626900000352,cpu,cuda:0,0.0,390.6376953125,59.0,0,0,True,pair
71,1,DDT500_num50.txt,fixed,1087,-3.0,-0.2767300210588877,0.3125,0.028173571452498436,0.2800000011920929,0.36000001430511475,-0.013659058511257172,-0.009360691905021668,0.0014733327669091522,0.5035031884908676,0.011412087694043293,0.04318779744207859,0.0003,275,125,55.07994149108055,19.734951972961426,5.91444993019104,13.820485353469849,467,0.15005050003674114,140,1.7703698000150325,5.040478380426093,28.0,0.0,7.764285714285714,8,135.875,4.196352481842041,5.884938716888428,6.615847269131336e-06,1.7703698000150325,0.2589248000695079,3.725565599896072,cpu,cuda:0,0.0,400.83056640625,59.0,0,0,True,pair
72,1,DDT500_num50.txt,fixed,1047,-3.84,-0.3054409580330888,0.25999999046325684,0.024494897574186325,0.20000000298023224,0.2800000011920929,-0.02496953122317791,-0.02055816538631916,0.002166028381907381,0.5494375117123127,0.015404567078803666,0.026020010584034026,0.0003,296,104,62.38226234392631,16.78361701965332,5.941836357116699,10.84176778793335,472,0.16115459997672588,143,1.796729099973163,5.128939829901957,28.0,0.0,7.321678321678322,8,130.875,8.8943452835083,5.909994125366211,8.012780199351255e-06,1.796729099973163,0.2580020999776025,3.726273499964009,cpu,cuda:0,0.0,390.6376953125,59.0,0,0,True,pair
73,1,DDT500_num50.txt,fixed,1044,-3.64,-0.30813437671883076,0.27250000834465027,0.029895653948187828,0.20000000298023224,0.30000001192092896,-0.14354120505352816,-0.1396975164922575,0.0025821176338164755,0.5134752492109934,0.010062912289868109,0.031196472545464832,0.0003,291,109,78.85666391286398,13.239210844039917,6.007280349731445,7.231917858123779,459,0.15709959995001554,142,1.8714960000070278,5.123563218847545,32.0,0.0,7.352112676056338,8,130.5,8.68907356262207,5.978888511657715,9.741667781781871e-06,1.8714960000070278,0.26419140002690256,3.709791999976005,cpu,cuda:0,0.0,421.47900390625,59.0,0,0,True,pair
74,1,DDT500_num50.txt,fixed,1087,-3.64,-0.31449967245369215,0.2724999785423279,0.028173571452498436,0.2199999988079071,0.3199999928474426,0.008701824210584163,0.013529714445273082,0.0024130982152807214,0.6034441312154134,0.007347195899152818,0.04622989570101102,0.0003,291,109,41.15461450946972,26.412590980529785,6.070014953613281,20.342561960220337,475,0.1603678999999829,147,1.9331937000097241,5.0220791124486,36.0,0.0,7.394557823129252,8,135.875,6.918046951293945,6.03652286529541,8.459661330562085e-06,1.9331937000097241,0.25572880001345766,3.7160294000714202,cpu,cuda:0,0.0,414.66748046875,58.0,0,0,True,pair
75,1,DDT500_num50.txt,fixed,1069,-3.44,-0.2855601313932174,0.2849999964237213,0.021794499829411507,0.25999999046325684,0.3199999928474426,-0.00411639828234911,0.0012553557753562927,0.0023008607677184045,0.6522187441587448,0.010785998725737045,0.04880899004638195,0.0003,286,114,61.91102855897929,17.266713619232178,5.983304262161255,11.283387422561646,480,0.1566477000087616,138,1.7675537999857625,5.074836298725781,32.0,0.0,7.746376811594203,8,133.625,2.394655466079712,5.9502387046813965,6.711811238346854e-06,1.7675537999857625,0.261146099990583,3.791618700022809,cpu,cuda:0,0.0,366.64208984375,58.0,0,0,True,pair
76,1,DDT500_num50.txt,fixed,1052,-3.72,-0.2864133953015426,0.26750001311302185,0.0386490635573864,0.20000000298023224,0.3199999928474426,-0.07015240151021215,-0.06472647314270337,0.0022834326308738026,0.6567641894022623,0.025521282016092703,0.054434424059258565,0.0003,293,107,57.63030403013969,18.254285097122192,5.894186019897461,12.360085248947144,473,0.15857580002921168,138,1.945536600000196,5.259505712487399,35.0,0.0,7.6231884057971016,8,131.5,7.123903274536133,5.866839408874512,9.097473594010808e-06,1.945536600000196,0.2509941000462277,3.545618500047567,cpu,cuda:0,0.0,377.68896484375,58.0,0,0,True,pair
77,1,DDT500_num50.txt,fixed,1044,-3.68,-0.26979430918081715,0.26999998092651367,0.03464101627469063,0.20000000298023224,0.3199999928474426,-0.00554354287063082,0.0005635692117114862,0.0017132232217894245,0.6963726878166199,0.01016754818950479,0.034794732462614775,0.0003,292,108,47.16417670465756,22.135444164276123,5.923230886459351,16.21220088005066,472,0.16582529992956552,136,1.8303377999764052,5.104406133008642,45.0,0.0,7.676470588235294,8,130.5,4.213074684143066,5.89339542388916,7.375578206847422e-06,1.8303377999764052,0.25780640001175925,3.676028599951678,cpu,cuda:0,0.0,472.70361328125,58.0,0,0,True,pair
78,1,DDT500_num50.txt,fixed,1030,-3.6,-0.28840315967429253,0.2750000059604645,0.03708099573850632,0.20000000298023224,0.3400000035762787,-0.048094236188464694,-0.042977995342678495,0.0020391434017154905,0.6135813461409675,0.009600962448934701,0.036515954261024795,0.0003,290,110,58.6565781909234,17.559837818145752,5.821620464324951,11.738201379776001,452,0.150165500032017,140,1.7036435000045458,5.183495144473696,33.0,0.0,7.357142857142857,8,128.75,5.5845770835876465,5.793376922607422,8.813429303700104e-06,1.7036435000045458,0.2551052000380878,3.708221099972434,cpu,cuda:0,0.0,398.55517578125,58.0,0,0,True,pair
79,1,DDT500_num50.txt,fixed,1066,-3.84,-0.2922815354983834,0.25999999046325684,0.010000001639127731,0.23999999463558197,0.2800000011920929,0.025610311126167126,0.03056487982923334,0.00214584524192932,0.602749144489115,0.01330309358309023,0.03937025442296131,0.0003,296,104,51.18483563716117,20.826480865478516,5.9512248039245605,14.875244140625,489,0.16309760003059637,140,1.8400276999891503,5.049718573885161,76.0,0.0,7.614285714285714,8,133.25,4.4370598793029785,5.928374767303467,6.0785050663980655e-06,1.8400276999891503,0.2583154999774706,3.7001960000598046,cpu,cuda:0,0.0,429.69287109375,58.0,0,0,True,pair
80,1,DDT500_num50.txt,fixed,1030,-3.8000000000000003,-0.2858711299028955,0.26249998807907104,0.027271782979369164,0.2199999988079071,0.30000001192092896,-0.04764704443514347,-0.04231577292084694,0.0020422474946826695,0.6352393925189972,0.010763662552926689,0.042279853112995626,0.0003,295,105,55.02886582684335,18.717449188232422,5.733774185180664,12.9836585521698,460,0.15249389999735286,141,1.710459499998251,5.168932038834951,30.0,0.0,7.304964539007092,8,128.75,8.332916259765625,5.703096389770508,1.0332082638342399e-05,1.710459499998251,0.26042000010056654,3.6052211000023817,cpu,cuda:0,0.0,432.0869140625,58.0,0,0,True,pair
81,1,DDT500_num50.txt,fixed,1022,-3.92,-0.2839373759055383,0.2549999952316284,0.025980764999985695,0.2199999988079071,0.30000001192092896,-0.0681194281205535,-0.0623060317710042,0.0012418173428159207,0.643430769443512,0.00910055658314377,0.04201754741370678,0.0003,298,102,55.175075971331886,18.52285623550415,5.651937484741211,12.870904922485352,479,0.15794150000510854,136,1.6628573999878427,5.314090019569472,48.0,0.0,7.514705882352941,8,127.75,5.804093360900879,5.614374160766602,6.590020802832441e-06,1.6628573999878427,0.2578406000502582,3.5680527999465994,cpu,cuda:0,0.0,412.75830078125,58.0,0,0,True,pair
82,1,DDT500_num50.txt,fixed,985,-4.04,-0.2950715335419381,0.2475000023841858,0.031523797661066055,0.18000000715255737,0.2800000011920929,-0.0948022071804319,-0.08923487152372088,0.002266481568637703,0.6700574500220162,0.008315444499852933,0.027030868056629385,0.0003,301,99,67.96073420941941,14.493663311004639,5.437897682189941,9.055750131607056,463,0.1515590999588312,133,1.630043699999078,5.177664971230599,32.0,0.0,7.406015037593985,8,123.125,6.273705005645752,5.409551620483398,7.450342309311964e-06,1.630043699999078,0.24392829995485954,3.416473000026599,cpu,cuda:0,0.0,369.61328125,58.0,0,0,True,pair
83,1,DDT500_num50.txt,fixed,949,-4.5600000000000005,-0.2964783981246874,0.2150000035762787,0.04213074594736099,0.14000000059604645,0.2800000011920929,-0.04424780470629533,-0.03886521359284719,0.002775404144388934,0.6770293831825256,0.010289750372370085,0.046284403651952744,0.0003,314,86,40.962483606853965,23.167540550231934,5.331276178359985,17.836251258850098,452,0.14897419996850658,136,1.5966597000115144,5.441517385969172,35.0,0.0,6.977941176470588,8,118.625,10.135796546936035,5.305251121520996,9.215425961883739e-06,1.5966597000115144,0.24690210001790547,3.342670499940141,cpu,cuda:0,0.0,384.556640625,58.0,0,0,True,pair
84,1,DDT500_num50.txt,fixed,1027,-3.68,-0.27232930475800987,0.27000001072883606,0.033166252076625824,0.23999999463558197,0.3400000035762787,-0.03423137813806534,-0.02915325959523519,0.002211504802107811,0.6183872560660044,0.010638709839743873,0.07028654968986908,0.0003,292,108,40.164626221761985,25.569763660430908,5.6952104568481445,19.874537706375122,464,0.15635479998309165,141,1.6953802999814798,5.398247321369353,35.0,0.0,7.283687943262412,8,128.375,7.347405910491943,5.665517330169678,8.612819328845944e-06,1.6953802999814798,0.2547707999110571,3.589648900047905,cpu,cuda:0,0.0,423.36669921875,58.0,0,0,True,pair
85,1,DDT500_num50.txt,fixed,1004,-4.32,-0.330338658975478,0.22999998927116394,0.03872983157634735,0.18000000715255737,0.2800000011920929,-0.05960219800472259,-0.05497618764638901,0.003478204715065658,0.6365113079547882,0.02220870287856087,0.02604347630403936,0.0003,308,92,54.2122102802031,18.519813060760498,5.6685967445373535,12.851201295852661,459,0.15708370000720606,141,1.7172830000017711,5.265936252130455,33.0,0.0,7.120567375886525,8,125.5,8.874119758605957,5.640869617462158,1.0251998901367188e-05,1.7172830000017711,0.2532828999501362,3.5446743999564205,cpu,cuda:0,0.0,380.361328125,58.0,0,0,True,pair
86,1,DDT500_num50.txt,fixed,1035,-3.84,-0.3264820324438929,0.25999999046325684,0.020000001415610313,0.2199999988079071,0.2800000011920929,-0.07851069527012962,-0.07324242378984179,0.0014088426833041012,0.5972692625863212,0.014844707063665348,0.04562141772891794,0.0003,296,104,71.07147663420673,14.562804222106934,5.967627048492432,8.59515929222107,465,0.15919630003918428,142,1.891156800014869,5.1845410623412205,30.0,0.0,7.288732394366197,8,129.375,7.920503616333008,5.9370551109313965,9.608002073946409e-06,1.891156800014869,0.2620813000066846,3.652848800040374,cpu,cuda:0,0.0,467.9541015625,59.0,0,0,True,pair
87,1,DDT500_num50.txt,fixed,1020,-3.6,-0.31505704886022884,0.2750000059604645,0.02397916279733181,0.2199999988079071,0.30000001192092896,-0.03459064045455307,-0.029469821113161744,0.0013340836623683572,0.5787861853837967,0.01268119930755347,0.04977230923250318,0.0003,290,110,57.32170716396652,17.79430603981018,4.7383506298065186,13.055940628051758,453,0.14304919994901866,138,1.527302199989208,5.383333335203283,30.0,0.0,7.391304347826087,8,127.5,6.538348197937012,4.714250087738037,6.35285960015608e-06,1.527302199989208,0.20291649999126093,2.8807251000398537,cpu,cuda:0,0.0,412.75830078125,59.0,0,0,True,pair
88,1,DDT500_num50.txt,fixed,1031,-3.72,-0.31388130662604635,0.26749998331069946,0.02633913792669773,0.23999999463558197,0.3199999928474426,-0.018739352128110252,-0.013660546866818689,0.0017568572254206699,0.5957234043341416,0.01204437701156936,0.07534865071423925,0.0003,293,107,48.91347656423866,21.078035593032837,4.663405418395996,16.414618015289307,457,0.13317550004649092,137,1.4746577000078105,5.243452955055422,32.0,0.0,7.525547445255475,8,128.875,5.644411087036133,4.626194000244141,5.778884769824799e-06,1.4746577000078105,0.1999820999953954,2.8497199000339606,cpu,cuda:0,0.0,395.32568359375,60.0,0,0,True,pair
89,1,DDT500_num50.txt,fixed,1033,-3.72,-0.3261077395209799,0.26749998331069946,0.028173569589853287,0.2199999988079071,0.3199999928474426,-0.019271991614784514,-0.014479789616806167,0.001242349689294185,0.541337536914008,0.019791005096132203,0.027210320878241743,0.0003,293,107,77.62925104220024,13.30683970451355,4.732079982757568,8.574745655059814,461,0.1420746999574476,140,1.5015102999750525,5.53146176139706,48.0,0.0,7.378571428571429,8,129.125,4.64858865737915,4.706364631652832,7.473196092178114e-06,1.5015102999750525,0.2061993999450351,2.892653899958532,cpu,cuda:0,0.0,469.876953125,60.0,0,0,True,pair
90,1,DDT500_num50.txt,fixed,1052,-3.64,-0.3147446057644629,0.2724999785423279,0.03733295947313309,0.20000000298023224,0.3199999928474426,-0.06519261958698432,-0.06131785325706005,0.001663473357136051,0.47064957618713377,0.011332585429772734,0.05395431686192751,0.0003,291,109,40.986235424560554,25.66715359687805,5.896975994110107,19.770161390304565,463,0.15540680002959562,137,1.7689112000007299,5.192965775388275,48.0,0.0,7.678832116788321,8,131.5,5.291502475738525,5.869783401489258,7.114707841537893e-06,1.7689112000007299,0.26018940001085866,3.7108855999649677,cpu,cuda:0,0.0,385.6923828125,59.0,0,0,True,pair
91,1,DDT500_num50.txt,fixed,991,-4.08,-0.32359103471579603,0.24500000476837158,0.034278277307748795,0.20000000298023224,0.30000001192092896,-0.08488440923392773,-0.08100026994943618,0.0022163326328154655,0.4992308259010315,0.011449375799566041,0.03736637849360704,0.0003,302,98,54.993262492086345,18.020389318466187,5.69054388999939,12.329829454421997,452,0.15550939998865942,136,1.789840199999162,5.359233099324431,42.0,0.0,7.286764705882353,8,123.875,8.343223571777344,5.663935661315918,8.281400369014591e-06,1.789840199999162,0.24715449995710514,3.50465849999091,cpu,cuda:0,0.0,402.03955078125,59.0,0,0,True,pair
92,1,DDT500_num50.txt,fixed,1059,-3.44,-0.2868549870568892,0.2849999964237213,0.019364919513463974,0.25999999046325684,0.3199999928474426,-0.0112860682937834,-0.007552537653181288,0.0016407732360271944,0.4553915063540141,0.014188658830890846,0.03056504639486472,0.0003,286,114,60.14773439934806,17.606648206710815,5.9371113777160645,11.66952133178711,475,0.16148260002955794,137,1.7478945000111707,5.222851743779169,36.0,0.0,7.7299270072992705,8,132.375,4.2407989501953125,5.909883499145508,7.827975423424505e-06,1.7478945000111707,0.26647579997734283,3.763993699947605,cpu,cuda:0,0.0,407.53857421875,59.0,0,0,True,pair
93,1,DDT500_num50.txt,fixed,1043,-3.44,-0.2944447313772722,0.2849999964237213,0.031224990263581276,0.2199999988079071,0.3199999928474426,-0.07595143568786708,-0.07247900725765662,0.0019628896631977773,0.44538767500357196,0.01104935503495984,0.03132301094857129,0.0003,286,114,50.943052349888035,20.473841905593872,5.888461351394653,14.585366249084473,465,0.2733618999736791,146,1.7321949999895878,5.3154362429822735,35.0,0.0,7.1438356164383565,8,130.375,7.728801727294922,5.860563278198242,7.050501608318882e-06,1.7321949999895878,0.2593413000286091,3.7397969999983616,cpu,cuda:0,0.0,383.544921875,59.0,0,0,True,pair
94,1,DDT500_num50.txt,fixed,1016,-3.8000000000000003,-0.2921640673220683,0.26249998807907104,0.04054318368434906,0.20000000298023224,0.3199999928474426,0.06903328001499176,0.07277753949165344,0.0018249906424898654,0.46567609161138535,0.008592874652094906,0.018132098484784365,0.0003,295,105,86.58648052112818,11.733933448791504,6.037736892700195,5.696171998977661,457,0.1630730999931984,139,1.9246009999988019,5.3129921292695474,30.0,0.0,7.309352517985611,8,127.0,9.110433578491211,6.009424209594727,1.1206941053387709e-05,1.9246009999988019,0.2637826000463974,3.690270799987047,cpu,cuda:0,0.0,385.6904296875,59.0,0,0,True,pair
95,1,DDT500_num50.txt,fixed,1065,-3.24,-0.285369226434952,0.29749998450279236,0.03072052076458931,0.25999999046325684,0.36000001430511475,-0.04796547442674637,-0.04470022767782211,0.0017520673281978816,0.4141279011964798,0.010505661542993039,0.03291708277538419,0.0003,281,119,113.44148553409143,9.388099908828735,4.810075759887695,4.5780110359191895,471,0.1386264999418927,139,1.5446273000052315,5.106103289071383,33.0,0.0,7.661870503597123,8,133.125,6.233728885650635,4.783504962921143,8.494864232488908e-06,1.5446273000052315,0.2043681000759534,2.928974000031303,cpu,cuda:0,0.0,438.18505859375,60.0,0,0,True,pair
